Copyright 1986-2022 Xilinx, Inc. All Rights Reserved. Copyright 2022-2026 Advanced Micro Devices, Inc. All Rights Reserved.
---------------------------------------------------------------------------------------------------------------------------------------------
| Tool Version : Vivado v.2026.1 (win64) Build 6511674 Tue Jun 16 11:02:23 MDT 2026
| Date         : Thu Sep 10 19:02:56 2026
| Host         : ANBU-PC running 64-bit major release  (build 9200)
| Command      : report_timing_summary -max_paths 10 -report_unconstrained -file reports/experimental/post_route_timing.rpt
| Design       : exp_dsp_eval_top
| Device       : 7z010-clg400
| Speed File   : -1  PRODUCTION 1.12 2019-11-22
| Design State : Routed
---------------------------------------------------------------------------------------------------------------------------------------------

Timing Summary Report

------------------------------------------------------------------------------------------------
| Timer Settings
| --------------
------------------------------------------------------------------------------------------------

  Enable Multi Corner Analysis               :  Yes
  Enable Pessimism Removal                   :  Yes
  Pessimism Removal Resolution               :  Nearest Common Node
  Enable Input Delay Default Clock           :  No
  Enable Preset / Clear Arcs                 :  No
  Disable Flight Delays                      :  No
  Ignore I/O Paths                           :  No
  Timing Early Launch at Borrowing Latches   :  No
  Borrow Time for Max Delay Exceptions       :  Yes
  Merge Timing Exceptions                    :  Yes
  Inter-SLR Compensation                     :  Conservative

  Corner  Analyze    Analyze    
  Name    Max Paths  Min Paths  
  ------  ---------  ---------  
  Slow    Yes        Yes        
  Fast    Yes        Yes        


------------------------------------------------------------------------------------------------
| Report Methodology
| ------------------
------------------------------------------------------------------------------------------------

No report available as report_methodology has not been run prior. Run report_methodology on the current design for the summary of methodology violations.



check_timing report

Table of Contents
-----------------
1. checking no_clock (0)
2. checking constant_clock (0)
3. checking pulse_width_clock (0)
4. checking unconstrained_internal_endpoints (0)
5. checking no_input_delay (134)
6. checking no_output_delay (258)
7. checking multiple_clock (0)
8. checking generated_clocks (0)
9. checking loops (0)
10. checking partial_input_delay (0)
11. checking partial_output_delay (0)
12. checking latch_loops (0)

1. checking no_clock (0)
------------------------
 There are 0 register/latch pins with no clock.


2. checking constant_clock (0)
------------------------------
 There are 0 register/latch pins with constant_clock.


3. checking pulse_width_clock (0)
---------------------------------
 There are 0 register/latch pins which need pulse_width check


4. checking unconstrained_internal_endpoints (0)
------------------------------------------------
 There are 0 pins that are not constrained for maximum delay.

 There are 0 pins that are not constrained for maximum delay due to constant clock.


5. checking no_input_delay (134)
--------------------------------
 There are 134 input ports with no input delay specified. (HIGH)

 There are 0 input ports with no input delay but user has a false path constraint.


6. checking no_output_delay (258)
---------------------------------
 There are 258 ports with no output delay specified. (HIGH)

 There are 0 ports with no output delay but user has a false path constraint

 There are 0 ports with no output delay but with a timing clock defined on it or propagating through it


7. checking multiple_clock (0)
------------------------------
 There are 0 register/latch pins with multiple clocks.


8. checking generated_clocks (0)
--------------------------------
 There are 0 generated clocks that are not connected to a clock source.


9. checking loops (0)
---------------------
 There are 0 combinational loops in the design.


10. checking partial_input_delay (0)
------------------------------------
 There are 0 input ports with partial input delay specified.


11. checking partial_output_delay (0)
-------------------------------------
 There are 0 ports with partial output delay specified.


12. checking latch_loops (0)
----------------------------
 There are 0 combinational latch loops in the design through latch input



------------------------------------------------------------------------------------------------
| Design Timing Summary
| ---------------------
------------------------------------------------------------------------------------------------

    WNS(ns)      TNS(ns)  TNS Failing Endpoints  TNS Total Endpoints      WHS(ns)      THS(ns)  THS Failing Endpoints  THS Total Endpoints     WPWS(ns)     TPWS(ns)  TPWS Failing Endpoints  TPWS Total Endpoints  
    -------      -------  ---------------------  -------------------      -------      -------  ---------------------  -------------------     --------     --------  ----------------------  --------------------  
        inf        0.000                      0                  651          inf        0.000                      0                  651        4.500        0.000                       0                    69  


All user specified timing constraints are met.


------------------------------------------------------------------------------------------------
| Clock Summary
| -------------
------------------------------------------------------------------------------------------------

Clock  Waveform(ns)       Period(ns)      Frequency(MHz)
-----  ------------       ----------      --------------
clk    {0.000 5.000}      10.000          100.000         


------------------------------------------------------------------------------------------------
| Intra Clock Table
| -----------------
------------------------------------------------------------------------------------------------

Clock             WNS(ns)      TNS(ns)  TNS Failing Endpoints  TNS Total Endpoints      WHS(ns)      THS(ns)  THS Failing Endpoints  THS Total Endpoints     WPWS(ns)     TPWS(ns)  TPWS Failing Endpoints  TPWS Total Endpoints  
-----             -------      -------  ---------------------  -------------------      -------      -------  ---------------------  -------------------     --------     --------  ----------------------  --------------------  
clk                                                                                                                                                             4.500        0.000                       0                    69  


------------------------------------------------------------------------------------------------
| Inter Clock Table
| -----------------
------------------------------------------------------------------------------------------------

From Clock    To Clock          WNS(ns)      TNS(ns)  TNS Failing Endpoints  TNS Total Endpoints      WHS(ns)      THS(ns)  THS Failing Endpoints  THS Total Endpoints  
----------    --------          -------      -------  ---------------------  -------------------      -------      -------  ---------------------  -------------------  


------------------------------------------------------------------------------------------------
| Other Path Groups Table
| -----------------------
------------------------------------------------------------------------------------------------

Path Group    From Clock    To Clock          WNS(ns)      TNS(ns)  TNS Failing Endpoints  TNS Total Endpoints      WHS(ns)      THS(ns)  THS Failing Endpoints  THS Total Endpoints  
----------    ----------    --------          -------      -------  ---------------------  -------------------      -------      -------  ---------------------  -------------------  


------------------------------------------------------------------------------------------------
| User Ignored Path Table
| -----------------------
------------------------------------------------------------------------------------------------

Path Group    From Clock    To Clock    
----------    ----------    --------    


------------------------------------------------------------------------------------------------
| Unconstrained Path Table
| ------------------------
------------------------------------------------------------------------------------------------

Path Group    From Clock    To Clock    
----------    ----------    --------    
(none)        clk                         
(none)                      clk           


------------------------------------------------------------------------------------------------
| Timing Details
| --------------
------------------------------------------------------------------------------------------------


---------------------------------------------------------------------------------------------------
From Clock:  clk
  To Clock:  clk

Setup :           NA  Failing Endpoints,  Worst Slack           NA  ,  Total Violation           NA
Hold  :           NA  Failing Endpoints,  Worst Slack           NA  ,  Total Violation           NA
PW    :            0  Failing Endpoints,  Worst Slack        4.500ns,  Total Violation        0.000ns
---------------------------------------------------------------------------------------------------


Pulse Width Checks
--------------------------------------------------------------------------------------
Clock Name:         clk
Waveform(ns):       { 0.000 5.000 }
Period(ns):         10.000
Sources:            { clk }

Check Type        Corner  Lib Pin      Reference Pin  Required(ns)  Actual(ns)  Slack(ns)  Location     Pin
Min Period        n/a     DSP48E1/CLK  n/a            2.154         10.000      7.846      DSP48_X0Y18  dsp_acc_out_reg[0]/CLK
Min Period        n/a     DSP48E1/CLK  n/a            2.154         10.000      7.846      DSP48_X0Y20  dsp_acc_out_reg[1]/CLK
Min Period        n/a     DSP48E1/CLK  n/a            2.154         10.000      7.846      DSP48_X0Y16  dsp_acc_out_reg[2]/CLK
Min Period        n/a     DSP48E1/CLK  n/a            2.154         10.000      7.846      DSP48_X0Y14  dsp_acc_out_reg[3]/CLK
Min Period        n/a     FDRE/C       n/a            1.000         10.000      9.000      SLICE_X4Y51  lut_acc_out_reg[0][0]/C
Min Period        n/a     FDRE/C       n/a            1.000         10.000      9.000      SLICE_X2Y51  lut_acc_out_reg[0][10]/C
Min Period        n/a     FDRE/C       n/a            1.000         10.000      9.000      SLICE_X2Y52  lut_acc_out_reg[0][11]/C
Min Period        n/a     FDRE/C       n/a            1.000         10.000      9.000      SLICE_X2Y52  lut_acc_out_reg[0][12]/C
Min Period        n/a     FDRE/C       n/a            1.000         10.000      9.000      SLICE_X2Y52  lut_acc_out_reg[0][13]/C
Min Period        n/a     FDRE/C       n/a            1.000         10.000      9.000      SLICE_X2Y52  lut_acc_out_reg[0][14]/C
Low Pulse Width   Slow    FDRE/C       n/a            0.500         5.000       4.500      SLICE_X4Y51  lut_acc_out_reg[0][0]/C
Low Pulse Width   Fast    FDRE/C       n/a            0.500         5.000       4.500      SLICE_X4Y51  lut_acc_out_reg[0][0]/C
Low Pulse Width   Slow    FDRE/C       n/a            0.500         5.000       4.500      SLICE_X2Y51  lut_acc_out_reg[0][10]/C
Low Pulse Width   Fast    FDRE/C       n/a            0.500         5.000       4.500      SLICE_X2Y51  lut_acc_out_reg[0][10]/C
Low Pulse Width   Slow    FDRE/C       n/a            0.500         5.000       4.500      SLICE_X2Y52  lut_acc_out_reg[0][11]/C
Low Pulse Width   Fast    FDRE/C       n/a            0.500         5.000       4.500      SLICE_X2Y52  lut_acc_out_reg[0][11]/C
Low Pulse Width   Slow    FDRE/C       n/a            0.500         5.000       4.500      SLICE_X2Y52  lut_acc_out_reg[0][12]/C
Low Pulse Width   Fast    FDRE/C       n/a            0.500         5.000       4.500      SLICE_X2Y52  lut_acc_out_reg[0][12]/C
Low Pulse Width   Slow    FDRE/C       n/a            0.500         5.000       4.500      SLICE_X2Y52  lut_acc_out_reg[0][13]/C
Low Pulse Width   Fast    FDRE/C       n/a            0.500         5.000       4.500      SLICE_X2Y52  lut_acc_out_reg[0][13]/C
High Pulse Width  Slow    FDRE/C       n/a            0.500         5.000       4.500      SLICE_X4Y51  lut_acc_out_reg[0][0]/C
High Pulse Width  Fast    FDRE/C       n/a            0.500         5.000       4.500      SLICE_X4Y51  lut_acc_out_reg[0][0]/C
High Pulse Width  Slow    FDRE/C       n/a            0.500         5.000       4.500      SLICE_X2Y51  lut_acc_out_reg[0][10]/C
High Pulse Width  Fast    FDRE/C       n/a            0.500         5.000       4.500      SLICE_X2Y51  lut_acc_out_reg[0][10]/C
High Pulse Width  Slow    FDRE/C       n/a            0.500         5.000       4.500      SLICE_X2Y52  lut_acc_out_reg[0][11]/C
High Pulse Width  Fast    FDRE/C       n/a            0.500         5.000       4.500      SLICE_X2Y52  lut_acc_out_reg[0][11]/C
High Pulse Width  Slow    FDRE/C       n/a            0.500         5.000       4.500      SLICE_X2Y52  lut_acc_out_reg[0][12]/C
High Pulse Width  Fast    FDRE/C       n/a            0.500         5.000       4.500      SLICE_X2Y52  lut_acc_out_reg[0][12]/C
High Pulse Width  Slow    FDRE/C       n/a            0.500         5.000       4.500      SLICE_X2Y52  lut_acc_out_reg[0][13]/C
High Pulse Width  Fast    FDRE/C       n/a            0.500         5.000       4.500      SLICE_X2Y52  lut_acc_out_reg[0][13]/C



--------------------------------------------------------------------------------------
Path Group:  (none)
From Clock:  clk
  To Clock:  

Max Delay           258 Endpoints
Min Delay           258 Endpoints
--------------------------------------------------------------------------------------


Max Delay Paths
--------------------------------------------------------------------------------------
Slack:                    inf
  Source:                 lut_acc_out_reg[0][0]/C
                            (rising edge-triggered cell FDRE clocked by clk  {rise@0.000ns fall@5.000ns period=10.000ns})
  Destination:            lut_acc_out[0][0]
                            (output port)
  Path Group:             (none)
  Path Type:              Max at Slow Process Corner
  Data Path Delay:        1.491ns  (logic 0.518ns (34.742%)  route 0.973ns (65.258%))
  Logic Levels:           0  
  Clock Uncertainty:      0.225ns  ((TSJ^2 + TIJ^2)^1/2 + DJ) / 2 + PE + UU
    Total System Jitter     (TSJ):    0.050ns
    Total Input Jitter      (TIJ):    0.000ns
    Discrete Jitter          (DJ):    0.000ns
    Phase Error              (PE):    0.000ns
    User Uncertainty         (UU):    0.200ns

    Location             Delay type                Incr(ns)  Path(ns)    Netlist Resource(s)
  -------------------------------------------------------------------    -------------------
                         (clock clk rise edge)        0.000     0.000 r  <hidden>
                                                      0.000     0.000 r  clk
                         net (fo=68, unset)           0.973     0.973    clk
    SLICE_X4Y51          FDRE                                         r  lut_acc_out_reg[0][0]/C
  -------------------------------------------------------------------    -------------------
    SLICE_X4Y51          FDRE (Prop_fdre_C_Q)         0.518     1.491 r  lut_acc_out_reg[0][0]/Q
                         net (fo=0)                   0.973     2.464    lut_acc_out[0][0]
                                                                      r  lut_acc_out[0][0]
  -------------------------------------------------------------------    -------------------

Slack:                    inf
  Source:                 lut_acc_out_reg[0][1]/C
                            (rising edge-triggered cell FDRE clocked by clk  {rise@0.000ns fall@5.000ns period=10.000ns})
  Destination:            lut_acc_out[0][1]
                            (output port)
  Path Group:             (none)
  Path Type:              Max at Slow Process Corner
  Data Path Delay:        1.491ns  (logic 0.518ns (34.742%)  route 0.973ns (65.258%))
  Logic Levels:           0  
  Clock Uncertainty:      0.225ns  ((TSJ^2 + TIJ^2)^1/2 + DJ) / 2 + PE + UU
    Total System Jitter     (TSJ):    0.050ns
    Total Input Jitter      (TIJ):    0.000ns
    Discrete Jitter          (DJ):    0.000ns
    Phase Error              (PE):    0.000ns
    User Uncertainty         (UU):    0.200ns

    Location             Delay type                Incr(ns)  Path(ns)    Netlist Resource(s)
  -------------------------------------------------------------------    -------------------
                         (clock clk rise edge)        0.000     0.000 r  <hidden>
                                                      0.000     0.000 r  clk
                         net (fo=68, unset)           0.973     0.973    clk
    SLICE_X4Y51          FDRE                                         r  lut_acc_out_reg[0][1]/C
  -------------------------------------------------------------------    -------------------
    SLICE_X4Y51          FDRE (Prop_fdre_C_Q)         0.518     1.491 r  lut_acc_out_reg[0][1]/Q
                         net (fo=0)                   0.973     2.464    lut_acc_out[0][1]
                                                                      r  lut_acc_out[0][1]
  -------------------------------------------------------------------    -------------------

Slack:                    inf
  Source:                 lut_acc_out_reg[0][2]/C
                            (rising edge-triggered cell FDRE clocked by clk  {rise@0.000ns fall@5.000ns period=10.000ns})
  Destination:            lut_acc_out[0][2]
                            (output port)
  Path Group:             (none)
  Path Type:              Max at Slow Process Corner
  Data Path Delay:        1.491ns  (logic 0.518ns (34.742%)  route 0.973ns (65.258%))
  Logic Levels:           0  
  Clock Uncertainty:      0.225ns  ((TSJ^2 + TIJ^2)^1/2 + DJ) / 2 + PE + UU
    Total System Jitter     (TSJ):    0.050ns
    Total Input Jitter      (TIJ):    0.000ns
    Discrete Jitter          (DJ):    0.000ns
    Phase Error              (PE):    0.000ns
    User Uncertainty         (UU):    0.200ns

    Location             Delay type                Incr(ns)  Path(ns)    Netlist Resource(s)
  -------------------------------------------------------------------    -------------------
                         (clock clk rise edge)        0.000     0.000 r  <hidden>
                                                      0.000     0.000 r  clk
                         net (fo=68, unset)           0.973     0.973    clk
    SLICE_X4Y51          FDRE                                         r  lut_acc_out_reg[0][2]/C
  -------------------------------------------------------------------    -------------------
    SLICE_X4Y51          FDRE (Prop_fdre_C_Q)         0.518     1.491 r  lut_acc_out_reg[0][2]/Q
                         net (fo=0)                   0.973     2.464    lut_acc_out[0][2]
                                                                      r  lut_acc_out[0][2]
  -------------------------------------------------------------------    -------------------

Slack:                    inf
  Source:                 lut_acc_out_reg[1][10]/C
                            (rising edge-triggered cell FDRE clocked by clk  {rise@0.000ns fall@5.000ns period=10.000ns})
  Destination:            lut_acc_out[1][10]
                            (output port)
  Path Group:             (none)
  Path Type:              Max at Slow Process Corner
  Data Path Delay:        1.491ns  (logic 0.518ns (34.742%)  route 0.973ns (65.258%))
  Logic Levels:           0  
  Clock Uncertainty:      0.225ns  ((TSJ^2 + TIJ^2)^1/2 + DJ) / 2 + PE + UU
    Total System Jitter     (TSJ):    0.050ns
    Total Input Jitter      (TIJ):    0.000ns
    Discrete Jitter          (DJ):    0.000ns
    Phase Error              (PE):    0.000ns
    User Uncertainty         (UU):    0.200ns

    Location             Delay type                Incr(ns)  Path(ns)    Netlist Resource(s)
  -------------------------------------------------------------------    -------------------
                         (clock clk rise edge)        0.000     0.000 r  <hidden>
                                                      0.000     0.000 r  clk
                         net (fo=68, unset)           0.973     0.973    clk
    SLICE_X16Y51         FDRE                                         r  lut_acc_out_reg[1][10]/C
  -------------------------------------------------------------------    -------------------
    SLICE_X16Y51         FDRE (Prop_fdre_C_Q)         0.518     1.491 r  lut_acc_out_reg[1][10]/Q
                         net (fo=0)                   0.973     2.464    lut_acc_out[1][10]
                                                                      r  lut_acc_out[1][10]
  -------------------------------------------------------------------    -------------------

Slack:                    inf
  Source:                 lut_acc_out_reg[1][11]/C
                            (rising edge-triggered cell FDRE clocked by clk  {rise@0.000ns fall@5.000ns period=10.000ns})
  Destination:            lut_acc_out[1][11]
                            (output port)
  Path Group:             (none)
  Path Type:              Max at Slow Process Corner
  Data Path Delay:        1.491ns  (logic 0.518ns (34.742%)  route 0.973ns (65.258%))
  Logic Levels:           0  
  Clock Uncertainty:      0.225ns  ((TSJ^2 + TIJ^2)^1/2 + DJ) / 2 + PE + UU
    Total System Jitter     (TSJ):    0.050ns
    Total Input Jitter      (TIJ):    0.000ns
    Discrete Jitter          (DJ):    0.000ns
    Phase Error              (PE):    0.000ns
    User Uncertainty         (UU):    0.200ns

    Location             Delay type                Incr(ns)  Path(ns)    Netlist Resource(s)
  -------------------------------------------------------------------    -------------------
                         (clock clk rise edge)        0.000     0.000 r  <hidden>
                                                      0.000     0.000 r  clk
                         net (fo=68, unset)           0.973     0.973    clk
    SLICE_X16Y52         FDRE                                         r  lut_acc_out_reg[1][11]/C
  -------------------------------------------------------------------    -------------------
    SLICE_X16Y52         FDRE (Prop_fdre_C_Q)         0.518     1.491 r  lut_acc_out_reg[1][11]/Q
                         net (fo=0)                   0.973     2.464    lut_acc_out[1][11]
                                                                      r  lut_acc_out[1][11]
  -------------------------------------------------------------------    -------------------

Slack:                    inf
  Source:                 lut_acc_out_reg[1][12]/C
                            (rising edge-triggered cell FDRE clocked by clk  {rise@0.000ns fall@5.000ns period=10.000ns})
  Destination:            lut_acc_out[1][12]
                            (output port)
  Path Group:             (none)
  Path Type:              Max at Slow Process Corner
  Data Path Delay:        1.491ns  (logic 0.518ns (34.742%)  route 0.973ns (65.258%))
  Logic Levels:           0  
  Clock Uncertainty:      0.225ns  ((TSJ^2 + TIJ^2)^1/2 + DJ) / 2 + PE + UU
    Total System Jitter     (TSJ):    0.050ns
    Total Input Jitter      (TIJ):    0.000ns
    Discrete Jitter          (DJ):    0.000ns
    Phase Error              (PE):    0.000ns
    User Uncertainty         (UU):    0.200ns

    Location             Delay type                Incr(ns)  Path(ns)    Netlist Resource(s)
  -------------------------------------------------------------------    -------------------
                         (clock clk rise edge)        0.000     0.000 r  <hidden>
                                                      0.000     0.000 r  clk
                         net (fo=68, unset)           0.973     0.973    clk
    SLICE_X16Y52         FDRE                                         r  lut_acc_out_reg[1][12]/C
  -------------------------------------------------------------------    -------------------
    SLICE_X16Y52         FDRE (Prop_fdre_C_Q)         0.518     1.491 r  lut_acc_out_reg[1][12]/Q
                         net (fo=0)                   0.973     2.464    lut_acc_out[1][12]
                                                                      r  lut_acc_out[1][12]
  -------------------------------------------------------------------    -------------------

Slack:                    inf
  Source:                 lut_acc_out_reg[1][13]/C
                            (rising edge-triggered cell FDRE clocked by clk  {rise@0.000ns fall@5.000ns period=10.000ns})
  Destination:            lut_acc_out[1][13]
                            (output port)
  Path Group:             (none)
  Path Type:              Max at Slow Process Corner
  Data Path Delay:        1.491ns  (logic 0.518ns (34.742%)  route 0.973ns (65.258%))
  Logic Levels:           0  
  Clock Uncertainty:      0.225ns  ((TSJ^2 + TIJ^2)^1/2 + DJ) / 2 + PE + UU
    Total System Jitter     (TSJ):    0.050ns
    Total Input Jitter      (TIJ):    0.000ns
    Discrete Jitter          (DJ):    0.000ns
    Phase Error              (PE):    0.000ns
    User Uncertainty         (UU):    0.200ns

    Location             Delay type                Incr(ns)  Path(ns)    Netlist Resource(s)
  -------------------------------------------------------------------    -------------------
                         (clock clk rise edge)        0.000     0.000 r  <hidden>
                                                      0.000     0.000 r  clk
                         net (fo=68, unset)           0.973     0.973    clk
    SLICE_X16Y52         FDRE                                         r  lut_acc_out_reg[1][13]/C
  -------------------------------------------------------------------    -------------------
    SLICE_X16Y52         FDRE (Prop_fdre_C_Q)         0.518     1.491 r  lut_acc_out_reg[1][13]/Q
                         net (fo=0)                   0.973     2.464    lut_acc_out[1][13]
                                                                      r  lut_acc_out[1][13]
  -------------------------------------------------------------------    -------------------

Slack:                    inf
  Source:                 lut_acc_out_reg[1][14]/C
                            (rising edge-triggered cell FDRE clocked by clk  {rise@0.000ns fall@5.000ns period=10.000ns})
  Destination:            lut_acc_out[1][14]
                            (output port)
  Path Group:             (none)
  Path Type:              Max at Slow Process Corner
  Data Path Delay:        1.491ns  (logic 0.518ns (34.742%)  route 0.973ns (65.258%))
  Logic Levels:           0  
  Clock Uncertainty:      0.225ns  ((TSJ^2 + TIJ^2)^1/2 + DJ) / 2 + PE + UU
    Total System Jitter     (TSJ):    0.050ns
    Total Input Jitter      (TIJ):    0.000ns
    Discrete Jitter          (DJ):    0.000ns
    Phase Error              (PE):    0.000ns
    User Uncertainty         (UU):    0.200ns

    Location             Delay type                Incr(ns)  Path(ns)    Netlist Resource(s)
  -------------------------------------------------------------------    -------------------
                         (clock clk rise edge)        0.000     0.000 r  <hidden>
                                                      0.000     0.000 r  clk
                         net (fo=68, unset)           0.973     0.973    clk
    SLICE_X16Y52         FDRE                                         r  lut_acc_out_reg[1][14]/C
  -------------------------------------------------------------------    -------------------
    SLICE_X16Y52         FDRE (Prop_fdre_C_Q)         0.518     1.491 r  lut_acc_out_reg[1][14]/Q
                         net (fo=0)                   0.973     2.464    lut_acc_out[1][14]
                                                                      r  lut_acc_out[1][14]
  -------------------------------------------------------------------    -------------------

Slack:                    inf
  Source:                 lut_acc_out_reg[1][31]/C
                            (rising edge-triggered cell FDRE clocked by clk  {rise@0.000ns fall@5.000ns period=10.000ns})
  Destination:            lut_acc_out[1][15]
                            (output port)
  Path Group:             (none)
  Path Type:              Max at Slow Process Corner
  Data Path Delay:        1.491ns  (logic 0.518ns (34.742%)  route 0.973ns (65.258%))
  Logic Levels:           0  
  Clock Uncertainty:      0.225ns  ((TSJ^2 + TIJ^2)^1/2 + DJ) / 2 + PE + UU
    Total System Jitter     (TSJ):    0.050ns
    Total Input Jitter      (TIJ):    0.000ns
    Discrete Jitter          (DJ):    0.000ns
    Phase Error              (PE):    0.000ns
    User Uncertainty         (UU):    0.200ns

    Location             Delay type                Incr(ns)  Path(ns)    Netlist Resource(s)
  -------------------------------------------------------------------    -------------------
                         (clock clk rise edge)        0.000     0.000 r  <hidden>
                                                      0.000     0.000 r  clk
                         net (fo=68, unset)           0.973     0.973    clk
    SLICE_X16Y53         FDRE                                         r  lut_acc_out_reg[1][31]/C
  -------------------------------------------------------------------    -------------------
    SLICE_X16Y53         FDRE (Prop_fdre_C_Q)         0.518     1.491 r  lut_acc_out_reg[1][31]/Q
                         net (fo=0)                   0.973     2.464    lut_acc_out[1][30]
                                                                      r  lut_acc_out[1][15]
  -------------------------------------------------------------------    -------------------

Slack:                    inf
  Source:                 lut_acc_out_reg[1][31]/C
                            (rising edge-triggered cell FDRE clocked by clk  {rise@0.000ns fall@5.000ns period=10.000ns})
  Destination:            lut_acc_out[1][16]
                            (output port)
  Path Group:             (none)
  Path Type:              Max at Slow Process Corner
  Data Path Delay:        1.491ns  (logic 0.518ns (34.742%)  route 0.973ns (65.258%))
  Logic Levels:           0  
  Clock Uncertainty:      0.225ns  ((TSJ^2 + TIJ^2)^1/2 + DJ) / 2 + PE + UU
    Total System Jitter     (TSJ):    0.050ns
    Total Input Jitter      (TIJ):    0.000ns
    Discrete Jitter          (DJ):    0.000ns
    Phase Error              (PE):    0.000ns
    User Uncertainty         (UU):    0.200ns

    Location             Delay type                Incr(ns)  Path(ns)    Netlist Resource(s)
  -------------------------------------------------------------------    -------------------
                         (clock clk rise edge)        0.000     0.000 r  <hidden>
                                                      0.000     0.000 r  clk
                         net (fo=68, unset)           0.973     0.973    clk
    SLICE_X16Y53         FDRE                                         r  lut_acc_out_reg[1][31]/C
  -------------------------------------------------------------------    -------------------
    SLICE_X16Y53         FDRE (Prop_fdre_C_Q)         0.518     1.491 r  lut_acc_out_reg[1][31]/Q
                         net (fo=0)                   0.973     2.464    lut_acc_out[1][30]
                                                                      r  lut_acc_out[1][16]
  -------------------------------------------------------------------    -------------------





Min Delay Paths
--------------------------------------------------------------------------------------
Slack:                    inf
  Source:                 dsp_acc_out_reg[0]/CLK
                            (rising edge-triggered cell DSP48E1 clocked by clk  {rise@0.000ns fall@5.000ns period=10.000ns})
  Destination:            dsp_acc_out[0][0]
                            (output port)
  Path Group:             (none)
  Path Type:              Min at Fast Process Corner
  Data Path Delay:        0.536ns  (logic 0.126ns (23.501%)  route 0.410ns (76.499%))
  Logic Levels:           0  
  Clock Uncertainty:      0.225ns  ((TSJ^2 + TIJ^2)^1/2 + DJ) / 2 + PE + UU
    Total System Jitter     (TSJ):    0.050ns
    Total Input Jitter      (TIJ):    0.000ns
    Discrete Jitter          (DJ):    0.000ns
    Phase Error              (PE):    0.000ns
    User Uncertainty         (UU):    0.200ns

    Location             Delay type                Incr(ns)  Path(ns)    Netlist Resource(s)
  -------------------------------------------------------------------    -------------------
                         (clock clk rise edge)        0.000     0.000 r  <hidden>
                                                      0.000     0.000 r  clk
                         net (fo=68, unset)           0.410     0.410    clk
    DSP48_X0Y18          DSP48E1                                      r  dsp_acc_out_reg[0]/CLK
  -------------------------------------------------------------------    -------------------
    DSP48_X0Y18          DSP48E1 (Prop_dsp48e1_CLK_P[0])
                                                      0.126     0.536 r  dsp_acc_out_reg[0]/P[0]
                         net (fo=0)                   0.410     0.946    dsp_acc_out[0][0]
                                                                      r  dsp_acc_out[0][0]
  -------------------------------------------------------------------    -------------------

Slack:                    inf
  Source:                 dsp_acc_out_reg[0]/CLK
                            (rising edge-triggered cell DSP48E1 clocked by clk  {rise@0.000ns fall@5.000ns period=10.000ns})
  Destination:            dsp_acc_out[0][10]
                            (output port)
  Path Group:             (none)
  Path Type:              Min at Fast Process Corner
  Data Path Delay:        0.536ns  (logic 0.126ns (23.501%)  route 0.410ns (76.499%))
  Logic Levels:           0  
  Clock Uncertainty:      0.225ns  ((TSJ^2 + TIJ^2)^1/2 + DJ) / 2 + PE + UU
    Total System Jitter     (TSJ):    0.050ns
    Total Input Jitter      (TIJ):    0.000ns
    Discrete Jitter          (DJ):    0.000ns
    Phase Error              (PE):    0.000ns
    User Uncertainty         (UU):    0.200ns

    Location             Delay type                Incr(ns)  Path(ns)    Netlist Resource(s)
  -------------------------------------------------------------------    -------------------
                         (clock clk rise edge)        0.000     0.000 r  <hidden>
                                                      0.000     0.000 r  clk
                         net (fo=68, unset)           0.410     0.410    clk
    DSP48_X0Y18          DSP48E1                                      r  dsp_acc_out_reg[0]/CLK
  -------------------------------------------------------------------    -------------------
    DSP48_X0Y18          DSP48E1 (Prop_dsp48e1_CLK_P[10])
                                                      0.126     0.536 r  dsp_acc_out_reg[0]/P[10]
                         net (fo=0)                   0.410     0.946    dsp_acc_out[0][10]
                                                                      r  dsp_acc_out[0][10]
  -------------------------------------------------------------------    -------------------

Slack:                    inf
  Source:                 dsp_acc_out_reg[0]/CLK
                            (rising edge-triggered cell DSP48E1 clocked by clk  {rise@0.000ns fall@5.000ns period=10.000ns})
  Destination:            dsp_acc_out[0][11]
                            (output port)
  Path Group:             (none)
  Path Type:              Min at Fast Process Corner
  Data Path Delay:        0.536ns  (logic 0.126ns (23.501%)  route 0.410ns (76.499%))
  Logic Levels:           0  
  Clock Uncertainty:      0.225ns  ((TSJ^2 + TIJ^2)^1/2 + DJ) / 2 + PE + UU
    Total System Jitter     (TSJ):    0.050ns
    Total Input Jitter      (TIJ):    0.000ns
    Discrete Jitter          (DJ):    0.000ns
    Phase Error              (PE):    0.000ns
    User Uncertainty         (UU):    0.200ns

    Location             Delay type                Incr(ns)  Path(ns)    Netlist Resource(s)
  -------------------------------------------------------------------    -------------------
                         (clock clk rise edge)        0.000     0.000 r  <hidden>
                                                      0.000     0.000 r  clk
                         net (fo=68, unset)           0.410     0.410    clk
    DSP48_X0Y18          DSP48E1                                      r  dsp_acc_out_reg[0]/CLK
  -------------------------------------------------------------------    -------------------
    DSP48_X0Y18          DSP48E1 (Prop_dsp48e1_CLK_P[11])
                                                      0.126     0.536 r  dsp_acc_out_reg[0]/P[11]
                         net (fo=0)                   0.410     0.946    dsp_acc_out[0][11]
                                                                      r  dsp_acc_out[0][11]
  -------------------------------------------------------------------    -------------------

Slack:                    inf
  Source:                 dsp_acc_out_reg[0]/CLK
                            (rising edge-triggered cell DSP48E1 clocked by clk  {rise@0.000ns fall@5.000ns period=10.000ns})
  Destination:            dsp_acc_out[0][12]
                            (output port)
  Path Group:             (none)
  Path Type:              Min at Fast Process Corner
  Data Path Delay:        0.536ns  (logic 0.126ns (23.501%)  route 0.410ns (76.499%))
  Logic Levels:           0  
  Clock Uncertainty:      0.225ns  ((TSJ^2 + TIJ^2)^1/2 + DJ) / 2 + PE + UU
    Total System Jitter     (TSJ):    0.050ns
    Total Input Jitter      (TIJ):    0.000ns
    Discrete Jitter          (DJ):    0.000ns
    Phase Error              (PE):    0.000ns
    User Uncertainty         (UU):    0.200ns

    Location             Delay type                Incr(ns)  Path(ns)    Netlist Resource(s)
  -------------------------------------------------------------------    -------------------
                         (clock clk rise edge)        0.000     0.000 r  <hidden>
                                                      0.000     0.000 r  clk
                         net (fo=68, unset)           0.410     0.410    clk
    DSP48_X0Y18          DSP48E1                                      r  dsp_acc_out_reg[0]/CLK
  -------------------------------------------------------------------    -------------------
    DSP48_X0Y18          DSP48E1 (Prop_dsp48e1_CLK_P[12])
                                                      0.126     0.536 r  dsp_acc_out_reg[0]/P[12]
                         net (fo=0)                   0.410     0.946    dsp_acc_out[0][12]
                                                                      r  dsp_acc_out[0][12]
  -------------------------------------------------------------------    -------------------

Slack:                    inf
  Source:                 dsp_acc_out_reg[0]/CLK
                            (rising edge-triggered cell DSP48E1 clocked by clk  {rise@0.000ns fall@5.000ns period=10.000ns})
  Destination:            dsp_acc_out[0][13]
                            (output port)
  Path Group:             (none)
  Path Type:              Min at Fast Process Corner
  Data Path Delay:        0.536ns  (logic 0.126ns (23.501%)  route 0.410ns (76.499%))
  Logic Levels:           0  
  Clock Uncertainty:      0.225ns  ((TSJ^2 + TIJ^2)^1/2 + DJ) / 2 + PE + UU
    Total System Jitter     (TSJ):    0.050ns
    Total Input Jitter      (TIJ):    0.000ns
    Discrete Jitter          (DJ):    0.000ns
    Phase Error              (PE):    0.000ns
    User Uncertainty         (UU):    0.200ns

    Location             Delay type                Incr(ns)  Path(ns)    Netlist Resource(s)
  -------------------------------------------------------------------    -------------------
                         (clock clk rise edge)        0.000     0.000 r  <hidden>
                                                      0.000     0.000 r  clk
                         net (fo=68, unset)           0.410     0.410    clk
    DSP48_X0Y18          DSP48E1                                      r  dsp_acc_out_reg[0]/CLK
  -------------------------------------------------------------------    -------------------
    DSP48_X0Y18          DSP48E1 (Prop_dsp48e1_CLK_P[13])
                                                      0.126     0.536 r  dsp_acc_out_reg[0]/P[13]
                         net (fo=0)                   0.410     0.946    dsp_acc_out[0][13]
                                                                      r  dsp_acc_out[0][13]
  -------------------------------------------------------------------    -------------------

Slack:                    inf
  Source:                 dsp_acc_out_reg[0]/CLK
                            (rising edge-triggered cell DSP48E1 clocked by clk  {rise@0.000ns fall@5.000ns period=10.000ns})
  Destination:            dsp_acc_out[0][14]
                            (output port)
  Path Group:             (none)
  Path Type:              Min at Fast Process Corner
  Data Path Delay:        0.536ns  (logic 0.126ns (23.501%)  route 0.410ns (76.499%))
  Logic Levels:           0  
  Clock Uncertainty:      0.225ns  ((TSJ^2 + TIJ^2)^1/2 + DJ) / 2 + PE + UU
    Total System Jitter     (TSJ):    0.050ns
    Total Input Jitter      (TIJ):    0.000ns
    Discrete Jitter          (DJ):    0.000ns
    Phase Error              (PE):    0.000ns
    User Uncertainty         (UU):    0.200ns

    Location             Delay type                Incr(ns)  Path(ns)    Netlist Resource(s)
  -------------------------------------------------------------------    -------------------
                         (clock clk rise edge)        0.000     0.000 r  <hidden>
                                                      0.000     0.000 r  clk
                         net (fo=68, unset)           0.410     0.410    clk
    DSP48_X0Y18          DSP48E1                                      r  dsp_acc_out_reg[0]/CLK
  -------------------------------------------------------------------    -------------------
    DSP48_X0Y18          DSP48E1 (Prop_dsp48e1_CLK_P[14])
                                                      0.126     0.536 r  dsp_acc_out_reg[0]/P[14]
                         net (fo=0)                   0.410     0.946    dsp_acc_out[0][14]
                                                                      r  dsp_acc_out[0][14]
  -------------------------------------------------------------------    -------------------

Slack:                    inf
  Source:                 dsp_acc_out_reg[0]/CLK
                            (rising edge-triggered cell DSP48E1 clocked by clk  {rise@0.000ns fall@5.000ns period=10.000ns})
  Destination:            dsp_acc_out[0][15]
                            (output port)
  Path Group:             (none)
  Path Type:              Min at Fast Process Corner
  Data Path Delay:        0.536ns  (logic 0.126ns (23.501%)  route 0.410ns (76.499%))
  Logic Levels:           0  
  Clock Uncertainty:      0.225ns  ((TSJ^2 + TIJ^2)^1/2 + DJ) / 2 + PE + UU
    Total System Jitter     (TSJ):    0.050ns
    Total Input Jitter      (TIJ):    0.000ns
    Discrete Jitter          (DJ):    0.000ns
    Phase Error              (PE):    0.000ns
    User Uncertainty         (UU):    0.200ns

    Location             Delay type                Incr(ns)  Path(ns)    Netlist Resource(s)
  -------------------------------------------------------------------    -------------------
                         (clock clk rise edge)        0.000     0.000 r  <hidden>
                                                      0.000     0.000 r  clk
                         net (fo=68, unset)           0.410     0.410    clk
    DSP48_X0Y18          DSP48E1                                      r  dsp_acc_out_reg[0]/CLK
  -------------------------------------------------------------------    -------------------
    DSP48_X0Y18          DSP48E1 (Prop_dsp48e1_CLK_P[15])
                                                      0.126     0.536 r  dsp_acc_out_reg[0]/P[15]
                         net (fo=0)                   0.410     0.946    dsp_acc_out[0][15]
                                                                      r  dsp_acc_out[0][15]
  -------------------------------------------------------------------    -------------------

Slack:                    inf
  Source:                 dsp_acc_out_reg[0]/CLK
                            (rising edge-triggered cell DSP48E1 clocked by clk  {rise@0.000ns fall@5.000ns period=10.000ns})
  Destination:            dsp_acc_out[0][16]
                            (output port)
  Path Group:             (none)
  Path Type:              Min at Fast Process Corner
  Data Path Delay:        0.536ns  (logic 0.126ns (23.501%)  route 0.410ns (76.499%))
  Logic Levels:           0  
  Clock Uncertainty:      0.225ns  ((TSJ^2 + TIJ^2)^1/2 + DJ) / 2 + PE + UU
    Total System Jitter     (TSJ):    0.050ns
    Total Input Jitter      (TIJ):    0.000ns
    Discrete Jitter          (DJ):    0.000ns
    Phase Error              (PE):    0.000ns
    User Uncertainty         (UU):    0.200ns

    Location             Delay type                Incr(ns)  Path(ns)    Netlist Resource(s)
  -------------------------------------------------------------------    -------------------
                         (clock clk rise edge)        0.000     0.000 r  <hidden>
                                                      0.000     0.000 r  clk
                         net (fo=68, unset)           0.410     0.410    clk
    DSP48_X0Y18          DSP48E1                                      r  dsp_acc_out_reg[0]/CLK
  -------------------------------------------------------------------    -------------------
    DSP48_X0Y18          DSP48E1 (Prop_dsp48e1_CLK_P[16])
                                                      0.126     0.536 r  dsp_acc_out_reg[0]/P[16]
                         net (fo=0)                   0.410     0.946    dsp_acc_out[0][16]
                                                                      r  dsp_acc_out[0][16]
  -------------------------------------------------------------------    -------------------

Slack:                    inf
  Source:                 dsp_acc_out_reg[0]/CLK
                            (rising edge-triggered cell DSP48E1 clocked by clk  {rise@0.000ns fall@5.000ns period=10.000ns})
  Destination:            dsp_acc_out[0][17]
                            (output port)
  Path Group:             (none)
  Path Type:              Min at Fast Process Corner
  Data Path Delay:        0.536ns  (logic 0.126ns (23.501%)  route 0.410ns (76.499%))
  Logic Levels:           0  
  Clock Uncertainty:      0.225ns  ((TSJ^2 + TIJ^2)^1/2 + DJ) / 2 + PE + UU
    Total System Jitter     (TSJ):    0.050ns
    Total Input Jitter      (TIJ):    0.000ns
    Discrete Jitter          (DJ):    0.000ns
    Phase Error              (PE):    0.000ns
    User Uncertainty         (UU):    0.200ns

    Location             Delay type                Incr(ns)  Path(ns)    Netlist Resource(s)
  -------------------------------------------------------------------    -------------------
                         (clock clk rise edge)        0.000     0.000 r  <hidden>
                                                      0.000     0.000 r  clk
                         net (fo=68, unset)           0.410     0.410    clk
    DSP48_X0Y18          DSP48E1                                      r  dsp_acc_out_reg[0]/CLK
  -------------------------------------------------------------------    -------------------
    DSP48_X0Y18          DSP48E1 (Prop_dsp48e1_CLK_P[17])
                                                      0.126     0.536 r  dsp_acc_out_reg[0]/P[17]
                         net (fo=0)                   0.410     0.946    dsp_acc_out[0][17]
                                                                      r  dsp_acc_out[0][17]
  -------------------------------------------------------------------    -------------------

Slack:                    inf
  Source:                 dsp_acc_out_reg[0]/CLK
                            (rising edge-triggered cell DSP48E1 clocked by clk  {rise@0.000ns fall@5.000ns period=10.000ns})
  Destination:            dsp_acc_out[0][18]
                            (output port)
  Path Group:             (none)
  Path Type:              Min at Fast Process Corner
  Data Path Delay:        0.536ns  (logic 0.126ns (23.501%)  route 0.410ns (76.499%))
  Logic Levels:           0  
  Clock Uncertainty:      0.225ns  ((TSJ^2 + TIJ^2)^1/2 + DJ) / 2 + PE + UU
    Total System Jitter     (TSJ):    0.050ns
    Total Input Jitter      (TIJ):    0.000ns
    Discrete Jitter          (DJ):    0.000ns
    Phase Error              (PE):    0.000ns
    User Uncertainty         (UU):    0.200ns

    Location             Delay type                Incr(ns)  Path(ns)    Netlist Resource(s)
  -------------------------------------------------------------------    -------------------
                         (clock clk rise edge)        0.000     0.000 r  <hidden>
                                                      0.000     0.000 r  clk
                         net (fo=68, unset)           0.410     0.410    clk
    DSP48_X0Y18          DSP48E1                                      r  dsp_acc_out_reg[0]/CLK
  -------------------------------------------------------------------    -------------------
    DSP48_X0Y18          DSP48E1 (Prop_dsp48e1_CLK_P[18])
                                                      0.126     0.536 r  dsp_acc_out_reg[0]/P[18]
                         net (fo=0)                   0.410     0.946    dsp_acc_out[0][18]
                                                                      r  dsp_acc_out[0][18]
  -------------------------------------------------------------------    -------------------





--------------------------------------------------------------------------------------
Path Group:  (none)
From Clock:  
  To Clock:  clk

Max Delay           393 Endpoints
Min Delay           393 Endpoints
--------------------------------------------------------------------------------------


Max Delay Paths
--------------------------------------------------------------------------------------
Slack:                    inf
  Source:                 lut_weight[0][0]
                            (input port)
  Destination:            lut_acc_out_reg[0][31]/D
                            (rising edge-triggered cell FDRE clocked by clk  {rise@0.000ns fall@5.000ns period=10.000ns})
  Path Group:             (none)
  Path Type:              Setup (Max at Slow Process Corner)
  Data Path Delay:        7.567ns  (logic 2.514ns (33.223%)  route 5.053ns (66.777%))
  Logic Levels:           10  (CARRY4=5 LUT3=2 LUT4=1 LUT6=2)
  Clock Path Skew:        0.924ns (DCD - SCD + CPR)
    Destination Clock Delay (DCD):    0.924ns
    Source Clock Delay      (SCD):    0.000ns
    Clock Pessimism Removal (CPR):    0.000ns
  Clock Uncertainty:      0.225ns  ((TSJ^2 + TIJ^2)^1/2 + DJ) / 2 + PE + UU
    Total System Jitter     (TSJ):    0.050ns
    Total Input Jitter      (TIJ):    0.000ns
    Discrete Jitter          (DJ):    0.000ns
    Phase Error              (PE):    0.000ns
    User Uncertainty         (UU):    0.200ns

    Location             Delay type                Incr(ns)  Path(ns)    Netlist Resource(s)
  -------------------------------------------------------------------    -------------------
                                                      0.000     0.000 r  lut_weight[0][0]
                         net (fo=3, unset)            0.973     0.973    gen_lut_lanes[0].u_mac_lut/lut_weight[0][0]
    SLICE_X3Y50          LUT3 (Prop_lut3_I2_O)        0.124     1.097 f  gen_lut_lanes[0].u_mac_lut/mult_result__0_carry_i_8/O
                         net (fo=12, routed)          1.037     2.134    gen_lut_lanes[0].u_mac_lut/mult_result__0_carry_i_8_n_0
    SLICE_X5Y52          LUT6 (Prop_lut6_I4_O)        0.124     2.258 r  gen_lut_lanes[0].u_mac_lut/mult_result__0_carry__0_i_3/O
                         net (fo=2, routed)           1.203     3.461    gen_lut_lanes[0].u_mac_lut/mult_result__0_carry__0_i_3_n_0
    SLICE_X4Y52          LUT6 (Prop_lut6_I0_O)        0.124     3.585 r  gen_lut_lanes[0].u_mac_lut/mult_result__0_carry__0_i_7/O
                         net (fo=1, routed)           0.000     3.585    gen_lut_lanes[0].u_mac_lut/mult_result__0_carry__0_i_7_n_0
    SLICE_X4Y52          CARRY4 (Prop_carry4_S[1]_CO[3])
                                                      0.533     4.118 r  gen_lut_lanes[0].u_mac_lut/mult_result__0_carry__0/CO[3]
                         net (fo=1, routed)           0.000     4.118    gen_lut_lanes[0].u_mac_lut/mult_result__0_carry__0_n_0
    SLICE_X4Y53          CARRY4 (Prop_carry4_CI_O[0])
                                                      0.219     4.337 r  gen_lut_lanes[0].u_mac_lut/mult_result__0_carry__1/O[0]
                         net (fo=2, routed)           0.968     5.305    gen_lut_lanes[0].u_mac_lut/mult_result__0_carry__1_n_7
    SLICE_X2Y51          LUT3 (Prop_lut3_I1_O)        0.323     5.628 r  gen_lut_lanes[0].u_mac_lut/mult_result__86_carry__0_i_2/O
                         net (fo=2, routed)           0.872     6.500    gen_lut_lanes[0].u_mac_lut/mult_result__86_carry__0_i_2_n_0
    SLICE_X2Y51          LUT4 (Prop_lut4_I3_O)        0.332     6.832 r  gen_lut_lanes[0].u_mac_lut/mult_result__86_carry__0_i_6/O
                         net (fo=1, routed)           0.000     6.832    gen_lut_lanes[0].u_mac_lut/mult_result__86_carry__0_i_6_n_0
    SLICE_X2Y51          CARRY4 (Prop_carry4_S[2]_CO[3])
                                                      0.398     7.230 r  gen_lut_lanes[0].u_mac_lut/mult_result__86_carry__0/CO[3]
                         net (fo=1, routed)           0.000     7.230    gen_lut_lanes[0].u_mac_lut/mult_result__86_carry__0_n_0
    SLICE_X2Y52          CARRY4 (Prop_carry4_CI_CO[3])
                                                      0.114     7.344 r  gen_lut_lanes[0].u_mac_lut/mult_result__86_carry__1/CO[3]
                         net (fo=1, routed)           0.000     7.344    gen_lut_lanes[0].u_mac_lut/mult_result__86_carry__1_n_0
    SLICE_X2Y53          CARRY4 (Prop_carry4_CI_O[0])
                                                      0.223     7.567 r  gen_lut_lanes[0].u_mac_lut/mult_result__86_carry__2/O[0]
                         net (fo=1, routed)           0.000     7.567    gen_lut_lanes[0].u_mac_lut_n_0
    SLICE_X2Y53          FDRE                                         r  lut_acc_out_reg[0][31]/D
  -------------------------------------------------------------------    -------------------

                         (clock clk rise edge)        0.000     0.000 r  <hidden>
                                                      0.000     0.000 r  clk
                         net (fo=68, unset)           0.924     0.924    clk
    SLICE_X2Y53          FDRE                                         r  lut_acc_out_reg[0][31]/C

Slack:                    inf
  Source:                 lut_weight[0][0]
                            (input port)
  Destination:            lut_acc_out_reg[0][12]/D
                            (rising edge-triggered cell FDRE clocked by clk  {rise@0.000ns fall@5.000ns period=10.000ns})
  Path Group:             (none)
  Path Type:              Setup (Max at Slow Process Corner)
  Data Path Delay:        7.564ns  (logic 2.511ns (33.197%)  route 5.053ns (66.803%))
  Logic Levels:           9  (CARRY4=4 LUT3=2 LUT4=1 LUT6=2)
  Clock Path Skew:        0.924ns (DCD - SCD + CPR)
    Destination Clock Delay (DCD):    0.924ns
    Source Clock Delay      (SCD):    0.000ns
    Clock Pessimism Removal (CPR):    0.000ns
  Clock Uncertainty:      0.225ns  ((TSJ^2 + TIJ^2)^1/2 + DJ) / 2 + PE + UU
    Total System Jitter     (TSJ):    0.050ns
    Total Input Jitter      (TIJ):    0.000ns
    Discrete Jitter          (DJ):    0.000ns
    Phase Error              (PE):    0.000ns
    User Uncertainty         (UU):    0.200ns

    Location             Delay type                Incr(ns)  Path(ns)    Netlist Resource(s)
  -------------------------------------------------------------------    -------------------
                                                      0.000     0.000 r  lut_weight[0][0]
                         net (fo=3, unset)            0.973     0.973    gen_lut_lanes[0].u_mac_lut/lut_weight[0][0]
    SLICE_X3Y50          LUT3 (Prop_lut3_I2_O)        0.124     1.097 f  gen_lut_lanes[0].u_mac_lut/mult_result__0_carry_i_8/O
                         net (fo=12, routed)          1.037     2.134    gen_lut_lanes[0].u_mac_lut/mult_result__0_carry_i_8_n_0
    SLICE_X5Y52          LUT6 (Prop_lut6_I4_O)        0.124     2.258 r  gen_lut_lanes[0].u_mac_lut/mult_result__0_carry__0_i_3/O
                         net (fo=2, routed)           1.203     3.461    gen_lut_lanes[0].u_mac_lut/mult_result__0_carry__0_i_3_n_0
    SLICE_X4Y52          LUT6 (Prop_lut6_I0_O)        0.124     3.585 r  gen_lut_lanes[0].u_mac_lut/mult_result__0_carry__0_i_7/O
                         net (fo=1, routed)           0.000     3.585    gen_lut_lanes[0].u_mac_lut/mult_result__0_carry__0_i_7_n_0
    SLICE_X4Y52          CARRY4 (Prop_carry4_S[1]_CO[3])
                                                      0.533     4.118 r  gen_lut_lanes[0].u_mac_lut/mult_result__0_carry__0/CO[3]
                         net (fo=1, routed)           0.000     4.118    gen_lut_lanes[0].u_mac_lut/mult_result__0_carry__0_n_0
    SLICE_X4Y53          CARRY4 (Prop_carry4_CI_O[0])
                                                      0.219     4.337 r  gen_lut_lanes[0].u_mac_lut/mult_result__0_carry__1/O[0]
                         net (fo=2, routed)           0.968     5.305    gen_lut_lanes[0].u_mac_lut/mult_result__0_carry__1_n_7
    SLICE_X2Y51          LUT3 (Prop_lut3_I1_O)        0.323     5.628 r  gen_lut_lanes[0].u_mac_lut/mult_result__86_carry__0_i_2/O
                         net (fo=2, routed)           0.872     6.500    gen_lut_lanes[0].u_mac_lut/mult_result__86_carry__0_i_2_n_0
    SLICE_X2Y51          LUT4 (Prop_lut4_I3_O)        0.332     6.832 r  gen_lut_lanes[0].u_mac_lut/mult_result__86_carry__0_i_6/O
                         net (fo=1, routed)           0.000     6.832    gen_lut_lanes[0].u_mac_lut/mult_result__86_carry__0_i_6_n_0
    SLICE_X2Y51          CARRY4 (Prop_carry4_S[2]_CO[3])
                                                      0.398     7.230 r  gen_lut_lanes[0].u_mac_lut/mult_result__86_carry__0/CO[3]
                         net (fo=1, routed)           0.000     7.230    gen_lut_lanes[0].u_mac_lut/mult_result__86_carry__0_n_0
    SLICE_X2Y52          CARRY4 (Prop_carry4_CI_O[1])
                                                      0.334     7.564 r  gen_lut_lanes[0].u_mac_lut/mult_result__86_carry__1/O[1]
                         net (fo=1, routed)           0.000     7.564    gen_lut_lanes[0].u_mac_lut_n_3
    SLICE_X2Y52          FDRE                                         r  lut_acc_out_reg[0][12]/D
  -------------------------------------------------------------------    -------------------

                         (clock clk rise edge)        0.000     0.000 r  <hidden>
                                                      0.000     0.000 r  clk
                         net (fo=68, unset)           0.924     0.924    clk
    SLICE_X2Y52          FDRE                                         r  lut_acc_out_reg[0][12]/C

Slack:                    inf
  Source:                 lut_weight[0][0]
                            (input port)
  Destination:            lut_acc_out_reg[0][14]/D
                            (rising edge-triggered cell FDRE clocked by clk  {rise@0.000ns fall@5.000ns period=10.000ns})
  Path Group:             (none)
  Path Type:              Setup (Max at Slow Process Corner)
  Data Path Delay:        7.543ns  (logic 2.490ns (33.011%)  route 5.053ns (66.989%))
  Logic Levels:           9  (CARRY4=4 LUT3=2 LUT4=1 LUT6=2)
  Clock Path Skew:        0.924ns (DCD - SCD + CPR)
    Destination Clock Delay (DCD):    0.924ns
    Source Clock Delay      (SCD):    0.000ns
    Clock Pessimism Removal (CPR):    0.000ns
  Clock Uncertainty:      0.225ns  ((TSJ^2 + TIJ^2)^1/2 + DJ) / 2 + PE + UU
    Total System Jitter     (TSJ):    0.050ns
    Total Input Jitter      (TIJ):    0.000ns
    Discrete Jitter          (DJ):    0.000ns
    Phase Error              (PE):    0.000ns
    User Uncertainty         (UU):    0.200ns

    Location             Delay type                Incr(ns)  Path(ns)    Netlist Resource(s)
  -------------------------------------------------------------------    -------------------
                                                      0.000     0.000 r  lut_weight[0][0]
                         net (fo=3, unset)            0.973     0.973    gen_lut_lanes[0].u_mac_lut/lut_weight[0][0]
    SLICE_X3Y50          LUT3 (Prop_lut3_I2_O)        0.124     1.097 f  gen_lut_lanes[0].u_mac_lut/mult_result__0_carry_i_8/O
                         net (fo=12, routed)          1.037     2.134    gen_lut_lanes[0].u_mac_lut/mult_result__0_carry_i_8_n_0
    SLICE_X5Y52          LUT6 (Prop_lut6_I4_O)        0.124     2.258 r  gen_lut_lanes[0].u_mac_lut/mult_result__0_carry__0_i_3/O
                         net (fo=2, routed)           1.203     3.461    gen_lut_lanes[0].u_mac_lut/mult_result__0_carry__0_i_3_n_0
    SLICE_X4Y52          LUT6 (Prop_lut6_I0_O)        0.124     3.585 r  gen_lut_lanes[0].u_mac_lut/mult_result__0_carry__0_i_7/O
                         net (fo=1, routed)           0.000     3.585    gen_lut_lanes[0].u_mac_lut/mult_result__0_carry__0_i_7_n_0
    SLICE_X4Y52          CARRY4 (Prop_carry4_S[1]_CO[3])
                                                      0.533     4.118 r  gen_lut_lanes[0].u_mac_lut/mult_result__0_carry__0/CO[3]
                         net (fo=1, routed)           0.000     4.118    gen_lut_lanes[0].u_mac_lut/mult_result__0_carry__0_n_0
    SLICE_X4Y53          CARRY4 (Prop_carry4_CI_O[0])
                                                      0.219     4.337 r  gen_lut_lanes[0].u_mac_lut/mult_result__0_carry__1/O[0]
                         net (fo=2, routed)           0.968     5.305    gen_lut_lanes[0].u_mac_lut/mult_result__0_carry__1_n_7
    SLICE_X2Y51          LUT3 (Prop_lut3_I1_O)        0.323     5.628 r  gen_lut_lanes[0].u_mac_lut/mult_result__86_carry__0_i_2/O
                         net (fo=2, routed)           0.872     6.500    gen_lut_lanes[0].u_mac_lut/mult_result__86_carry__0_i_2_n_0
    SLICE_X2Y51          LUT4 (Prop_lut4_I3_O)        0.332     6.832 r  gen_lut_lanes[0].u_mac_lut/mult_result__86_carry__0_i_6/O
                         net (fo=1, routed)           0.000     6.832    gen_lut_lanes[0].u_mac_lut/mult_result__86_carry__0_i_6_n_0
    SLICE_X2Y51          CARRY4 (Prop_carry4_S[2]_CO[3])
                                                      0.398     7.230 r  gen_lut_lanes[0].u_mac_lut/mult_result__86_carry__0/CO[3]
                         net (fo=1, routed)           0.000     7.230    gen_lut_lanes[0].u_mac_lut/mult_result__86_carry__0_n_0
    SLICE_X2Y52          CARRY4 (Prop_carry4_CI_O[3])
                                                      0.313     7.543 r  gen_lut_lanes[0].u_mac_lut/mult_result__86_carry__1/O[3]
                         net (fo=1, routed)           0.000     7.543    gen_lut_lanes[0].u_mac_lut_n_1
    SLICE_X2Y52          FDRE                                         r  lut_acc_out_reg[0][14]/D
  -------------------------------------------------------------------    -------------------

                         (clock clk rise edge)        0.000     0.000 r  <hidden>
                                                      0.000     0.000 r  clk
                         net (fo=68, unset)           0.924     0.924    clk
    SLICE_X2Y52          FDRE                                         r  lut_acc_out_reg[0][14]/C

Slack:                    inf
  Source:                 lut_weight[3][2]
                            (input port)
  Destination:            lut_acc_out_reg[3][31]/D
                            (rising edge-triggered cell FDRE clocked by clk  {rise@0.000ns fall@5.000ns period=10.000ns})
  Path Group:             (none)
  Path Type:              Setup (Max at Slow Process Corner)
  Data Path Delay:        7.484ns  (logic 2.773ns (37.051%)  route 4.711ns (62.949%))
  Logic Levels:           10  (CARRY4=5 LUT3=2 LUT4=1 LUT6=2)
  Clock Path Skew:        0.924ns (DCD - SCD + CPR)
    Destination Clock Delay (DCD):    0.924ns
    Source Clock Delay      (SCD):    0.000ns
    Clock Pessimism Removal (CPR):    0.000ns
  Clock Uncertainty:      0.225ns  ((TSJ^2 + TIJ^2)^1/2 + DJ) / 2 + PE + UU
    Total System Jitter     (TSJ):    0.050ns
    Total Input Jitter      (TIJ):    0.000ns
    Discrete Jitter          (DJ):    0.000ns
    Phase Error              (PE):    0.000ns
    User Uncertainty         (UU):    0.200ns

    Location             Delay type                Incr(ns)  Path(ns)    Netlist Resource(s)
  -------------------------------------------------------------------    -------------------
                                                      0.000     0.000 f  lut_weight[3][2]
                         net (fo=4, unset)            0.973     0.973    gen_lut_lanes[3].u_mac_lut/lut_weight[3][2]
    SLICE_X15Y48         LUT3 (Prop_lut3_I2_O)        0.152     1.125 r  gen_lut_lanes[3].u_mac_lut/mult_result__0_carry_i_9__2/O
                         net (fo=12, routed)          1.049     2.174    gen_lut_lanes[3].u_mac_lut/mult_result__0_carry_i_9__2_n_0
    SLICE_X15Y48         LUT6 (Prop_lut6_I2_O)        0.326     2.500 r  gen_lut_lanes[3].u_mac_lut/mult_result__0_carry_i_1__2/O
                         net (fo=2, routed)           1.061     3.561    gen_lut_lanes[3].u_mac_lut/mult_result__0_carry_i_1__2_n_0
    SLICE_X14Y48         LUT6 (Prop_lut6_I0_O)        0.124     3.685 r  gen_lut_lanes[3].u_mac_lut/mult_result__0_carry_i_4__2/O
                         net (fo=1, routed)           0.000     3.685    gen_lut_lanes[3].u_mac_lut/mult_result__0_carry_i_4__2_n_0
    SLICE_X14Y48         CARRY4 (Prop_carry4_S[3]_CO[3])
                                                      0.401     4.086 r  gen_lut_lanes[3].u_mac_lut/mult_result__0_carry/CO[3]
                         net (fo=1, routed)           0.000     4.086    gen_lut_lanes[3].u_mac_lut/mult_result__0_carry_n_0
    SLICE_X14Y49         CARRY4 (Prop_carry4_CI_O[2])
                                                      0.239     4.325 r  gen_lut_lanes[3].u_mac_lut/mult_result__0_carry__0/O[2]
                         net (fo=2, routed)           0.878     5.203    gen_lut_lanes[3].u_mac_lut/mult_result__0_carry__0_n_5
    SLICE_X12Y49         LUT3 (Prop_lut3_I1_O)        0.327     5.530 r  gen_lut_lanes[3].u_mac_lut/mult_result__86_carry__0_i_4__2/O
                         net (fo=2, routed)           0.750     6.280    gen_lut_lanes[3].u_mac_lut/mult_result__86_carry__0_i_4__2_n_0
    SLICE_X12Y50         LUT4 (Prop_lut4_I3_O)        0.355     6.635 r  gen_lut_lanes[3].u_mac_lut/mult_result__86_carry__0_i_8__2/O
                         net (fo=1, routed)           0.000     6.635    gen_lut_lanes[3].u_mac_lut/mult_result__86_carry__0_i_8__2_n_0
    SLICE_X12Y50         CARRY4 (Prop_carry4_S[0]_CO[3])
                                                      0.513     7.148 r  gen_lut_lanes[3].u_mac_lut/mult_result__86_carry__0/CO[3]
                         net (fo=1, routed)           0.000     7.148    gen_lut_lanes[3].u_mac_lut/mult_result__86_carry__0_n_0
    SLICE_X12Y51         CARRY4 (Prop_carry4_CI_CO[3])
                                                      0.117     7.265 r  gen_lut_lanes[3].u_mac_lut/mult_result__86_carry__1/CO[3]
                         net (fo=1, routed)           0.000     7.265    gen_lut_lanes[3].u_mac_lut/mult_result__86_carry__1_n_0
    SLICE_X12Y52         CARRY4 (Prop_carry4_CI_O[0])
                                                      0.219     7.484 r  gen_lut_lanes[3].u_mac_lut/mult_result__86_carry__2/O[0]
                         net (fo=1, routed)           0.000     7.484    gen_lut_lanes[3].u_mac_lut_n_0
    SLICE_X12Y52         FDRE                                         r  lut_acc_out_reg[3][31]/D
  -------------------------------------------------------------------    -------------------

                         (clock clk rise edge)        0.000     0.000 r  <hidden>
                                                      0.000     0.000 r  clk
                         net (fo=68, unset)           0.924     0.924    clk
    SLICE_X12Y52         FDRE                                         r  lut_acc_out_reg[3][31]/C

Slack:                    inf
  Source:                 lut_weight[3][2]
                            (input port)
  Destination:            lut_acc_out_reg[3][12]/D
                            (rising edge-triggered cell FDRE clocked by clk  {rise@0.000ns fall@5.000ns period=10.000ns})
  Path Group:             (none)
  Path Type:              Setup (Max at Slow Process Corner)
  Data Path Delay:        7.471ns  (logic 2.760ns (36.941%)  route 4.711ns (63.059%))
  Logic Levels:           9  (CARRY4=4 LUT3=2 LUT4=1 LUT6=2)
  Clock Path Skew:        0.924ns (DCD - SCD + CPR)
    Destination Clock Delay (DCD):    0.924ns
    Source Clock Delay      (SCD):    0.000ns
    Clock Pessimism Removal (CPR):    0.000ns
  Clock Uncertainty:      0.225ns  ((TSJ^2 + TIJ^2)^1/2 + DJ) / 2 + PE + UU
    Total System Jitter     (TSJ):    0.050ns
    Total Input Jitter      (TIJ):    0.000ns
    Discrete Jitter          (DJ):    0.000ns
    Phase Error              (PE):    0.000ns
    User Uncertainty         (UU):    0.200ns

    Location             Delay type                Incr(ns)  Path(ns)    Netlist Resource(s)
  -------------------------------------------------------------------    -------------------
                                                      0.000     0.000 f  lut_weight[3][2]
                         net (fo=4, unset)            0.973     0.973    gen_lut_lanes[3].u_mac_lut/lut_weight[3][2]
    SLICE_X15Y48         LUT3 (Prop_lut3_I2_O)        0.152     1.125 r  gen_lut_lanes[3].u_mac_lut/mult_result__0_carry_i_9__2/O
                         net (fo=12, routed)          1.049     2.174    gen_lut_lanes[3].u_mac_lut/mult_result__0_carry_i_9__2_n_0
    SLICE_X15Y48         LUT6 (Prop_lut6_I2_O)        0.326     2.500 r  gen_lut_lanes[3].u_mac_lut/mult_result__0_carry_i_1__2/O
                         net (fo=2, routed)           1.061     3.561    gen_lut_lanes[3].u_mac_lut/mult_result__0_carry_i_1__2_n_0
    SLICE_X14Y48         LUT6 (Prop_lut6_I0_O)        0.124     3.685 r  gen_lut_lanes[3].u_mac_lut/mult_result__0_carry_i_4__2/O
                         net (fo=1, routed)           0.000     3.685    gen_lut_lanes[3].u_mac_lut/mult_result__0_carry_i_4__2_n_0
    SLICE_X14Y48         CARRY4 (Prop_carry4_S[3]_CO[3])
                                                      0.401     4.086 r  gen_lut_lanes[3].u_mac_lut/mult_result__0_carry/CO[3]
                         net (fo=1, routed)           0.000     4.086    gen_lut_lanes[3].u_mac_lut/mult_result__0_carry_n_0
    SLICE_X14Y49         CARRY4 (Prop_carry4_CI_O[2])
                                                      0.239     4.325 r  gen_lut_lanes[3].u_mac_lut/mult_result__0_carry__0/O[2]
                         net (fo=2, routed)           0.878     5.203    gen_lut_lanes[3].u_mac_lut/mult_result__0_carry__0_n_5
    SLICE_X12Y49         LUT3 (Prop_lut3_I1_O)        0.327     5.530 r  gen_lut_lanes[3].u_mac_lut/mult_result__86_carry__0_i_4__2/O
                         net (fo=2, routed)           0.750     6.280    gen_lut_lanes[3].u_mac_lut/mult_result__86_carry__0_i_4__2_n_0
    SLICE_X12Y50         LUT4 (Prop_lut4_I3_O)        0.355     6.635 r  gen_lut_lanes[3].u_mac_lut/mult_result__86_carry__0_i_8__2/O
                         net (fo=1, routed)           0.000     6.635    gen_lut_lanes[3].u_mac_lut/mult_result__86_carry__0_i_8__2_n_0
    SLICE_X12Y50         CARRY4 (Prop_carry4_S[0]_CO[3])
                                                      0.513     7.148 r  gen_lut_lanes[3].u_mac_lut/mult_result__86_carry__0/CO[3]
                         net (fo=1, routed)           0.000     7.148    gen_lut_lanes[3].u_mac_lut/mult_result__86_carry__0_n_0
    SLICE_X12Y51         CARRY4 (Prop_carry4_CI_O[1])
                                                      0.323     7.471 r  gen_lut_lanes[3].u_mac_lut/mult_result__86_carry__1/O[1]
                         net (fo=1, routed)           0.000     7.471    gen_lut_lanes[3].u_mac_lut_n_3
    SLICE_X12Y51         FDRE                                         r  lut_acc_out_reg[3][12]/D
  -------------------------------------------------------------------    -------------------

                         (clock clk rise edge)        0.000     0.000 r  <hidden>
                                                      0.000     0.000 r  clk
                         net (fo=68, unset)           0.924     0.924    clk
    SLICE_X12Y51         FDRE                                         r  lut_acc_out_reg[3][12]/C

Slack:                    inf
  Source:                 lut_weight[0][0]
                            (input port)
  Destination:            lut_acc_out_reg[0][13]/D
                            (rising edge-triggered cell FDRE clocked by clk  {rise@0.000ns fall@5.000ns period=10.000ns})
  Path Group:             (none)
  Path Type:              Setup (Max at Slow Process Corner)
  Data Path Delay:        7.469ns  (logic 2.416ns (32.347%)  route 5.053ns (67.653%))
  Logic Levels:           9  (CARRY4=4 LUT3=2 LUT4=1 LUT6=2)
  Clock Path Skew:        0.924ns (DCD - SCD + CPR)
    Destination Clock Delay (DCD):    0.924ns
    Source Clock Delay      (SCD):    0.000ns
    Clock Pessimism Removal (CPR):    0.000ns
  Clock Uncertainty:      0.225ns  ((TSJ^2 + TIJ^2)^1/2 + DJ) / 2 + PE + UU
    Total System Jitter     (TSJ):    0.050ns
    Total Input Jitter      (TIJ):    0.000ns
    Discrete Jitter          (DJ):    0.000ns
    Phase Error              (PE):    0.000ns
    User Uncertainty         (UU):    0.200ns

    Location             Delay type                Incr(ns)  Path(ns)    Netlist Resource(s)
  -------------------------------------------------------------------    -------------------
                                                      0.000     0.000 r  lut_weight[0][0]
                         net (fo=3, unset)            0.973     0.973    gen_lut_lanes[0].u_mac_lut/lut_weight[0][0]
    SLICE_X3Y50          LUT3 (Prop_lut3_I2_O)        0.124     1.097 f  gen_lut_lanes[0].u_mac_lut/mult_result__0_carry_i_8/O
                         net (fo=12, routed)          1.037     2.134    gen_lut_lanes[0].u_mac_lut/mult_result__0_carry_i_8_n_0
    SLICE_X5Y52          LUT6 (Prop_lut6_I4_O)        0.124     2.258 r  gen_lut_lanes[0].u_mac_lut/mult_result__0_carry__0_i_3/O
                         net (fo=2, routed)           1.203     3.461    gen_lut_lanes[0].u_mac_lut/mult_result__0_carry__0_i_3_n_0
    SLICE_X4Y52          LUT6 (Prop_lut6_I0_O)        0.124     3.585 r  gen_lut_lanes[0].u_mac_lut/mult_result__0_carry__0_i_7/O
                         net (fo=1, routed)           0.000     3.585    gen_lut_lanes[0].u_mac_lut/mult_result__0_carry__0_i_7_n_0
    SLICE_X4Y52          CARRY4 (Prop_carry4_S[1]_CO[3])
                                                      0.533     4.118 r  gen_lut_lanes[0].u_mac_lut/mult_result__0_carry__0/CO[3]
                         net (fo=1, routed)           0.000     4.118    gen_lut_lanes[0].u_mac_lut/mult_result__0_carry__0_n_0
    SLICE_X4Y53          CARRY4 (Prop_carry4_CI_O[0])
                                                      0.219     4.337 r  gen_lut_lanes[0].u_mac_lut/mult_result__0_carry__1/O[0]
                         net (fo=2, routed)           0.968     5.305    gen_lut_lanes[0].u_mac_lut/mult_result__0_carry__1_n_7
    SLICE_X2Y51          LUT3 (Prop_lut3_I1_O)        0.323     5.628 r  gen_lut_lanes[0].u_mac_lut/mult_result__86_carry__0_i_2/O
                         net (fo=2, routed)           0.872     6.500    gen_lut_lanes[0].u_mac_lut/mult_result__86_carry__0_i_2_n_0
    SLICE_X2Y51          LUT4 (Prop_lut4_I3_O)        0.332     6.832 r  gen_lut_lanes[0].u_mac_lut/mult_result__86_carry__0_i_6/O
                         net (fo=1, routed)           0.000     6.832    gen_lut_lanes[0].u_mac_lut/mult_result__86_carry__0_i_6_n_0
    SLICE_X2Y51          CARRY4 (Prop_carry4_S[2]_CO[3])
                                                      0.398     7.230 r  gen_lut_lanes[0].u_mac_lut/mult_result__86_carry__0/CO[3]
                         net (fo=1, routed)           0.000     7.230    gen_lut_lanes[0].u_mac_lut/mult_result__86_carry__0_n_0
    SLICE_X2Y52          CARRY4 (Prop_carry4_CI_O[2])
                                                      0.239     7.469 r  gen_lut_lanes[0].u_mac_lut/mult_result__86_carry__1/O[2]
                         net (fo=1, routed)           0.000     7.469    gen_lut_lanes[0].u_mac_lut_n_2
    SLICE_X2Y52          FDRE                                         r  lut_acc_out_reg[0][13]/D
  -------------------------------------------------------------------    -------------------

                         (clock clk rise edge)        0.000     0.000 r  <hidden>
                                                      0.000     0.000 r  clk
                         net (fo=68, unset)           0.924     0.924    clk
    SLICE_X2Y52          FDRE                                         r  lut_acc_out_reg[0][13]/C

Slack:                    inf
  Source:                 lut_weight[3][2]
                            (input port)
  Destination:            lut_acc_out_reg[3][14]/D
                            (rising edge-triggered cell FDRE clocked by clk  {rise@0.000ns fall@5.000ns period=10.000ns})
  Path Group:             (none)
  Path Type:              Setup (Max at Slow Process Corner)
  Data Path Delay:        7.463ns  (logic 2.752ns (36.873%)  route 4.711ns (63.127%))
  Logic Levels:           9  (CARRY4=4 LUT3=2 LUT4=1 LUT6=2)
  Clock Path Skew:        0.924ns (DCD - SCD + CPR)
    Destination Clock Delay (DCD):    0.924ns
    Source Clock Delay      (SCD):    0.000ns
    Clock Pessimism Removal (CPR):    0.000ns
  Clock Uncertainty:      0.225ns  ((TSJ^2 + TIJ^2)^1/2 + DJ) / 2 + PE + UU
    Total System Jitter     (TSJ):    0.050ns
    Total Input Jitter      (TIJ):    0.000ns
    Discrete Jitter          (DJ):    0.000ns
    Phase Error              (PE):    0.000ns
    User Uncertainty         (UU):    0.200ns

    Location             Delay type                Incr(ns)  Path(ns)    Netlist Resource(s)
  -------------------------------------------------------------------    -------------------
                                                      0.000     0.000 f  lut_weight[3][2]
                         net (fo=4, unset)            0.973     0.973    gen_lut_lanes[3].u_mac_lut/lut_weight[3][2]
    SLICE_X15Y48         LUT3 (Prop_lut3_I2_O)        0.152     1.125 r  gen_lut_lanes[3].u_mac_lut/mult_result__0_carry_i_9__2/O
                         net (fo=12, routed)          1.049     2.174    gen_lut_lanes[3].u_mac_lut/mult_result__0_carry_i_9__2_n_0
    SLICE_X15Y48         LUT6 (Prop_lut6_I2_O)        0.326     2.500 r  gen_lut_lanes[3].u_mac_lut/mult_result__0_carry_i_1__2/O
                         net (fo=2, routed)           1.061     3.561    gen_lut_lanes[3].u_mac_lut/mult_result__0_carry_i_1__2_n_0
    SLICE_X14Y48         LUT6 (Prop_lut6_I0_O)        0.124     3.685 r  gen_lut_lanes[3].u_mac_lut/mult_result__0_carry_i_4__2/O
                         net (fo=1, routed)           0.000     3.685    gen_lut_lanes[3].u_mac_lut/mult_result__0_carry_i_4__2_n_0
    SLICE_X14Y48         CARRY4 (Prop_carry4_S[3]_CO[3])
                                                      0.401     4.086 r  gen_lut_lanes[3].u_mac_lut/mult_result__0_carry/CO[3]
                         net (fo=1, routed)           0.000     4.086    gen_lut_lanes[3].u_mac_lut/mult_result__0_carry_n_0
    SLICE_X14Y49         CARRY4 (Prop_carry4_CI_O[2])
                                                      0.239     4.325 r  gen_lut_lanes[3].u_mac_lut/mult_result__0_carry__0/O[2]
                         net (fo=2, routed)           0.878     5.203    gen_lut_lanes[3].u_mac_lut/mult_result__0_carry__0_n_5
    SLICE_X12Y49         LUT3 (Prop_lut3_I1_O)        0.327     5.530 r  gen_lut_lanes[3].u_mac_lut/mult_result__86_carry__0_i_4__2/O
                         net (fo=2, routed)           0.750     6.280    gen_lut_lanes[3].u_mac_lut/mult_result__86_carry__0_i_4__2_n_0
    SLICE_X12Y50         LUT4 (Prop_lut4_I3_O)        0.355     6.635 r  gen_lut_lanes[3].u_mac_lut/mult_result__86_carry__0_i_8__2/O
                         net (fo=1, routed)           0.000     6.635    gen_lut_lanes[3].u_mac_lut/mult_result__86_carry__0_i_8__2_n_0
    SLICE_X12Y50         CARRY4 (Prop_carry4_S[0]_CO[3])
                                                      0.513     7.148 r  gen_lut_lanes[3].u_mac_lut/mult_result__86_carry__0/CO[3]
                         net (fo=1, routed)           0.000     7.148    gen_lut_lanes[3].u_mac_lut/mult_result__86_carry__0_n_0
    SLICE_X12Y51         CARRY4 (Prop_carry4_CI_O[3])
                                                      0.315     7.463 r  gen_lut_lanes[3].u_mac_lut/mult_result__86_carry__1/O[3]
                         net (fo=1, routed)           0.000     7.463    gen_lut_lanes[3].u_mac_lut_n_1
    SLICE_X12Y51         FDRE                                         r  lut_acc_out_reg[3][14]/D
  -------------------------------------------------------------------    -------------------

                         (clock clk rise edge)        0.000     0.000 r  <hidden>
                                                      0.000     0.000 r  clk
                         net (fo=68, unset)           0.924     0.924    clk
    SLICE_X12Y51         FDRE                                         r  lut_acc_out_reg[3][14]/C

Slack:                    inf
  Source:                 lut_weight[0][0]
                            (input port)
  Destination:            lut_acc_out_reg[0][11]/D
                            (rising edge-triggered cell FDRE clocked by clk  {rise@0.000ns fall@5.000ns period=10.000ns})
  Path Group:             (none)
  Path Type:              Setup (Max at Slow Process Corner)
  Data Path Delay:        7.453ns  (logic 2.400ns (32.202%)  route 5.053ns (67.798%))
  Logic Levels:           9  (CARRY4=4 LUT3=2 LUT4=1 LUT6=2)
  Clock Path Skew:        0.924ns (DCD - SCD + CPR)
    Destination Clock Delay (DCD):    0.924ns
    Source Clock Delay      (SCD):    0.000ns
    Clock Pessimism Removal (CPR):    0.000ns
  Clock Uncertainty:      0.225ns  ((TSJ^2 + TIJ^2)^1/2 + DJ) / 2 + PE + UU
    Total System Jitter     (TSJ):    0.050ns
    Total Input Jitter      (TIJ):    0.000ns
    Discrete Jitter          (DJ):    0.000ns
    Phase Error              (PE):    0.000ns
    User Uncertainty         (UU):    0.200ns

    Location             Delay type                Incr(ns)  Path(ns)    Netlist Resource(s)
  -------------------------------------------------------------------    -------------------
                                                      0.000     0.000 r  lut_weight[0][0]
                         net (fo=3, unset)            0.973     0.973    gen_lut_lanes[0].u_mac_lut/lut_weight[0][0]
    SLICE_X3Y50          LUT3 (Prop_lut3_I2_O)        0.124     1.097 f  gen_lut_lanes[0].u_mac_lut/mult_result__0_carry_i_8/O
                         net (fo=12, routed)          1.037     2.134    gen_lut_lanes[0].u_mac_lut/mult_result__0_carry_i_8_n_0
    SLICE_X5Y52          LUT6 (Prop_lut6_I4_O)        0.124     2.258 r  gen_lut_lanes[0].u_mac_lut/mult_result__0_carry__0_i_3/O
                         net (fo=2, routed)           1.203     3.461    gen_lut_lanes[0].u_mac_lut/mult_result__0_carry__0_i_3_n_0
    SLICE_X4Y52          LUT6 (Prop_lut6_I0_O)        0.124     3.585 r  gen_lut_lanes[0].u_mac_lut/mult_result__0_carry__0_i_7/O
                         net (fo=1, routed)           0.000     3.585    gen_lut_lanes[0].u_mac_lut/mult_result__0_carry__0_i_7_n_0
    SLICE_X4Y52          CARRY4 (Prop_carry4_S[1]_CO[3])
                                                      0.533     4.118 r  gen_lut_lanes[0].u_mac_lut/mult_result__0_carry__0/CO[3]
                         net (fo=1, routed)           0.000     4.118    gen_lut_lanes[0].u_mac_lut/mult_result__0_carry__0_n_0
    SLICE_X4Y53          CARRY4 (Prop_carry4_CI_O[0])
                                                      0.219     4.337 r  gen_lut_lanes[0].u_mac_lut/mult_result__0_carry__1/O[0]
                         net (fo=2, routed)           0.968     5.305    gen_lut_lanes[0].u_mac_lut/mult_result__0_carry__1_n_7
    SLICE_X2Y51          LUT3 (Prop_lut3_I1_O)        0.323     5.628 r  gen_lut_lanes[0].u_mac_lut/mult_result__86_carry__0_i_2/O
                         net (fo=2, routed)           0.872     6.500    gen_lut_lanes[0].u_mac_lut/mult_result__86_carry__0_i_2_n_0
    SLICE_X2Y51          LUT4 (Prop_lut4_I3_O)        0.332     6.832 r  gen_lut_lanes[0].u_mac_lut/mult_result__86_carry__0_i_6/O
                         net (fo=1, routed)           0.000     6.832    gen_lut_lanes[0].u_mac_lut/mult_result__86_carry__0_i_6_n_0
    SLICE_X2Y51          CARRY4 (Prop_carry4_S[2]_CO[3])
                                                      0.398     7.230 r  gen_lut_lanes[0].u_mac_lut/mult_result__86_carry__0/CO[3]
                         net (fo=1, routed)           0.000     7.230    gen_lut_lanes[0].u_mac_lut/mult_result__86_carry__0_n_0
    SLICE_X2Y52          CARRY4 (Prop_carry4_CI_O[0])
                                                      0.223     7.453 r  gen_lut_lanes[0].u_mac_lut/mult_result__86_carry__1/O[0]
                         net (fo=1, routed)           0.000     7.453    gen_lut_lanes[0].u_mac_lut_n_4
    SLICE_X2Y52          FDRE                                         r  lut_acc_out_reg[0][11]/D
  -------------------------------------------------------------------    -------------------

                         (clock clk rise edge)        0.000     0.000 r  <hidden>
                                                      0.000     0.000 r  clk
                         net (fo=68, unset)           0.924     0.924    clk
    SLICE_X2Y52          FDRE                                         r  lut_acc_out_reg[0][11]/C

Slack:                    inf
  Source:                 lut_weight[3][2]
                            (input port)
  Destination:            lut_acc_out_reg[3][13]/D
                            (rising edge-triggered cell FDRE clocked by clk  {rise@0.000ns fall@5.000ns period=10.000ns})
  Path Group:             (none)
  Path Type:              Setup (Max at Slow Process Corner)
  Data Path Delay:        7.387ns  (logic 2.676ns (36.224%)  route 4.711ns (63.776%))
  Logic Levels:           9  (CARRY4=4 LUT3=2 LUT4=1 LUT6=2)
  Clock Path Skew:        0.924ns (DCD - SCD + CPR)
    Destination Clock Delay (DCD):    0.924ns
    Source Clock Delay      (SCD):    0.000ns
    Clock Pessimism Removal (CPR):    0.000ns
  Clock Uncertainty:      0.225ns  ((TSJ^2 + TIJ^2)^1/2 + DJ) / 2 + PE + UU
    Total System Jitter     (TSJ):    0.050ns
    Total Input Jitter      (TIJ):    0.000ns
    Discrete Jitter          (DJ):    0.000ns
    Phase Error              (PE):    0.000ns
    User Uncertainty         (UU):    0.200ns

    Location             Delay type                Incr(ns)  Path(ns)    Netlist Resource(s)
  -------------------------------------------------------------------    -------------------
                                                      0.000     0.000 f  lut_weight[3][2]
                         net (fo=4, unset)            0.973     0.973    gen_lut_lanes[3].u_mac_lut/lut_weight[3][2]
    SLICE_X15Y48         LUT3 (Prop_lut3_I2_O)        0.152     1.125 r  gen_lut_lanes[3].u_mac_lut/mult_result__0_carry_i_9__2/O
                         net (fo=12, routed)          1.049     2.174    gen_lut_lanes[3].u_mac_lut/mult_result__0_carry_i_9__2_n_0
    SLICE_X15Y48         LUT6 (Prop_lut6_I2_O)        0.326     2.500 r  gen_lut_lanes[3].u_mac_lut/mult_result__0_carry_i_1__2/O
                         net (fo=2, routed)           1.061     3.561    gen_lut_lanes[3].u_mac_lut/mult_result__0_carry_i_1__2_n_0
    SLICE_X14Y48         LUT6 (Prop_lut6_I0_O)        0.124     3.685 r  gen_lut_lanes[3].u_mac_lut/mult_result__0_carry_i_4__2/O
                         net (fo=1, routed)           0.000     3.685    gen_lut_lanes[3].u_mac_lut/mult_result__0_carry_i_4__2_n_0
    SLICE_X14Y48         CARRY4 (Prop_carry4_S[3]_CO[3])
                                                      0.401     4.086 r  gen_lut_lanes[3].u_mac_lut/mult_result__0_carry/CO[3]
                         net (fo=1, routed)           0.000     4.086    gen_lut_lanes[3].u_mac_lut/mult_result__0_carry_n_0
    SLICE_X14Y49         CARRY4 (Prop_carry4_CI_O[2])
                                                      0.239     4.325 r  gen_lut_lanes[3].u_mac_lut/mult_result__0_carry__0/O[2]
                         net (fo=2, routed)           0.878     5.203    gen_lut_lanes[3].u_mac_lut/mult_result__0_carry__0_n_5
    SLICE_X12Y49         LUT3 (Prop_lut3_I1_O)        0.327     5.530 r  gen_lut_lanes[3].u_mac_lut/mult_result__86_carry__0_i_4__2/O
                         net (fo=2, routed)           0.750     6.280    gen_lut_lanes[3].u_mac_lut/mult_result__86_carry__0_i_4__2_n_0
    SLICE_X12Y50         LUT4 (Prop_lut4_I3_O)        0.355     6.635 r  gen_lut_lanes[3].u_mac_lut/mult_result__86_carry__0_i_8__2/O
                         net (fo=1, routed)           0.000     6.635    gen_lut_lanes[3].u_mac_lut/mult_result__86_carry__0_i_8__2_n_0
    SLICE_X12Y50         CARRY4 (Prop_carry4_S[0]_CO[3])
                                                      0.513     7.148 r  gen_lut_lanes[3].u_mac_lut/mult_result__86_carry__0/CO[3]
                         net (fo=1, routed)           0.000     7.148    gen_lut_lanes[3].u_mac_lut/mult_result__86_carry__0_n_0
    SLICE_X12Y51         CARRY4 (Prop_carry4_CI_O[2])
                                                      0.239     7.387 r  gen_lut_lanes[3].u_mac_lut/mult_result__86_carry__1/O[2]
                         net (fo=1, routed)           0.000     7.387    gen_lut_lanes[3].u_mac_lut_n_2
    SLICE_X12Y51         FDRE                                         r  lut_acc_out_reg[3][13]/D
  -------------------------------------------------------------------    -------------------

                         (clock clk rise edge)        0.000     0.000 r  <hidden>
                                                      0.000     0.000 r  clk
                         net (fo=68, unset)           0.924     0.924    clk
    SLICE_X12Y51         FDRE                                         r  lut_acc_out_reg[3][13]/C

Slack:                    inf
  Source:                 lut_weight[3][2]
                            (input port)
  Destination:            lut_acc_out_reg[3][11]/D
                            (rising edge-triggered cell FDRE clocked by clk  {rise@0.000ns fall@5.000ns period=10.000ns})
  Path Group:             (none)
  Path Type:              Setup (Max at Slow Process Corner)
  Data Path Delay:        7.367ns  (logic 2.656ns (36.051%)  route 4.711ns (63.949%))
  Logic Levels:           9  (CARRY4=4 LUT3=2 LUT4=1 LUT6=2)
  Clock Path Skew:        0.924ns (DCD - SCD + CPR)
    Destination Clock Delay (DCD):    0.924ns
    Source Clock Delay      (SCD):    0.000ns
    Clock Pessimism Removal (CPR):    0.000ns
  Clock Uncertainty:      0.225ns  ((TSJ^2 + TIJ^2)^1/2 + DJ) / 2 + PE + UU
    Total System Jitter     (TSJ):    0.050ns
    Total Input Jitter      (TIJ):    0.000ns
    Discrete Jitter          (DJ):    0.000ns
    Phase Error              (PE):    0.000ns
    User Uncertainty         (UU):    0.200ns

    Location             Delay type                Incr(ns)  Path(ns)    Netlist Resource(s)
  -------------------------------------------------------------------    -------------------
                                                      0.000     0.000 f  lut_weight[3][2]
                         net (fo=4, unset)            0.973     0.973    gen_lut_lanes[3].u_mac_lut/lut_weight[3][2]
    SLICE_X15Y48         LUT3 (Prop_lut3_I2_O)        0.152     1.125 r  gen_lut_lanes[3].u_mac_lut/mult_result__0_carry_i_9__2/O
                         net (fo=12, routed)          1.049     2.174    gen_lut_lanes[3].u_mac_lut/mult_result__0_carry_i_9__2_n_0
    SLICE_X15Y48         LUT6 (Prop_lut6_I2_O)        0.326     2.500 r  gen_lut_lanes[3].u_mac_lut/mult_result__0_carry_i_1__2/O
                         net (fo=2, routed)           1.061     3.561    gen_lut_lanes[3].u_mac_lut/mult_result__0_carry_i_1__2_n_0
    SLICE_X14Y48         LUT6 (Prop_lut6_I0_O)        0.124     3.685 r  gen_lut_lanes[3].u_mac_lut/mult_result__0_carry_i_4__2/O
                         net (fo=1, routed)           0.000     3.685    gen_lut_lanes[3].u_mac_lut/mult_result__0_carry_i_4__2_n_0
    SLICE_X14Y48         CARRY4 (Prop_carry4_S[3]_CO[3])
                                                      0.401     4.086 r  gen_lut_lanes[3].u_mac_lut/mult_result__0_carry/CO[3]
                         net (fo=1, routed)           0.000     4.086    gen_lut_lanes[3].u_mac_lut/mult_result__0_carry_n_0
    SLICE_X14Y49         CARRY4 (Prop_carry4_CI_O[2])
                                                      0.239     4.325 r  gen_lut_lanes[3].u_mac_lut/mult_result__0_carry__0/O[2]
                         net (fo=2, routed)           0.878     5.203    gen_lut_lanes[3].u_mac_lut/mult_result__0_carry__0_n_5
    SLICE_X12Y49         LUT3 (Prop_lut3_I1_O)        0.327     5.530 r  gen_lut_lanes[3].u_mac_lut/mult_result__86_carry__0_i_4__2/O
                         net (fo=2, routed)           0.750     6.280    gen_lut_lanes[3].u_mac_lut/mult_result__86_carry__0_i_4__2_n_0
    SLICE_X12Y50         LUT4 (Prop_lut4_I3_O)        0.355     6.635 r  gen_lut_lanes[3].u_mac_lut/mult_result__86_carry__0_i_8__2/O
                         net (fo=1, routed)           0.000     6.635    gen_lut_lanes[3].u_mac_lut/mult_result__86_carry__0_i_8__2_n_0
    SLICE_X12Y50         CARRY4 (Prop_carry4_S[0]_CO[3])
                                                      0.513     7.148 r  gen_lut_lanes[3].u_mac_lut/mult_result__86_carry__0/CO[3]
                         net (fo=1, routed)           0.000     7.148    gen_lut_lanes[3].u_mac_lut/mult_result__86_carry__0_n_0
    SLICE_X12Y51         CARRY4 (Prop_carry4_CI_O[0])
                                                      0.219     7.367 r  gen_lut_lanes[3].u_mac_lut/mult_result__86_carry__1/O[0]
                         net (fo=1, routed)           0.000     7.367    gen_lut_lanes[3].u_mac_lut_n_4
    SLICE_X12Y51         FDRE                                         r  lut_acc_out_reg[3][11]/D
  -------------------------------------------------------------------    -------------------

                         (clock clk rise edge)        0.000     0.000 r  <hidden>
                                                      0.000     0.000 r  clk
                         net (fo=68, unset)           0.924     0.924    clk
    SLICE_X12Y51         FDRE                                         r  lut_acc_out_reg[3][11]/C





Min Delay Paths
--------------------------------------------------------------------------------------
Slack:                    inf
  Source:                 en
                            (input port)
  Destination:            dsp_acc_out_reg[0]/CEP
                            (rising edge-triggered cell DSP48E1 clocked by clk  {rise@0.000ns fall@5.000ns period=10.000ns})
  Path Group:             (none)
  Path Type:              Hold (Min at Fast Process Corner)
  Data Path Delay:        0.410ns  (logic 0.000ns (0.000%)  route 0.410ns (100.000%))
  Logic Levels:           0  
  Clock Path Skew:        0.432ns (DCD - SCD - CPR)
    Destination Clock Delay (DCD):    0.432ns
    Source Clock Delay      (SCD):    0.000ns
    Clock Pessimism Removal (CPR):    -0.000ns

    Location             Delay type                Incr(ns)  Path(ns)    Netlist Resource(s)
  -------------------------------------------------------------------    -------------------
                                                      0.000     0.000 r  en
                         net (fo=288, unset)          0.410     0.410    en
    DSP48_X0Y18          DSP48E1                                      r  dsp_acc_out_reg[0]/CEP
  -------------------------------------------------------------------    -------------------

                         (clock clk rise edge)        0.000     0.000 r  <hidden>
                                                      0.000     0.000 r  clk
                         net (fo=68, unset)           0.432     0.432    clk
    DSP48_X0Y18          DSP48E1                                      r  dsp_acc_out_reg[0]/CLK

Slack:                    inf
  Source:                 en
                            (input port)
  Destination:            dsp_acc_out_reg[1]/CEP
                            (rising edge-triggered cell DSP48E1 clocked by clk  {rise@0.000ns fall@5.000ns period=10.000ns})
  Path Group:             (none)
  Path Type:              Hold (Min at Fast Process Corner)
  Data Path Delay:        0.410ns  (logic 0.000ns (0.000%)  route 0.410ns (100.000%))
  Logic Levels:           0  
  Clock Path Skew:        0.432ns (DCD - SCD - CPR)
    Destination Clock Delay (DCD):    0.432ns
    Source Clock Delay      (SCD):    0.000ns
    Clock Pessimism Removal (CPR):    -0.000ns

    Location             Delay type                Incr(ns)  Path(ns)    Netlist Resource(s)
  -------------------------------------------------------------------    -------------------
                                                      0.000     0.000 r  en
                         net (fo=288, unset)          0.410     0.410    en
    DSP48_X0Y20          DSP48E1                                      r  dsp_acc_out_reg[1]/CEP
  -------------------------------------------------------------------    -------------------

                         (clock clk rise edge)        0.000     0.000 r  <hidden>
                                                      0.000     0.000 r  clk
                         net (fo=68, unset)           0.432     0.432    clk
    DSP48_X0Y20          DSP48E1                                      r  dsp_acc_out_reg[1]/CLK

Slack:                    inf
  Source:                 en
                            (input port)
  Destination:            dsp_acc_out_reg[2]/CEP
                            (rising edge-triggered cell DSP48E1 clocked by clk  {rise@0.000ns fall@5.000ns period=10.000ns})
  Path Group:             (none)
  Path Type:              Hold (Min at Fast Process Corner)
  Data Path Delay:        0.410ns  (logic 0.000ns (0.000%)  route 0.410ns (100.000%))
  Logic Levels:           0  
  Clock Path Skew:        0.432ns (DCD - SCD - CPR)
    Destination Clock Delay (DCD):    0.432ns
    Source Clock Delay      (SCD):    0.000ns
    Clock Pessimism Removal (CPR):    -0.000ns

    Location             Delay type                Incr(ns)  Path(ns)    Netlist Resource(s)
  -------------------------------------------------------------------    -------------------
                                                      0.000     0.000 r  en
                         net (fo=288, unset)          0.410     0.410    en
    DSP48_X0Y16          DSP48E1                                      r  dsp_acc_out_reg[2]/CEP
  -------------------------------------------------------------------    -------------------

                         (clock clk rise edge)        0.000     0.000 r  <hidden>
                                                      0.000     0.000 r  clk
                         net (fo=68, unset)           0.432     0.432    clk
    DSP48_X0Y16          DSP48E1                                      r  dsp_acc_out_reg[2]/CLK

Slack:                    inf
  Source:                 en
                            (input port)
  Destination:            dsp_acc_out_reg[3]/CEP
                            (rising edge-triggered cell DSP48E1 clocked by clk  {rise@0.000ns fall@5.000ns period=10.000ns})
  Path Group:             (none)
  Path Type:              Hold (Min at Fast Process Corner)
  Data Path Delay:        0.410ns  (logic 0.000ns (0.000%)  route 0.410ns (100.000%))
  Logic Levels:           0  
  Clock Path Skew:        0.432ns (DCD - SCD - CPR)
    Destination Clock Delay (DCD):    0.432ns
    Source Clock Delay      (SCD):    0.000ns
    Clock Pessimism Removal (CPR):    -0.000ns

    Location             Delay type                Incr(ns)  Path(ns)    Netlist Resource(s)
  -------------------------------------------------------------------    -------------------
                                                      0.000     0.000 r  en
                         net (fo=288, unset)          0.410     0.410    en
    DSP48_X0Y14          DSP48E1                                      r  dsp_acc_out_reg[3]/CEP
  -------------------------------------------------------------------    -------------------

                         (clock clk rise edge)        0.000     0.000 r  <hidden>
                                                      0.000     0.000 r  clk
                         net (fo=68, unset)           0.432     0.432    clk
    DSP48_X0Y14          DSP48E1                                      r  dsp_acc_out_reg[3]/CLK

Slack:                    inf
  Source:                 en
                            (input port)
  Destination:            lut_acc_out_reg[0][0]/CE
                            (rising edge-triggered cell FDRE clocked by clk  {rise@0.000ns fall@5.000ns period=10.000ns})
  Path Group:             (none)
  Path Type:              Hold (Min at Fast Process Corner)
  Data Path Delay:        0.410ns  (logic 0.000ns (0.000%)  route 0.410ns (100.000%))
  Logic Levels:           0  
  Clock Path Skew:        0.432ns (DCD - SCD - CPR)
    Destination Clock Delay (DCD):    0.432ns
    Source Clock Delay      (SCD):    0.000ns
    Clock Pessimism Removal (CPR):    -0.000ns

    Location             Delay type                Incr(ns)  Path(ns)    Netlist Resource(s)
  -------------------------------------------------------------------    -------------------
                                                      0.000     0.000 r  en
                         net (fo=288, unset)          0.410     0.410    en
    SLICE_X4Y51          FDRE                                         r  lut_acc_out_reg[0][0]/CE
  -------------------------------------------------------------------    -------------------

                         (clock clk rise edge)        0.000     0.000 r  <hidden>
                                                      0.000     0.000 r  clk
                         net (fo=68, unset)           0.432     0.432    clk
    SLICE_X4Y51          FDRE                                         r  lut_acc_out_reg[0][0]/C

Slack:                    inf
  Source:                 en
                            (input port)
  Destination:            lut_acc_out_reg[0][10]/CE
                            (rising edge-triggered cell FDRE clocked by clk  {rise@0.000ns fall@5.000ns period=10.000ns})
  Path Group:             (none)
  Path Type:              Hold (Min at Fast Process Corner)
  Data Path Delay:        0.410ns  (logic 0.000ns (0.000%)  route 0.410ns (100.000%))
  Logic Levels:           0  
  Clock Path Skew:        0.432ns (DCD - SCD - CPR)
    Destination Clock Delay (DCD):    0.432ns
    Source Clock Delay      (SCD):    0.000ns
    Clock Pessimism Removal (CPR):    -0.000ns

    Location             Delay type                Incr(ns)  Path(ns)    Netlist Resource(s)
  -------------------------------------------------------------------    -------------------
                                                      0.000     0.000 r  en
                         net (fo=288, unset)          0.410     0.410    en
    SLICE_X2Y51          FDRE                                         r  lut_acc_out_reg[0][10]/CE
  -------------------------------------------------------------------    -------------------

                         (clock clk rise edge)        0.000     0.000 r  <hidden>
                                                      0.000     0.000 r  clk
                         net (fo=68, unset)           0.432     0.432    clk
    SLICE_X2Y51          FDRE                                         r  lut_acc_out_reg[0][10]/C

Slack:                    inf
  Source:                 en
                            (input port)
  Destination:            lut_acc_out_reg[0][11]/CE
                            (rising edge-triggered cell FDRE clocked by clk  {rise@0.000ns fall@5.000ns period=10.000ns})
  Path Group:             (none)
  Path Type:              Hold (Min at Fast Process Corner)
  Data Path Delay:        0.410ns  (logic 0.000ns (0.000%)  route 0.410ns (100.000%))
  Logic Levels:           0  
  Clock Path Skew:        0.432ns (DCD - SCD - CPR)
    Destination Clock Delay (DCD):    0.432ns
    Source Clock Delay      (SCD):    0.000ns
    Clock Pessimism Removal (CPR):    -0.000ns

    Location             Delay type                Incr(ns)  Path(ns)    Netlist Resource(s)
  -------------------------------------------------------------------    -------------------
                                                      0.000     0.000 r  en
                         net (fo=288, unset)          0.410     0.410    en
    SLICE_X2Y52          FDRE                                         r  lut_acc_out_reg[0][11]/CE
  -------------------------------------------------------------------    -------------------

                         (clock clk rise edge)        0.000     0.000 r  <hidden>
                                                      0.000     0.000 r  clk
                         net (fo=68, unset)           0.432     0.432    clk
    SLICE_X2Y52          FDRE                                         r  lut_acc_out_reg[0][11]/C

Slack:                    inf
  Source:                 en
                            (input port)
  Destination:            lut_acc_out_reg[0][12]/CE
                            (rising edge-triggered cell FDRE clocked by clk  {rise@0.000ns fall@5.000ns period=10.000ns})
  Path Group:             (none)
  Path Type:              Hold (Min at Fast Process Corner)
  Data Path Delay:        0.410ns  (logic 0.000ns (0.000%)  route 0.410ns (100.000%))
  Logic Levels:           0  
  Clock Path Skew:        0.432ns (DCD - SCD - CPR)
    Destination Clock Delay (DCD):    0.432ns
    Source Clock Delay      (SCD):    0.000ns
    Clock Pessimism Removal (CPR):    -0.000ns

    Location             Delay type                Incr(ns)  Path(ns)    Netlist Resource(s)
  -------------------------------------------------------------------    -------------------
                                                      0.000     0.000 r  en
                         net (fo=288, unset)          0.410     0.410    en
    SLICE_X2Y52          FDRE                                         r  lut_acc_out_reg[0][12]/CE
  -------------------------------------------------------------------    -------------------

                         (clock clk rise edge)        0.000     0.000 r  <hidden>
                                                      0.000     0.000 r  clk
                         net (fo=68, unset)           0.432     0.432    clk
    SLICE_X2Y52          FDRE                                         r  lut_acc_out_reg[0][12]/C

Slack:                    inf
  Source:                 en
                            (input port)
  Destination:            lut_acc_out_reg[0][13]/CE
                            (rising edge-triggered cell FDRE clocked by clk  {rise@0.000ns fall@5.000ns period=10.000ns})
  Path Group:             (none)
  Path Type:              Hold (Min at Fast Process Corner)
  Data Path Delay:        0.410ns  (logic 0.000ns (0.000%)  route 0.410ns (100.000%))
  Logic Levels:           0  
  Clock Path Skew:        0.432ns (DCD - SCD - CPR)
    Destination Clock Delay (DCD):    0.432ns
    Source Clock Delay      (SCD):    0.000ns
    Clock Pessimism Removal (CPR):    -0.000ns

    Location             Delay type                Incr(ns)  Path(ns)    Netlist Resource(s)
  -------------------------------------------------------------------    -------------------
                                                      0.000     0.000 r  en
                         net (fo=288, unset)          0.410     0.410    en
    SLICE_X2Y52          FDRE                                         r  lut_acc_out_reg[0][13]/CE
  -------------------------------------------------------------------    -------------------

                         (clock clk rise edge)        0.000     0.000 r  <hidden>
                                                      0.000     0.000 r  clk
                         net (fo=68, unset)           0.432     0.432    clk
    SLICE_X2Y52          FDRE                                         r  lut_acc_out_reg[0][13]/C

Slack:                    inf
  Source:                 en
                            (input port)
  Destination:            lut_acc_out_reg[0][14]/CE
                            (rising edge-triggered cell FDRE clocked by clk  {rise@0.000ns fall@5.000ns period=10.000ns})
  Path Group:             (none)
  Path Type:              Hold (Min at Fast Process Corner)
  Data Path Delay:        0.410ns  (logic 0.000ns (0.000%)  route 0.410ns (100.000%))
  Logic Levels:           0  
  Clock Path Skew:        0.432ns (DCD - SCD - CPR)
    Destination Clock Delay (DCD):    0.432ns
    Source Clock Delay      (SCD):    0.000ns
    Clock Pessimism Removal (CPR):    -0.000ns

    Location             Delay type                Incr(ns)  Path(ns)    Netlist Resource(s)
  -------------------------------------------------------------------    -------------------
                                                      0.000     0.000 r  en
                         net (fo=288, unset)          0.410     0.410    en
    SLICE_X2Y52          FDRE                                         r  lut_acc_out_reg[0][14]/CE
  -------------------------------------------------------------------    -------------------

                         (clock clk rise edge)        0.000     0.000 r  <hidden>
                                                      0.000     0.000 r  clk
                         net (fo=68, unset)           0.432     0.432    clk
    SLICE_X2Y52          FDRE                                         r  lut_acc_out_reg[0][14]/C





