Copyright 1986-2022 Xilinx, Inc. All Rights Reserved. Copyright 2022-2026 Advanced Micro Devices, Inc. All Rights Reserved.
---------------------------------------------------------------------------------------------------------------------------------------------
| Tool Version : Vivado v.2026.1 (win64) Build 6511674 Tue Jun 16 11:02:23 MDT 2026
| Date         : Thu Sep 10 18:55:17 2026
| Host         : ANBU-PC running 64-bit major release  (build 9200)
| Command      : report_timing_summary -max_paths 20 -report_unconstrained -file reports/post_route_timing.rpt
| Design       : ampc_top
| Device       : 7z010-clg400
| Speed File   : -1  PRODUCTION 1.12 2019-11-22
| Design State : Routed
---------------------------------------------------------------------------------------------------------------------------------------------

Timing Summary Report

------------------------------------------------------------------------------------------------
| Timer Settings
| --------------
------------------------------------------------------------------------------------------------

  Enable Multi Corner Analysis               :  Yes
  Enable Pessimism Removal                   :  Yes
  Pessimism Removal Resolution               :  Nearest Common Node
  Enable Input Delay Default Clock           :  No
  Enable Preset / Clear Arcs                 :  No
  Disable Flight Delays                      :  No
  Ignore I/O Paths                           :  No
  Timing Early Launch at Borrowing Latches   :  No
  Borrow Time for Max Delay Exceptions       :  Yes
  Merge Timing Exceptions                    :  Yes
  Inter-SLR Compensation                     :  Conservative

  Corner  Analyze    Analyze    
  Name    Max Paths  Min Paths  
  ------  ---------  ---------  
  Slow    Yes        Yes        
  Fast    Yes        Yes        


------------------------------------------------------------------------------------------------
| Report Methodology
| ------------------
------------------------------------------------------------------------------------------------

No report available as report_methodology has not been run prior. Run report_methodology on the current design for the summary of methodology violations.



check_timing report

Table of Contents
-----------------
1. checking no_clock (0)
2. checking constant_clock (0)
3. checking pulse_width_clock (0)
4. checking unconstrained_internal_endpoints (0)
5. checking no_input_delay (316)
6. checking no_output_delay (106)
7. checking multiple_clock (0)
8. checking generated_clocks (0)
9. checking loops (0)
10. checking partial_input_delay (0)
11. checking partial_output_delay (0)
12. checking latch_loops (0)

1. checking no_clock (0)
------------------------
 There are 0 register/latch pins with no clock.


2. checking constant_clock (0)
------------------------------
 There are 0 register/latch pins with constant_clock.


3. checking pulse_width_clock (0)
---------------------------------
 There are 0 register/latch pins which need pulse_width check


4. checking unconstrained_internal_endpoints (0)
------------------------------------------------
 There are 0 pins that are not constrained for maximum delay.

 There are 0 pins that are not constrained for maximum delay due to constant clock.


5. checking no_input_delay (316)
--------------------------------
 There are 316 input ports with no input delay specified. (HIGH)

 There are 0 input ports with no input delay but user has a false path constraint.


6. checking no_output_delay (106)
---------------------------------
 There are 106 ports with no output delay specified. (HIGH)

 There are 0 ports with no output delay but user has a false path constraint

 There are 0 ports with no output delay but with a timing clock defined on it or propagating through it


7. checking multiple_clock (0)
------------------------------
 There are 0 register/latch pins with multiple clocks.


8. checking generated_clocks (0)
--------------------------------
 There are 0 generated clocks that are not connected to a clock source.


9. checking loops (0)
---------------------
 There are 0 combinational loops in the design.


10. checking partial_input_delay (0)
------------------------------------
 There are 0 input ports with partial input delay specified.


11. checking partial_output_delay (0)
-------------------------------------
 There are 0 ports with partial output delay specified.


12. checking latch_loops (0)
----------------------------
 There are 0 combinational latch loops in the design through latch input



------------------------------------------------------------------------------------------------
| Design Timing Summary
| ---------------------
------------------------------------------------------------------------------------------------

    WNS(ns)      TNS(ns)  TNS Failing Endpoints  TNS Total Endpoints      WHS(ns)      THS(ns)  THS Failing Endpoints  THS Total Endpoints     WPWS(ns)     TPWS(ns)  TPWS Failing Endpoints  TPWS Total Endpoints  
    -------      -------  ---------------------  -------------------      -------      -------  ---------------------  -------------------     --------     --------  ----------------------  --------------------  
      0.256        0.000                      0                 1129        0.029        0.000                      0                 1129        3.750        0.000                       0                   902  


All user specified timing constraints are met.


------------------------------------------------------------------------------------------------
| Clock Summary
| -------------
------------------------------------------------------------------------------------------------

Clock  Waveform(ns)       Period(ns)      Frequency(MHz)
-----  ------------       ----------      --------------
clk    {0.000 5.000}      10.000          100.000         


------------------------------------------------------------------------------------------------
| Intra Clock Table
| -----------------
------------------------------------------------------------------------------------------------

Clock             WNS(ns)      TNS(ns)  TNS Failing Endpoints  TNS Total Endpoints      WHS(ns)      THS(ns)  THS Failing Endpoints  THS Total Endpoints     WPWS(ns)     TPWS(ns)  TPWS Failing Endpoints  TPWS Total Endpoints  
-----             -------      -------  ---------------------  -------------------      -------      -------  ---------------------  -------------------     --------     --------  ----------------------  --------------------  
clk                 0.256        0.000                      0                 1129        0.029        0.000                      0                 1129        3.750        0.000                       0                   902  


------------------------------------------------------------------------------------------------
| Inter Clock Table
| -----------------
------------------------------------------------------------------------------------------------

From Clock    To Clock          WNS(ns)      TNS(ns)  TNS Failing Endpoints  TNS Total Endpoints      WHS(ns)      THS(ns)  THS Failing Endpoints  THS Total Endpoints  
----------    --------          -------      -------  ---------------------  -------------------      -------      -------  ---------------------  -------------------  


------------------------------------------------------------------------------------------------
| Other Path Groups Table
| -----------------------
------------------------------------------------------------------------------------------------

Path Group    From Clock    To Clock          WNS(ns)      TNS(ns)  TNS Failing Endpoints  TNS Total Endpoints      WHS(ns)      THS(ns)  THS Failing Endpoints  THS Total Endpoints  
----------    ----------    --------          -------      -------  ---------------------  -------------------      -------      -------  ---------------------  -------------------  


------------------------------------------------------------------------------------------------
| User Ignored Path Table
| -----------------------
------------------------------------------------------------------------------------------------

Path Group    From Clock    To Clock    
----------    ----------    --------    


------------------------------------------------------------------------------------------------
| Unconstrained Path Table
| ------------------------
------------------------------------------------------------------------------------------------

Path Group    From Clock    To Clock    
----------    ----------    --------    
(none)                                    
(none)        clk                         
(none)                      clk           


------------------------------------------------------------------------------------------------
| Timing Details
| --------------
------------------------------------------------------------------------------------------------


---------------------------------------------------------------------------------------------------
From Clock:  clk
  To Clock:  clk

Setup :            0  Failing Endpoints,  Worst Slack        0.256ns,  Total Violation        0.000ns
Hold  :            0  Failing Endpoints,  Worst Slack        0.029ns,  Total Violation        0.000ns
PW    :            0  Failing Endpoints,  Worst Slack        3.750ns,  Total Violation        0.000ns
---------------------------------------------------------------------------------------------------


Max Delay Paths
--------------------------------------------------------------------------------------
Slack (MET) :             0.256ns  (required time - arrival time)
  Source:                 u_ampc_8/valid_out_reg/C
                            (rising edge-triggered cell FDRE clocked by clk  {rise@0.000ns fall@5.000ns period=10.000ns})
  Destination:            u_accumulator/accumulated_out_reg[29]/D
                            (rising edge-triggered cell FDRE clocked by clk  {rise@0.000ns fall@5.000ns period=10.000ns})
  Path Group:             clk
  Path Type:              Setup (Max at Slow Process Corner)
  Requirement:            10.000ns  (clk rise@10.000ns - clk rise@0.000ns)
  Data Path Delay:        9.522ns  (logic 3.954ns (41.526%)  route 5.568ns (58.474%))
  Logic Levels:           11  (CARRY4=6 LUT3=2 LUT5=2 LUT6=1)
  Clock Path Skew:        -0.049ns (DCD - SCD + CPR)
    Destination Clock Delay (DCD):    0.924ns = ( 10.924 - 10.000 ) 
    Source Clock Delay      (SCD):    0.973ns
    Clock Pessimism Removal (CPR):    0.000ns
  Clock Uncertainty:      0.235ns  ((TSJ^2 + TIJ^2)^1/2 + DJ) / 2 + PE + UU
    Total System Jitter     (TSJ):    0.071ns
    Total Input Jitter      (TIJ):    0.000ns
    Discrete Jitter          (DJ):    0.000ns
    Phase Error              (PE):    0.000ns
    User Uncertainty         (UU):    0.200ns

    Location             Delay type                Incr(ns)  Path(ns)    Netlist Resource(s)
  -------------------------------------------------------------------    -------------------
                         (clock clk rise edge)        0.000     0.000 r  <hidden>
                                                      0.000     0.000 r  clk
                         net (fo=901, unset)          0.973     0.973    u_ampc_8/clk
    SLICE_X20Y87         FDRE                                         r  u_ampc_8/valid_out_reg/C
  -------------------------------------------------------------------    -------------------
    SLICE_X20Y87         FDRE (Prop_fdre_C_Q)         0.518     1.491 r  u_ampc_8/valid_out_reg/Q
                         net (fo=130, routed)         1.444     2.935    u_ampc_8/valid_out
    SLICE_X34Y88         LUT5 (Prop_lut5_I2_O)        0.124     3.059 r  u_ampc_8/accumulated_out[23]_i_73/O
                         net (fo=2, routed)           1.002     4.061    u_ampc_8/u_accumulator/p_5_in[12]
    SLICE_X24Y88         LUT5 (Prop_lut5_I0_O)        0.124     4.185 r  u_ampc_8/accumulated_out[23]_i_39/O
                         net (fo=2, routed)           0.573     4.757    u_ampc_8/accumulated_out[23]_i_39_n_0
    SLICE_X23Y88         LUT6 (Prop_lut6_I0_O)        0.124     4.881 r  u_ampc_8/accumulated_out[23]_i_43/O
                         net (fo=1, routed)           0.000     4.881    u_ampc_8/accumulated_out[23]_i_43_n_0
    SLICE_X23Y88         CARRY4 (Prop_carry4_S[1]_CO[3])
                                                      0.550     5.431 r  u_ampc_8/accumulated_out_reg[23]_i_33/CO[3]
                         net (fo=1, routed)           0.000     5.431    u_ampc_8/accumulated_out_reg[23]_i_33_n_0
    SLICE_X23Y89         CARRY4 (Prop_carry4_CI_O[3])
                                                      0.313     5.744 r  u_ampc_8/accumulated_out_reg[27]_i_33/O[3]
                         net (fo=3, routed)           0.956     6.701    u_ampc_16/accumulated_out_reg[27]_i_10_0[3]
    SLICE_X22Y91         LUT3 (Prop_lut3_I0_O)        0.306     7.007 r  u_ampc_16/accumulated_out[27]_i_16/O
                         net (fo=1, routed)           0.466     7.472    u_ampc_16/accumulated_out[27]_i_16_n_0
    SLICE_X21Y91         CARRY4 (Prop_carry4_DI[0]_CO[3])
                                                      0.526     7.998 r  u_ampc_16/accumulated_out_reg[27]_i_10/CO[3]
                         net (fo=1, routed)           0.000     7.998    u_ampc_16/accumulated_out_reg[27]_i_10_n_0
    SLICE_X21Y92         CARRY4 (Prop_carry4_CI_O[1])
                                                      0.334     8.332 r  u_ampc_16/accumulated_out_reg[31]_i_13/O[1]
                         net (fo=3, routed)           0.523     8.855    u_ampc_16/accumulated_out_reg[31]_i_13_n_6
    SLICE_X18Y92         LUT3 (Prop_lut3_I0_O)        0.303     9.158 r  u_ampc_16/accumulated_out[27]_i_3/O
                         net (fo=1, routed)           0.605     9.763    u_ampc_16/accumulated_out[27]_i_3_n_0
    SLICE_X19Y92         CARRY4 (Prop_carry4_DI[2]_CO[3])
                                                      0.398    10.161 r  u_ampc_16/accumulated_out_reg[27]_i_1/CO[3]
                         net (fo=1, routed)           0.000    10.161    u_ampc_16/accumulated_out_reg[27]_i_1_n_0
    SLICE_X19Y93         CARRY4 (Prop_carry4_CI_O[1])
                                                      0.334    10.495 r  u_ampc_16/accumulated_out_reg[31]_i_2/O[1]
                         net (fo=1, routed)           0.000    10.495    u_accumulator/D[29]
    SLICE_X19Y93         FDRE                                         r  u_accumulator/accumulated_out_reg[29]/D
  -------------------------------------------------------------------    -------------------

                         (clock clk rise edge)       10.000    10.000 r  <hidden>
                                                      0.000    10.000 r  clk
                         net (fo=901, unset)          0.924    10.924    u_accumulator/clk
    SLICE_X19Y93         FDRE                                         r  u_accumulator/accumulated_out_reg[29]/C
                         clock pessimism              0.000    10.924    <hidden>
                         clock uncertainty           -0.235    10.689    <hidden>
    SLICE_X19Y93         FDRE (Setup_fdre_C_D)        0.062    10.751    u_accumulator/accumulated_out_reg[29]
  -------------------------------------------------------------------
                         required time                         10.751    <hidden>
                         arrival time                         -10.495    <hidden>
  -------------------------------------------------------------------
                         slack                                  0.256    <hidden>

Slack (MET) :             0.277ns  (required time - arrival time)
  Source:                 u_ampc_8/valid_out_reg/C
                            (rising edge-triggered cell FDRE clocked by clk  {rise@0.000ns fall@5.000ns period=10.000ns})
  Destination:            u_accumulator/accumulated_out_reg[31]/D
                            (rising edge-triggered cell FDRE clocked by clk  {rise@0.000ns fall@5.000ns period=10.000ns})
  Path Group:             clk
  Path Type:              Setup (Max at Slow Process Corner)
  Requirement:            10.000ns  (clk rise@10.000ns - clk rise@0.000ns)
  Data Path Delay:        9.501ns  (logic 3.933ns (41.396%)  route 5.568ns (58.604%))
  Logic Levels:           11  (CARRY4=6 LUT3=2 LUT5=2 LUT6=1)
  Clock Path Skew:        -0.049ns (DCD - SCD + CPR)
    Destination Clock Delay (DCD):    0.924ns = ( 10.924 - 10.000 ) 
    Source Clock Delay      (SCD):    0.973ns
    Clock Pessimism Removal (CPR):    0.000ns
  Clock Uncertainty:      0.235ns  ((TSJ^2 + TIJ^2)^1/2 + DJ) / 2 + PE + UU
    Total System Jitter     (TSJ):    0.071ns
    Total Input Jitter      (TIJ):    0.000ns
    Discrete Jitter          (DJ):    0.000ns
    Phase Error              (PE):    0.000ns
    User Uncertainty         (UU):    0.200ns

    Location             Delay type                Incr(ns)  Path(ns)    Netlist Resource(s)
  -------------------------------------------------------------------    -------------------
                         (clock clk rise edge)        0.000     0.000 r  <hidden>
                                                      0.000     0.000 r  clk
                         net (fo=901, unset)          0.973     0.973    u_ampc_8/clk
    SLICE_X20Y87         FDRE                                         r  u_ampc_8/valid_out_reg/C
  -------------------------------------------------------------------    -------------------
    SLICE_X20Y87         FDRE (Prop_fdre_C_Q)         0.518     1.491 r  u_ampc_8/valid_out_reg/Q
                         net (fo=130, routed)         1.444     2.935    u_ampc_8/valid_out
    SLICE_X34Y88         LUT5 (Prop_lut5_I2_O)        0.124     3.059 r  u_ampc_8/accumulated_out[23]_i_73/O
                         net (fo=2, routed)           1.002     4.061    u_ampc_8/u_accumulator/p_5_in[12]
    SLICE_X24Y88         LUT5 (Prop_lut5_I0_O)        0.124     4.185 r  u_ampc_8/accumulated_out[23]_i_39/O
                         net (fo=2, routed)           0.573     4.757    u_ampc_8/accumulated_out[23]_i_39_n_0
    SLICE_X23Y88         LUT6 (Prop_lut6_I0_O)        0.124     4.881 r  u_ampc_8/accumulated_out[23]_i_43/O
                         net (fo=1, routed)           0.000     4.881    u_ampc_8/accumulated_out[23]_i_43_n_0
    SLICE_X23Y88         CARRY4 (Prop_carry4_S[1]_CO[3])
                                                      0.550     5.431 r  u_ampc_8/accumulated_out_reg[23]_i_33/CO[3]
                         net (fo=1, routed)           0.000     5.431    u_ampc_8/accumulated_out_reg[23]_i_33_n_0
    SLICE_X23Y89         CARRY4 (Prop_carry4_CI_O[3])
                                                      0.313     5.744 r  u_ampc_8/accumulated_out_reg[27]_i_33/O[3]
                         net (fo=3, routed)           0.956     6.701    u_ampc_16/accumulated_out_reg[27]_i_10_0[3]
    SLICE_X22Y91         LUT3 (Prop_lut3_I0_O)        0.306     7.007 r  u_ampc_16/accumulated_out[27]_i_16/O
                         net (fo=1, routed)           0.466     7.472    u_ampc_16/accumulated_out[27]_i_16_n_0
    SLICE_X21Y91         CARRY4 (Prop_carry4_DI[0]_CO[3])
                                                      0.526     7.998 r  u_ampc_16/accumulated_out_reg[27]_i_10/CO[3]
                         net (fo=1, routed)           0.000     7.998    u_ampc_16/accumulated_out_reg[27]_i_10_n_0
    SLICE_X21Y92         CARRY4 (Prop_carry4_CI_O[1])
                                                      0.334     8.332 r  u_ampc_16/accumulated_out_reg[31]_i_13/O[1]
                         net (fo=3, routed)           0.523     8.855    u_ampc_16/accumulated_out_reg[31]_i_13_n_6
    SLICE_X18Y92         LUT3 (Prop_lut3_I0_O)        0.303     9.158 r  u_ampc_16/accumulated_out[27]_i_3/O
                         net (fo=1, routed)           0.605     9.763    u_ampc_16/accumulated_out[27]_i_3_n_0
    SLICE_X19Y92         CARRY4 (Prop_carry4_DI[2]_CO[3])
                                                      0.398    10.161 r  u_ampc_16/accumulated_out_reg[27]_i_1/CO[3]
                         net (fo=1, routed)           0.000    10.161    u_ampc_16/accumulated_out_reg[27]_i_1_n_0
    SLICE_X19Y93         CARRY4 (Prop_carry4_CI_O[3])
                                                      0.313    10.474 r  u_ampc_16/accumulated_out_reg[31]_i_2/O[3]
                         net (fo=1, routed)           0.000    10.474    u_accumulator/D[31]
    SLICE_X19Y93         FDRE                                         r  u_accumulator/accumulated_out_reg[31]/D
  -------------------------------------------------------------------    -------------------

                         (clock clk rise edge)       10.000    10.000 r  <hidden>
                                                      0.000    10.000 r  clk
                         net (fo=901, unset)          0.924    10.924    u_accumulator/clk
    SLICE_X19Y93         FDRE                                         r  u_accumulator/accumulated_out_reg[31]/C
                         clock pessimism              0.000    10.924    <hidden>
                         clock uncertainty           -0.235    10.689    <hidden>
    SLICE_X19Y93         FDRE (Setup_fdre_C_D)        0.062    10.751    u_accumulator/accumulated_out_reg[31]
  -------------------------------------------------------------------
                         required time                         10.751    <hidden>
                         arrival time                         -10.474    <hidden>
  -------------------------------------------------------------------
                         slack                                  0.277    <hidden>

Slack (MET) :             0.351ns  (required time - arrival time)
  Source:                 u_ampc_8/valid_out_reg/C
                            (rising edge-triggered cell FDRE clocked by clk  {rise@0.000ns fall@5.000ns period=10.000ns})
  Destination:            u_accumulator/accumulated_out_reg[30]/D
                            (rising edge-triggered cell FDRE clocked by clk  {rise@0.000ns fall@5.000ns period=10.000ns})
  Path Group:             clk
  Path Type:              Setup (Max at Slow Process Corner)
  Requirement:            10.000ns  (clk rise@10.000ns - clk rise@0.000ns)
  Data Path Delay:        9.427ns  (logic 3.859ns (40.936%)  route 5.568ns (59.064%))
  Logic Levels:           11  (CARRY4=6 LUT3=2 LUT5=2 LUT6=1)
  Clock Path Skew:        -0.049ns (DCD - SCD + CPR)
    Destination Clock Delay (DCD):    0.924ns = ( 10.924 - 10.000 ) 
    Source Clock Delay      (SCD):    0.973ns
    Clock Pessimism Removal (CPR):    0.000ns
  Clock Uncertainty:      0.235ns  ((TSJ^2 + TIJ^2)^1/2 + DJ) / 2 + PE + UU
    Total System Jitter     (TSJ):    0.071ns
    Total Input Jitter      (TIJ):    0.000ns
    Discrete Jitter          (DJ):    0.000ns
    Phase Error              (PE):    0.000ns
    User Uncertainty         (UU):    0.200ns

    Location             Delay type                Incr(ns)  Path(ns)    Netlist Resource(s)
  -------------------------------------------------------------------    -------------------
                         (clock clk rise edge)        0.000     0.000 r  <hidden>
                                                      0.000     0.000 r  clk
                         net (fo=901, unset)          0.973     0.973    u_ampc_8/clk
    SLICE_X20Y87         FDRE                                         r  u_ampc_8/valid_out_reg/C
  -------------------------------------------------------------------    -------------------
    SLICE_X20Y87         FDRE (Prop_fdre_C_Q)         0.518     1.491 r  u_ampc_8/valid_out_reg/Q
                         net (fo=130, routed)         1.444     2.935    u_ampc_8/valid_out
    SLICE_X34Y88         LUT5 (Prop_lut5_I2_O)        0.124     3.059 r  u_ampc_8/accumulated_out[23]_i_73/O
                         net (fo=2, routed)           1.002     4.061    u_ampc_8/u_accumulator/p_5_in[12]
    SLICE_X24Y88         LUT5 (Prop_lut5_I0_O)        0.124     4.185 r  u_ampc_8/accumulated_out[23]_i_39/O
                         net (fo=2, routed)           0.573     4.757    u_ampc_8/accumulated_out[23]_i_39_n_0
    SLICE_X23Y88         LUT6 (Prop_lut6_I0_O)        0.124     4.881 r  u_ampc_8/accumulated_out[23]_i_43/O
                         net (fo=1, routed)           0.000     4.881    u_ampc_8/accumulated_out[23]_i_43_n_0
    SLICE_X23Y88         CARRY4 (Prop_carry4_S[1]_CO[3])
                                                      0.550     5.431 r  u_ampc_8/accumulated_out_reg[23]_i_33/CO[3]
                         net (fo=1, routed)           0.000     5.431    u_ampc_8/accumulated_out_reg[23]_i_33_n_0
    SLICE_X23Y89         CARRY4 (Prop_carry4_CI_O[3])
                                                      0.313     5.744 r  u_ampc_8/accumulated_out_reg[27]_i_33/O[3]
                         net (fo=3, routed)           0.956     6.701    u_ampc_16/accumulated_out_reg[27]_i_10_0[3]
    SLICE_X22Y91         LUT3 (Prop_lut3_I0_O)        0.306     7.007 r  u_ampc_16/accumulated_out[27]_i_16/O
                         net (fo=1, routed)           0.466     7.472    u_ampc_16/accumulated_out[27]_i_16_n_0
    SLICE_X21Y91         CARRY4 (Prop_carry4_DI[0]_CO[3])
                                                      0.526     7.998 r  u_ampc_16/accumulated_out_reg[27]_i_10/CO[3]
                         net (fo=1, routed)           0.000     7.998    u_ampc_16/accumulated_out_reg[27]_i_10_n_0
    SLICE_X21Y92         CARRY4 (Prop_carry4_CI_O[1])
                                                      0.334     8.332 r  u_ampc_16/accumulated_out_reg[31]_i_13/O[1]
                         net (fo=3, routed)           0.523     8.855    u_ampc_16/accumulated_out_reg[31]_i_13_n_6
    SLICE_X18Y92         LUT3 (Prop_lut3_I0_O)        0.303     9.158 r  u_ampc_16/accumulated_out[27]_i_3/O
                         net (fo=1, routed)           0.605     9.763    u_ampc_16/accumulated_out[27]_i_3_n_0
    SLICE_X19Y92         CARRY4 (Prop_carry4_DI[2]_CO[3])
                                                      0.398    10.161 r  u_ampc_16/accumulated_out_reg[27]_i_1/CO[3]
                         net (fo=1, routed)           0.000    10.161    u_ampc_16/accumulated_out_reg[27]_i_1_n_0
    SLICE_X19Y93         CARRY4 (Prop_carry4_CI_O[2])
                                                      0.239    10.400 r  u_ampc_16/accumulated_out_reg[31]_i_2/O[2]
                         net (fo=1, routed)           0.000    10.400    u_accumulator/D[30]
    SLICE_X19Y93         FDRE                                         r  u_accumulator/accumulated_out_reg[30]/D
  -------------------------------------------------------------------    -------------------

                         (clock clk rise edge)       10.000    10.000 r  <hidden>
                                                      0.000    10.000 r  clk
                         net (fo=901, unset)          0.924    10.924    u_accumulator/clk
    SLICE_X19Y93         FDRE                                         r  u_accumulator/accumulated_out_reg[30]/C
                         clock pessimism              0.000    10.924    <hidden>
                         clock uncertainty           -0.235    10.689    <hidden>
    SLICE_X19Y93         FDRE (Setup_fdre_C_D)        0.062    10.751    u_accumulator/accumulated_out_reg[30]
  -------------------------------------------------------------------
                         required time                         10.751    <hidden>
                         arrival time                         -10.400    <hidden>
  -------------------------------------------------------------------
                         slack                                  0.351    <hidden>

Slack (MET) :             0.367ns  (required time - arrival time)
  Source:                 u_ampc_8/valid_out_reg/C
                            (rising edge-triggered cell FDRE clocked by clk  {rise@0.000ns fall@5.000ns period=10.000ns})
  Destination:            u_accumulator/accumulated_out_reg[28]/D
                            (rising edge-triggered cell FDRE clocked by clk  {rise@0.000ns fall@5.000ns period=10.000ns})
  Path Group:             clk
  Path Type:              Setup (Max at Slow Process Corner)
  Requirement:            10.000ns  (clk rise@10.000ns - clk rise@0.000ns)
  Data Path Delay:        9.411ns  (logic 3.843ns (40.836%)  route 5.568ns (59.164%))
  Logic Levels:           11  (CARRY4=6 LUT3=2 LUT5=2 LUT6=1)
  Clock Path Skew:        -0.049ns (DCD - SCD + CPR)
    Destination Clock Delay (DCD):    0.924ns = ( 10.924 - 10.000 ) 
    Source Clock Delay      (SCD):    0.973ns
    Clock Pessimism Removal (CPR):    0.000ns
  Clock Uncertainty:      0.235ns  ((TSJ^2 + TIJ^2)^1/2 + DJ) / 2 + PE + UU
    Total System Jitter     (TSJ):    0.071ns
    Total Input Jitter      (TIJ):    0.000ns
    Discrete Jitter          (DJ):    0.000ns
    Phase Error              (PE):    0.000ns
    User Uncertainty         (UU):    0.200ns

    Location             Delay type                Incr(ns)  Path(ns)    Netlist Resource(s)
  -------------------------------------------------------------------    -------------------
                         (clock clk rise edge)        0.000     0.000 r  <hidden>
                                                      0.000     0.000 r  clk
                         net (fo=901, unset)          0.973     0.973    u_ampc_8/clk
    SLICE_X20Y87         FDRE                                         r  u_ampc_8/valid_out_reg/C
  -------------------------------------------------------------------    -------------------
    SLICE_X20Y87         FDRE (Prop_fdre_C_Q)         0.518     1.491 r  u_ampc_8/valid_out_reg/Q
                         net (fo=130, routed)         1.444     2.935    u_ampc_8/valid_out
    SLICE_X34Y88         LUT5 (Prop_lut5_I2_O)        0.124     3.059 r  u_ampc_8/accumulated_out[23]_i_73/O
                         net (fo=2, routed)           1.002     4.061    u_ampc_8/u_accumulator/p_5_in[12]
    SLICE_X24Y88         LUT5 (Prop_lut5_I0_O)        0.124     4.185 r  u_ampc_8/accumulated_out[23]_i_39/O
                         net (fo=2, routed)           0.573     4.757    u_ampc_8/accumulated_out[23]_i_39_n_0
    SLICE_X23Y88         LUT6 (Prop_lut6_I0_O)        0.124     4.881 r  u_ampc_8/accumulated_out[23]_i_43/O
                         net (fo=1, routed)           0.000     4.881    u_ampc_8/accumulated_out[23]_i_43_n_0
    SLICE_X23Y88         CARRY4 (Prop_carry4_S[1]_CO[3])
                                                      0.550     5.431 r  u_ampc_8/accumulated_out_reg[23]_i_33/CO[3]
                         net (fo=1, routed)           0.000     5.431    u_ampc_8/accumulated_out_reg[23]_i_33_n_0
    SLICE_X23Y89         CARRY4 (Prop_carry4_CI_O[3])
                                                      0.313     5.744 r  u_ampc_8/accumulated_out_reg[27]_i_33/O[3]
                         net (fo=3, routed)           0.956     6.701    u_ampc_16/accumulated_out_reg[27]_i_10_0[3]
    SLICE_X22Y91         LUT3 (Prop_lut3_I0_O)        0.306     7.007 r  u_ampc_16/accumulated_out[27]_i_16/O
                         net (fo=1, routed)           0.466     7.472    u_ampc_16/accumulated_out[27]_i_16_n_0
    SLICE_X21Y91         CARRY4 (Prop_carry4_DI[0]_CO[3])
                                                      0.526     7.998 r  u_ampc_16/accumulated_out_reg[27]_i_10/CO[3]
                         net (fo=1, routed)           0.000     7.998    u_ampc_16/accumulated_out_reg[27]_i_10_n_0
    SLICE_X21Y92         CARRY4 (Prop_carry4_CI_O[1])
                                                      0.334     8.332 r  u_ampc_16/accumulated_out_reg[31]_i_13/O[1]
                         net (fo=3, routed)           0.523     8.855    u_ampc_16/accumulated_out_reg[31]_i_13_n_6
    SLICE_X18Y92         LUT3 (Prop_lut3_I0_O)        0.303     9.158 r  u_ampc_16/accumulated_out[27]_i_3/O
                         net (fo=1, routed)           0.605     9.763    u_ampc_16/accumulated_out[27]_i_3_n_0
    SLICE_X19Y92         CARRY4 (Prop_carry4_DI[2]_CO[3])
                                                      0.398    10.161 r  u_ampc_16/accumulated_out_reg[27]_i_1/CO[3]
                         net (fo=1, routed)           0.000    10.161    u_ampc_16/accumulated_out_reg[27]_i_1_n_0
    SLICE_X19Y93         CARRY4 (Prop_carry4_CI_O[0])
                                                      0.223    10.384 r  u_ampc_16/accumulated_out_reg[31]_i_2/O[0]
                         net (fo=1, routed)           0.000    10.384    u_accumulator/D[28]
    SLICE_X19Y93         FDRE                                         r  u_accumulator/accumulated_out_reg[28]/D
  -------------------------------------------------------------------    -------------------

                         (clock clk rise edge)       10.000    10.000 r  <hidden>
                                                      0.000    10.000 r  clk
                         net (fo=901, unset)          0.924    10.924    u_accumulator/clk
    SLICE_X19Y93         FDRE                                         r  u_accumulator/accumulated_out_reg[28]/C
                         clock pessimism              0.000    10.924    <hidden>
                         clock uncertainty           -0.235    10.689    <hidden>
    SLICE_X19Y93         FDRE (Setup_fdre_C_D)        0.062    10.751    u_accumulator/accumulated_out_reg[28]
  -------------------------------------------------------------------
                         required time                         10.751    <hidden>
                         arrival time                         -10.384    <hidden>
  -------------------------------------------------------------------
                         slack                                  0.367    <hidden>

Slack (MET) :             0.549ns  (required time - arrival time)
  Source:                 u_ampc_8/valid_out_reg/C
                            (rising edge-triggered cell FDRE clocked by clk  {rise@0.000ns fall@5.000ns period=10.000ns})
  Destination:            u_accumulator/accumulated_out_reg[27]/D
                            (rising edge-triggered cell FDRE clocked by clk  {rise@0.000ns fall@5.000ns period=10.000ns})
  Path Group:             clk
  Path Type:              Setup (Max at Slow Process Corner)
  Requirement:            10.000ns  (clk rise@10.000ns - clk rise@0.000ns)
  Data Path Delay:        9.229ns  (logic 3.661ns (39.669%)  route 5.568ns (60.331%))
  Logic Levels:           10  (CARRY4=5 LUT3=2 LUT5=2 LUT6=1)
  Clock Path Skew:        -0.049ns (DCD - SCD + CPR)
    Destination Clock Delay (DCD):    0.924ns = ( 10.924 - 10.000 ) 
    Source Clock Delay      (SCD):    0.973ns
    Clock Pessimism Removal (CPR):    0.000ns
  Clock Uncertainty:      0.235ns  ((TSJ^2 + TIJ^2)^1/2 + DJ) / 2 + PE + UU
    Total System Jitter     (TSJ):    0.071ns
    Total Input Jitter      (TIJ):    0.000ns
    Discrete Jitter          (DJ):    0.000ns
    Phase Error              (PE):    0.000ns
    User Uncertainty         (UU):    0.200ns

    Location             Delay type                Incr(ns)  Path(ns)    Netlist Resource(s)
  -------------------------------------------------------------------    -------------------
                         (clock clk rise edge)        0.000     0.000 r  <hidden>
                                                      0.000     0.000 r  clk
                         net (fo=901, unset)          0.973     0.973    u_ampc_8/clk
    SLICE_X20Y87         FDRE                                         r  u_ampc_8/valid_out_reg/C
  -------------------------------------------------------------------    -------------------
    SLICE_X20Y87         FDRE (Prop_fdre_C_Q)         0.518     1.491 r  u_ampc_8/valid_out_reg/Q
                         net (fo=130, routed)         1.444     2.935    u_ampc_8/valid_out
    SLICE_X34Y88         LUT5 (Prop_lut5_I2_O)        0.124     3.059 r  u_ampc_8/accumulated_out[23]_i_73/O
                         net (fo=2, routed)           1.002     4.061    u_ampc_8/u_accumulator/p_5_in[12]
    SLICE_X24Y88         LUT5 (Prop_lut5_I0_O)        0.124     4.185 r  u_ampc_8/accumulated_out[23]_i_39/O
                         net (fo=2, routed)           0.573     4.757    u_ampc_8/accumulated_out[23]_i_39_n_0
    SLICE_X23Y88         LUT6 (Prop_lut6_I0_O)        0.124     4.881 r  u_ampc_8/accumulated_out[23]_i_43/O
                         net (fo=1, routed)           0.000     4.881    u_ampc_8/accumulated_out[23]_i_43_n_0
    SLICE_X23Y88         CARRY4 (Prop_carry4_S[1]_CO[3])
                                                      0.550     5.431 r  u_ampc_8/accumulated_out_reg[23]_i_33/CO[3]
                         net (fo=1, routed)           0.000     5.431    u_ampc_8/accumulated_out_reg[23]_i_33_n_0
    SLICE_X23Y89         CARRY4 (Prop_carry4_CI_O[3])
                                                      0.313     5.744 r  u_ampc_8/accumulated_out_reg[27]_i_33/O[3]
                         net (fo=3, routed)           0.956     6.701    u_ampc_16/accumulated_out_reg[27]_i_10_0[3]
    SLICE_X22Y91         LUT3 (Prop_lut3_I0_O)        0.306     7.007 r  u_ampc_16/accumulated_out[27]_i_16/O
                         net (fo=1, routed)           0.466     7.472    u_ampc_16/accumulated_out[27]_i_16_n_0
    SLICE_X21Y91         CARRY4 (Prop_carry4_DI[0]_CO[3])
                                                      0.526     7.998 r  u_ampc_16/accumulated_out_reg[27]_i_10/CO[3]
                         net (fo=1, routed)           0.000     7.998    u_ampc_16/accumulated_out_reg[27]_i_10_n_0
    SLICE_X21Y92         CARRY4 (Prop_carry4_CI_O[1])
                                                      0.334     8.332 r  u_ampc_16/accumulated_out_reg[31]_i_13/O[1]
                         net (fo=3, routed)           0.523     8.855    u_ampc_16/accumulated_out_reg[31]_i_13_n_6
    SLICE_X18Y92         LUT3 (Prop_lut3_I0_O)        0.303     9.158 r  u_ampc_16/accumulated_out[27]_i_3/O
                         net (fo=1, routed)           0.605     9.763    u_ampc_16/accumulated_out[27]_i_3_n_0
    SLICE_X19Y92         CARRY4 (Prop_carry4_DI[2]_O[3])
                                                      0.439    10.202 r  u_ampc_16/accumulated_out_reg[27]_i_1/O[3]
                         net (fo=1, routed)           0.000    10.202    u_accumulator/D[27]
    SLICE_X19Y92         FDRE                                         r  u_accumulator/accumulated_out_reg[27]/D
  -------------------------------------------------------------------    -------------------

                         (clock clk rise edge)       10.000    10.000 r  <hidden>
                                                      0.000    10.000 r  clk
                         net (fo=901, unset)          0.924    10.924    u_accumulator/clk
    SLICE_X19Y92         FDRE                                         r  u_accumulator/accumulated_out_reg[27]/C
                         clock pessimism              0.000    10.924    <hidden>
                         clock uncertainty           -0.235    10.689    <hidden>
    SLICE_X19Y92         FDRE (Setup_fdre_C_D)        0.062    10.751    u_accumulator/accumulated_out_reg[27]
  -------------------------------------------------------------------
                         required time                         10.751    <hidden>
                         arrival time                         -10.202    <hidden>
  -------------------------------------------------------------------
                         slack                                  0.549    <hidden>

Slack (MET) :             0.584ns  (required time - arrival time)
  Source:                 u_ampc_8/valid_out_reg/C
                            (rising edge-triggered cell FDRE clocked by clk  {rise@0.000ns fall@5.000ns period=10.000ns})
  Destination:            u_accumulator/accumulated_out_reg[25]/D
                            (rising edge-triggered cell FDRE clocked by clk  {rise@0.000ns fall@5.000ns period=10.000ns})
  Path Group:             clk
  Path Type:              Setup (Max at Slow Process Corner)
  Requirement:            10.000ns  (clk rise@10.000ns - clk rise@0.000ns)
  Data Path Delay:        9.194ns  (logic 3.636ns (39.548%)  route 5.558ns (60.452%))
  Logic Levels:           10  (CARRY4=5 LUT3=2 LUT5=2 LUT6=1)
  Clock Path Skew:        -0.049ns (DCD - SCD + CPR)
    Destination Clock Delay (DCD):    0.924ns = ( 10.924 - 10.000 ) 
    Source Clock Delay      (SCD):    0.973ns
    Clock Pessimism Removal (CPR):    0.000ns
  Clock Uncertainty:      0.235ns  ((TSJ^2 + TIJ^2)^1/2 + DJ) / 2 + PE + UU
    Total System Jitter     (TSJ):    0.071ns
    Total Input Jitter      (TIJ):    0.000ns
    Discrete Jitter          (DJ):    0.000ns
    Phase Error              (PE):    0.000ns
    User Uncertainty         (UU):    0.200ns

    Location             Delay type                Incr(ns)  Path(ns)    Netlist Resource(s)
  -------------------------------------------------------------------    -------------------
                         (clock clk rise edge)        0.000     0.000 r  <hidden>
                                                      0.000     0.000 r  clk
                         net (fo=901, unset)          0.973     0.973    u_ampc_8/clk
    SLICE_X20Y87         FDRE                                         r  u_ampc_8/valid_out_reg/C
  -------------------------------------------------------------------    -------------------
    SLICE_X20Y87         FDRE (Prop_fdre_C_Q)         0.518     1.491 r  u_ampc_8/valid_out_reg/Q
                         net (fo=130, routed)         1.444     2.935    u_ampc_8/valid_out
    SLICE_X34Y88         LUT5 (Prop_lut5_I2_O)        0.124     3.059 r  u_ampc_8/accumulated_out[23]_i_73/O
                         net (fo=2, routed)           1.002     4.061    u_ampc_8/u_accumulator/p_5_in[12]
    SLICE_X24Y88         LUT5 (Prop_lut5_I0_O)        0.124     4.185 r  u_ampc_8/accumulated_out[23]_i_39/O
                         net (fo=2, routed)           0.573     4.757    u_ampc_8/accumulated_out[23]_i_39_n_0
    SLICE_X23Y88         LUT6 (Prop_lut6_I0_O)        0.124     4.881 r  u_ampc_8/accumulated_out[23]_i_43/O
                         net (fo=1, routed)           0.000     4.881    u_ampc_8/accumulated_out[23]_i_43_n_0
    SLICE_X23Y88         CARRY4 (Prop_carry4_S[1]_CO[3])
                                                      0.550     5.431 r  u_ampc_8/accumulated_out_reg[23]_i_33/CO[3]
                         net (fo=1, routed)           0.000     5.431    u_ampc_8/accumulated_out_reg[23]_i_33_n_0
    SLICE_X23Y89         CARRY4 (Prop_carry4_CI_O[3])
                                                      0.313     5.744 r  u_ampc_8/accumulated_out_reg[27]_i_33/O[3]
                         net (fo=3, routed)           0.956     6.701    u_ampc_16/accumulated_out_reg[27]_i_10_0[3]
    SLICE_X22Y91         LUT3 (Prop_lut3_I0_O)        0.306     7.007 r  u_ampc_16/accumulated_out[27]_i_16/O
                         net (fo=1, routed)           0.466     7.472    u_ampc_16/accumulated_out[27]_i_16_n_0
    SLICE_X21Y91         CARRY4 (Prop_carry4_DI[0]_O[2])
                                                      0.556     8.028 r  u_ampc_16/accumulated_out_reg[27]_i_10/O[2]
                         net (fo=3, routed)           0.455     8.483    u_ampc_16/accumulated_out_reg[27]_i_10_n_5
    SLICE_X17Y91         LUT3 (Prop_lut3_I0_O)        0.302     8.785 r  u_ampc_16/accumulated_out[23]_i_2/O
                         net (fo=1, routed)           0.662     9.448    u_ampc_16/accumulated_out[23]_i_2_n_0
    SLICE_X19Y91         CARRY4 (Prop_carry4_DI[3]_CO[3])
                                                      0.385     9.833 r  u_ampc_16/accumulated_out_reg[23]_i_1/CO[3]
                         net (fo=1, routed)           0.000     9.833    u_ampc_16/accumulated_out_reg[23]_i_1_n_0
    SLICE_X19Y92         CARRY4 (Prop_carry4_CI_O[1])
                                                      0.334    10.167 r  u_ampc_16/accumulated_out_reg[27]_i_1/O[1]
                         net (fo=1, routed)           0.000    10.167    u_accumulator/D[25]
    SLICE_X19Y92         FDRE                                         r  u_accumulator/accumulated_out_reg[25]/D
  -------------------------------------------------------------------    -------------------

                         (clock clk rise edge)       10.000    10.000 r  <hidden>
                                                      0.000    10.000 r  clk
                         net (fo=901, unset)          0.924    10.924    u_accumulator/clk
    SLICE_X19Y92         FDRE                                         r  u_accumulator/accumulated_out_reg[25]/C
                         clock pessimism              0.000    10.924    <hidden>
                         clock uncertainty           -0.235    10.689    <hidden>
    SLICE_X19Y92         FDRE (Setup_fdre_C_D)        0.062    10.751    u_accumulator/accumulated_out_reg[25]
  -------------------------------------------------------------------
                         required time                         10.751    <hidden>
                         arrival time                         -10.167    <hidden>
  -------------------------------------------------------------------
                         slack                                  0.584    <hidden>

Slack (MET) :             0.679ns  (required time - arrival time)
  Source:                 u_ampc_8/valid_out_reg/C
                            (rising edge-triggered cell FDRE clocked by clk  {rise@0.000ns fall@5.000ns period=10.000ns})
  Destination:            u_accumulator/accumulated_out_reg[26]/D
                            (rising edge-triggered cell FDRE clocked by clk  {rise@0.000ns fall@5.000ns period=10.000ns})
  Path Group:             clk
  Path Type:              Setup (Max at Slow Process Corner)
  Requirement:            10.000ns  (clk rise@10.000ns - clk rise@0.000ns)
  Data Path Delay:        9.099ns  (logic 3.541ns (38.917%)  route 5.558ns (61.083%))
  Logic Levels:           10  (CARRY4=5 LUT3=2 LUT5=2 LUT6=1)
  Clock Path Skew:        -0.049ns (DCD - SCD + CPR)
    Destination Clock Delay (DCD):    0.924ns = ( 10.924 - 10.000 ) 
    Source Clock Delay      (SCD):    0.973ns
    Clock Pessimism Removal (CPR):    0.000ns
  Clock Uncertainty:      0.235ns  ((TSJ^2 + TIJ^2)^1/2 + DJ) / 2 + PE + UU
    Total System Jitter     (TSJ):    0.071ns
    Total Input Jitter      (TIJ):    0.000ns
    Discrete Jitter          (DJ):    0.000ns
    Phase Error              (PE):    0.000ns
    User Uncertainty         (UU):    0.200ns

    Location             Delay type                Incr(ns)  Path(ns)    Netlist Resource(s)
  -------------------------------------------------------------------    -------------------
                         (clock clk rise edge)        0.000     0.000 r  <hidden>
                                                      0.000     0.000 r  clk
                         net (fo=901, unset)          0.973     0.973    u_ampc_8/clk
    SLICE_X20Y87         FDRE                                         r  u_ampc_8/valid_out_reg/C
  -------------------------------------------------------------------    -------------------
    SLICE_X20Y87         FDRE (Prop_fdre_C_Q)         0.518     1.491 r  u_ampc_8/valid_out_reg/Q
                         net (fo=130, routed)         1.444     2.935    u_ampc_8/valid_out
    SLICE_X34Y88         LUT5 (Prop_lut5_I2_O)        0.124     3.059 r  u_ampc_8/accumulated_out[23]_i_73/O
                         net (fo=2, routed)           1.002     4.061    u_ampc_8/u_accumulator/p_5_in[12]
    SLICE_X24Y88         LUT5 (Prop_lut5_I0_O)        0.124     4.185 r  u_ampc_8/accumulated_out[23]_i_39/O
                         net (fo=2, routed)           0.573     4.757    u_ampc_8/accumulated_out[23]_i_39_n_0
    SLICE_X23Y88         LUT6 (Prop_lut6_I0_O)        0.124     4.881 r  u_ampc_8/accumulated_out[23]_i_43/O
                         net (fo=1, routed)           0.000     4.881    u_ampc_8/accumulated_out[23]_i_43_n_0
    SLICE_X23Y88         CARRY4 (Prop_carry4_S[1]_CO[3])
                                                      0.550     5.431 r  u_ampc_8/accumulated_out_reg[23]_i_33/CO[3]
                         net (fo=1, routed)           0.000     5.431    u_ampc_8/accumulated_out_reg[23]_i_33_n_0
    SLICE_X23Y89         CARRY4 (Prop_carry4_CI_O[3])
                                                      0.313     5.744 r  u_ampc_8/accumulated_out_reg[27]_i_33/O[3]
                         net (fo=3, routed)           0.956     6.701    u_ampc_16/accumulated_out_reg[27]_i_10_0[3]
    SLICE_X22Y91         LUT3 (Prop_lut3_I0_O)        0.306     7.007 r  u_ampc_16/accumulated_out[27]_i_16/O
                         net (fo=1, routed)           0.466     7.472    u_ampc_16/accumulated_out[27]_i_16_n_0
    SLICE_X21Y91         CARRY4 (Prop_carry4_DI[0]_O[2])
                                                      0.556     8.028 r  u_ampc_16/accumulated_out_reg[27]_i_10/O[2]
                         net (fo=3, routed)           0.455     8.483    u_ampc_16/accumulated_out_reg[27]_i_10_n_5
    SLICE_X17Y91         LUT3 (Prop_lut3_I0_O)        0.302     8.785 r  u_ampc_16/accumulated_out[23]_i_2/O
                         net (fo=1, routed)           0.662     9.448    u_ampc_16/accumulated_out[23]_i_2_n_0
    SLICE_X19Y91         CARRY4 (Prop_carry4_DI[3]_CO[3])
                                                      0.385     9.833 r  u_ampc_16/accumulated_out_reg[23]_i_1/CO[3]
                         net (fo=1, routed)           0.000     9.833    u_ampc_16/accumulated_out_reg[23]_i_1_n_0
    SLICE_X19Y92         CARRY4 (Prop_carry4_CI_O[2])
                                                      0.239    10.072 r  u_ampc_16/accumulated_out_reg[27]_i_1/O[2]
                         net (fo=1, routed)           0.000    10.072    u_accumulator/D[26]
    SLICE_X19Y92         FDRE                                         r  u_accumulator/accumulated_out_reg[26]/D
  -------------------------------------------------------------------    -------------------

                         (clock clk rise edge)       10.000    10.000 r  <hidden>
                                                      0.000    10.000 r  clk
                         net (fo=901, unset)          0.924    10.924    u_accumulator/clk
    SLICE_X19Y92         FDRE                                         r  u_accumulator/accumulated_out_reg[26]/C
                         clock pessimism              0.000    10.924    <hidden>
                         clock uncertainty           -0.235    10.689    <hidden>
    SLICE_X19Y92         FDRE (Setup_fdre_C_D)        0.062    10.751    u_accumulator/accumulated_out_reg[26]
  -------------------------------------------------------------------
                         required time                         10.751    <hidden>
                         arrival time                         -10.072    <hidden>
  -------------------------------------------------------------------
                         slack                                  0.679    <hidden>

Slack (MET) :             0.695ns  (required time - arrival time)
  Source:                 u_ampc_8/valid_out_reg/C
                            (rising edge-triggered cell FDRE clocked by clk  {rise@0.000ns fall@5.000ns period=10.000ns})
  Destination:            u_accumulator/accumulated_out_reg[24]/D
                            (rising edge-triggered cell FDRE clocked by clk  {rise@0.000ns fall@5.000ns period=10.000ns})
  Path Group:             clk
  Path Type:              Setup (Max at Slow Process Corner)
  Requirement:            10.000ns  (clk rise@10.000ns - clk rise@0.000ns)
  Data Path Delay:        9.083ns  (logic 3.525ns (38.810%)  route 5.558ns (61.190%))
  Logic Levels:           10  (CARRY4=5 LUT3=2 LUT5=2 LUT6=1)
  Clock Path Skew:        -0.049ns (DCD - SCD + CPR)
    Destination Clock Delay (DCD):    0.924ns = ( 10.924 - 10.000 ) 
    Source Clock Delay      (SCD):    0.973ns
    Clock Pessimism Removal (CPR):    0.000ns
  Clock Uncertainty:      0.235ns  ((TSJ^2 + TIJ^2)^1/2 + DJ) / 2 + PE + UU
    Total System Jitter     (TSJ):    0.071ns
    Total Input Jitter      (TIJ):    0.000ns
    Discrete Jitter          (DJ):    0.000ns
    Phase Error              (PE):    0.000ns
    User Uncertainty         (UU):    0.200ns

    Location             Delay type                Incr(ns)  Path(ns)    Netlist Resource(s)
  -------------------------------------------------------------------    -------------------
                         (clock clk rise edge)        0.000     0.000 r  <hidden>
                                                      0.000     0.000 r  clk
                         net (fo=901, unset)          0.973     0.973    u_ampc_8/clk
    SLICE_X20Y87         FDRE                                         r  u_ampc_8/valid_out_reg/C
  -------------------------------------------------------------------    -------------------
    SLICE_X20Y87         FDRE (Prop_fdre_C_Q)         0.518     1.491 r  u_ampc_8/valid_out_reg/Q
                         net (fo=130, routed)         1.444     2.935    u_ampc_8/valid_out
    SLICE_X34Y88         LUT5 (Prop_lut5_I2_O)        0.124     3.059 r  u_ampc_8/accumulated_out[23]_i_73/O
                         net (fo=2, routed)           1.002     4.061    u_ampc_8/u_accumulator/p_5_in[12]
    SLICE_X24Y88         LUT5 (Prop_lut5_I0_O)        0.124     4.185 r  u_ampc_8/accumulated_out[23]_i_39/O
                         net (fo=2, routed)           0.573     4.757    u_ampc_8/accumulated_out[23]_i_39_n_0
    SLICE_X23Y88         LUT6 (Prop_lut6_I0_O)        0.124     4.881 r  u_ampc_8/accumulated_out[23]_i_43/O
                         net (fo=1, routed)           0.000     4.881    u_ampc_8/accumulated_out[23]_i_43_n_0
    SLICE_X23Y88         CARRY4 (Prop_carry4_S[1]_CO[3])
                                                      0.550     5.431 r  u_ampc_8/accumulated_out_reg[23]_i_33/CO[3]
                         net (fo=1, routed)           0.000     5.431    u_ampc_8/accumulated_out_reg[23]_i_33_n_0
    SLICE_X23Y89         CARRY4 (Prop_carry4_CI_O[3])
                                                      0.313     5.744 r  u_ampc_8/accumulated_out_reg[27]_i_33/O[3]
                         net (fo=3, routed)           0.956     6.701    u_ampc_16/accumulated_out_reg[27]_i_10_0[3]
    SLICE_X22Y91         LUT3 (Prop_lut3_I0_O)        0.306     7.007 r  u_ampc_16/accumulated_out[27]_i_16/O
                         net (fo=1, routed)           0.466     7.472    u_ampc_16/accumulated_out[27]_i_16_n_0
    SLICE_X21Y91         CARRY4 (Prop_carry4_DI[0]_O[2])
                                                      0.556     8.028 r  u_ampc_16/accumulated_out_reg[27]_i_10/O[2]
                         net (fo=3, routed)           0.455     8.483    u_ampc_16/accumulated_out_reg[27]_i_10_n_5
    SLICE_X17Y91         LUT3 (Prop_lut3_I0_O)        0.302     8.785 r  u_ampc_16/accumulated_out[23]_i_2/O
                         net (fo=1, routed)           0.662     9.448    u_ampc_16/accumulated_out[23]_i_2_n_0
    SLICE_X19Y91         CARRY4 (Prop_carry4_DI[3]_CO[3])
                                                      0.385     9.833 r  u_ampc_16/accumulated_out_reg[23]_i_1/CO[3]
                         net (fo=1, routed)           0.000     9.833    u_ampc_16/accumulated_out_reg[23]_i_1_n_0
    SLICE_X19Y92         CARRY4 (Prop_carry4_CI_O[0])
                                                      0.223    10.056 r  u_ampc_16/accumulated_out_reg[27]_i_1/O[0]
                         net (fo=1, routed)           0.000    10.056    u_accumulator/D[24]
    SLICE_X19Y92         FDRE                                         r  u_accumulator/accumulated_out_reg[24]/D
  -------------------------------------------------------------------    -------------------

                         (clock clk rise edge)       10.000    10.000 r  <hidden>
                                                      0.000    10.000 r  clk
                         net (fo=901, unset)          0.924    10.924    u_accumulator/clk
    SLICE_X19Y92         FDRE                                         r  u_accumulator/accumulated_out_reg[24]/C
                         clock pessimism              0.000    10.924    <hidden>
                         clock uncertainty           -0.235    10.689    <hidden>
    SLICE_X19Y92         FDRE (Setup_fdre_C_D)        0.062    10.751    u_accumulator/accumulated_out_reg[24]
  -------------------------------------------------------------------
                         required time                         10.751    <hidden>
                         arrival time                         -10.056    <hidden>
  -------------------------------------------------------------------
                         slack                                  0.695    <hidden>

Slack (MET) :             0.859ns  (required time - arrival time)
  Source:                 u_ampc_8/valid_out_reg/C
                            (rising edge-triggered cell FDRE clocked by clk  {rise@0.000ns fall@5.000ns period=10.000ns})
  Destination:            u_accumulator/accumulated_out_reg[21]/D
                            (rising edge-triggered cell FDRE clocked by clk  {rise@0.000ns fall@5.000ns period=10.000ns})
  Path Group:             clk
  Path Type:              Setup (Max at Slow Process Corner)
  Requirement:            10.000ns  (clk rise@10.000ns - clk rise@0.000ns)
  Data Path Delay:        8.919ns  (logic 4.058ns (45.499%)  route 4.861ns (54.501%))
  Logic Levels:           13  (CARRY4=8 LUT3=2 LUT5=2 LUT6=1)
  Clock Path Skew:        -0.049ns (DCD - SCD + CPR)
    Destination Clock Delay (DCD):    0.924ns = ( 10.924 - 10.000 ) 
    Source Clock Delay      (SCD):    0.973ns
    Clock Pessimism Removal (CPR):    0.000ns
  Clock Uncertainty:      0.235ns  ((TSJ^2 + TIJ^2)^1/2 + DJ) / 2 + PE + UU
    Total System Jitter     (TSJ):    0.071ns
    Total Input Jitter      (TIJ):    0.000ns
    Discrete Jitter          (DJ):    0.000ns
    Phase Error              (PE):    0.000ns
    User Uncertainty         (UU):    0.200ns

    Location             Delay type                Incr(ns)  Path(ns)    Netlist Resource(s)
  -------------------------------------------------------------------    -------------------
                         (clock clk rise edge)        0.000     0.000 r  <hidden>
                                                      0.000     0.000 r  clk
                         net (fo=901, unset)          0.973     0.973    u_ampc_8/clk
    SLICE_X20Y87         FDRE                                         r  u_ampc_8/valid_out_reg/C
  -------------------------------------------------------------------    -------------------
    SLICE_X20Y87         FDRE (Prop_fdre_C_Q)         0.518     1.491 r  u_ampc_8/valid_out_reg/Q
                         net (fo=130, routed)         1.362     2.853    u_ampc_8/valid_out
    SLICE_X26Y84         LUT5 (Prop_lut5_I2_O)        0.124     2.977 r  u_ampc_8/accumulated_out[11]_i_98/O
                         net (fo=2, routed)           0.643     3.620    u_ampc_8/mask_q_reg[7][0]
    SLICE_X23Y84         LUT5 (Prop_lut5_I1_O)        0.124     3.744 r  u_ampc_8/accumulated_out[11]_i_63/O
                         net (fo=2, routed)           0.464     4.208    u_ampc_8/accumulated_out[11]_i_63_n_0
    SLICE_X23Y85         LUT6 (Prop_lut6_I0_O)        0.124     4.332 r  u_ampc_8/accumulated_out[11]_i_66/O
                         net (fo=1, routed)           0.000     4.332    u_ampc_8/accumulated_out[11]_i_66_n_0
    SLICE_X23Y85         CARRY4 (Prop_carry4_S[1]_CO[3])
                                                      0.550     4.882 r  u_ampc_8/accumulated_out_reg[11]_i_37/CO[3]
                         net (fo=1, routed)           0.000     4.882    u_ampc_8/accumulated_out_reg[11]_i_37_n_0
    SLICE_X23Y86         CARRY4 (Prop_carry4_CI_CO[3])
                                                      0.114     4.996 r  u_ampc_8/accumulated_out_reg[15]_i_37/CO[3]
                         net (fo=1, routed)           0.000     4.996    u_ampc_8/accumulated_out_reg[15]_i_37_n_0
    SLICE_X23Y87         CARRY4 (Prop_carry4_CI_O[0])
                                                      0.222     5.218 r  u_ampc_8/accumulated_out_reg[19]_i_37/O[0]
                         net (fo=3, routed)           0.777     5.995    u_ampc_16/accumulated_out_reg[19]_i_10_0[0]
    SLICE_X20Y88         LUT3 (Prop_lut3_I0_O)        0.299     6.294 r  u_ampc_16/accumulated_out[15]_i_15/O
                         net (fo=1, routed)           0.708     7.002    u_ampc_16/accumulated_out[15]_i_15_n_0
    SLICE_X21Y88         CARRY4 (Prop_carry4_DI[1]_CO[3])
                                                      0.507     7.509 r  u_ampc_16/accumulated_out_reg[15]_i_10/CO[3]
                         net (fo=1, routed)           0.000     7.509    u_ampc_16/accumulated_out_reg[15]_i_10_n_0
    SLICE_X21Y89         CARRY4 (Prop_carry4_CI_O[0])
                                                      0.222     7.731 r  u_ampc_16/accumulated_out_reg[19]_i_10/O[0]
                         net (fo=3, routed)           0.338     8.069    u_ampc_16/accumulated_out_reg[19]_i_10_n_7
    SLICE_X18Y89         LUT3 (Prop_lut3_I0_O)        0.299     8.368 r  u_ampc_16/accumulated_out[15]_i_4/O
                         net (fo=1, routed)           0.569     8.937    u_ampc_16/accumulated_out[15]_i_4_n_0
    SLICE_X19Y89         CARRY4 (Prop_carry4_DI[1]_CO[3])
                                                      0.507     9.444 r  u_ampc_16/accumulated_out_reg[15]_i_1/CO[3]
                         net (fo=1, routed)           0.000     9.444    u_ampc_16/accumulated_out_reg[15]_i_1_n_0
    SLICE_X19Y90         CARRY4 (Prop_carry4_CI_CO[3])
                                                      0.114     9.558 r  u_ampc_16/accumulated_out_reg[19]_i_1/CO[3]
                         net (fo=1, routed)           0.000     9.558    u_ampc_16/accumulated_out_reg[19]_i_1_n_0
    SLICE_X19Y91         CARRY4 (Prop_carry4_CI_O[1])
                                                      0.334     9.892 r  u_ampc_16/accumulated_out_reg[23]_i_1/O[1]
                         net (fo=1, routed)           0.000     9.892    u_accumulator/D[21]
    SLICE_X19Y91         FDRE                                         r  u_accumulator/accumulated_out_reg[21]/D
  -------------------------------------------------------------------    -------------------

                         (clock clk rise edge)       10.000    10.000 r  <hidden>
                                                      0.000    10.000 r  clk
                         net (fo=901, unset)          0.924    10.924    u_accumulator/clk
    SLICE_X19Y91         FDRE                                         r  u_accumulator/accumulated_out_reg[21]/C
                         clock pessimism              0.000    10.924    <hidden>
                         clock uncertainty           -0.235    10.689    <hidden>
    SLICE_X19Y91         FDRE (Setup_fdre_C_D)        0.062    10.751    u_accumulator/accumulated_out_reg[21]
  -------------------------------------------------------------------
                         required time                         10.751    <hidden>
                         arrival time                          -9.892    <hidden>
  -------------------------------------------------------------------
                         slack                                  0.859    <hidden>

Slack (MET) :             0.880ns  (required time - arrival time)
  Source:                 u_ampc_8/valid_out_reg/C
                            (rising edge-triggered cell FDRE clocked by clk  {rise@0.000ns fall@5.000ns period=10.000ns})
  Destination:            u_accumulator/accumulated_out_reg[23]/D
                            (rising edge-triggered cell FDRE clocked by clk  {rise@0.000ns fall@5.000ns period=10.000ns})
  Path Group:             clk
  Path Type:              Setup (Max at Slow Process Corner)
  Requirement:            10.000ns  (clk rise@10.000ns - clk rise@0.000ns)
  Data Path Delay:        8.898ns  (logic 4.037ns (45.370%)  route 4.861ns (54.630%))
  Logic Levels:           13  (CARRY4=8 LUT3=2 LUT5=2 LUT6=1)
  Clock Path Skew:        -0.049ns (DCD - SCD + CPR)
    Destination Clock Delay (DCD):    0.924ns = ( 10.924 - 10.000 ) 
    Source Clock Delay      (SCD):    0.973ns
    Clock Pessimism Removal (CPR):    0.000ns
  Clock Uncertainty:      0.235ns  ((TSJ^2 + TIJ^2)^1/2 + DJ) / 2 + PE + UU
    Total System Jitter     (TSJ):    0.071ns
    Total Input Jitter      (TIJ):    0.000ns
    Discrete Jitter          (DJ):    0.000ns
    Phase Error              (PE):    0.000ns
    User Uncertainty         (UU):    0.200ns

    Location             Delay type                Incr(ns)  Path(ns)    Netlist Resource(s)
  -------------------------------------------------------------------    -------------------
                         (clock clk rise edge)        0.000     0.000 r  <hidden>
                                                      0.000     0.000 r  clk
                         net (fo=901, unset)          0.973     0.973    u_ampc_8/clk
    SLICE_X20Y87         FDRE                                         r  u_ampc_8/valid_out_reg/C
  -------------------------------------------------------------------    -------------------
    SLICE_X20Y87         FDRE (Prop_fdre_C_Q)         0.518     1.491 r  u_ampc_8/valid_out_reg/Q
                         net (fo=130, routed)         1.362     2.853    u_ampc_8/valid_out
    SLICE_X26Y84         LUT5 (Prop_lut5_I2_O)        0.124     2.977 r  u_ampc_8/accumulated_out[11]_i_98/O
                         net (fo=2, routed)           0.643     3.620    u_ampc_8/mask_q_reg[7][0]
    SLICE_X23Y84         LUT5 (Prop_lut5_I1_O)        0.124     3.744 r  u_ampc_8/accumulated_out[11]_i_63/O
                         net (fo=2, routed)           0.464     4.208    u_ampc_8/accumulated_out[11]_i_63_n_0
    SLICE_X23Y85         LUT6 (Prop_lut6_I0_O)        0.124     4.332 r  u_ampc_8/accumulated_out[11]_i_66/O
                         net (fo=1, routed)           0.000     4.332    u_ampc_8/accumulated_out[11]_i_66_n_0
    SLICE_X23Y85         CARRY4 (Prop_carry4_S[1]_CO[3])
                                                      0.550     4.882 r  u_ampc_8/accumulated_out_reg[11]_i_37/CO[3]
                         net (fo=1, routed)           0.000     4.882    u_ampc_8/accumulated_out_reg[11]_i_37_n_0
    SLICE_X23Y86         CARRY4 (Prop_carry4_CI_CO[3])
                                                      0.114     4.996 r  u_ampc_8/accumulated_out_reg[15]_i_37/CO[3]
                         net (fo=1, routed)           0.000     4.996    u_ampc_8/accumulated_out_reg[15]_i_37_n_0
    SLICE_X23Y87         CARRY4 (Prop_carry4_CI_O[0])
                                                      0.222     5.218 r  u_ampc_8/accumulated_out_reg[19]_i_37/O[0]
                         net (fo=3, routed)           0.777     5.995    u_ampc_16/accumulated_out_reg[19]_i_10_0[0]
    SLICE_X20Y88         LUT3 (Prop_lut3_I0_O)        0.299     6.294 r  u_ampc_16/accumulated_out[15]_i_15/O
                         net (fo=1, routed)           0.708     7.002    u_ampc_16/accumulated_out[15]_i_15_n_0
    SLICE_X21Y88         CARRY4 (Prop_carry4_DI[1]_CO[3])
                                                      0.507     7.509 r  u_ampc_16/accumulated_out_reg[15]_i_10/CO[3]
                         net (fo=1, routed)           0.000     7.509    u_ampc_16/accumulated_out_reg[15]_i_10_n_0
    SLICE_X21Y89         CARRY4 (Prop_carry4_CI_O[0])
                                                      0.222     7.731 r  u_ampc_16/accumulated_out_reg[19]_i_10/O[0]
                         net (fo=3, routed)           0.338     8.069    u_ampc_16/accumulated_out_reg[19]_i_10_n_7
    SLICE_X18Y89         LUT3 (Prop_lut3_I0_O)        0.299     8.368 r  u_ampc_16/accumulated_out[15]_i_4/O
                         net (fo=1, routed)           0.569     8.937    u_ampc_16/accumulated_out[15]_i_4_n_0
    SLICE_X19Y89         CARRY4 (Prop_carry4_DI[1]_CO[3])
                                                      0.507     9.444 r  u_ampc_16/accumulated_out_reg[15]_i_1/CO[3]
                         net (fo=1, routed)           0.000     9.444    u_ampc_16/accumulated_out_reg[15]_i_1_n_0
    SLICE_X19Y90         CARRY4 (Prop_carry4_CI_CO[3])
                                                      0.114     9.558 r  u_ampc_16/accumulated_out_reg[19]_i_1/CO[3]
                         net (fo=1, routed)           0.000     9.558    u_ampc_16/accumulated_out_reg[19]_i_1_n_0
    SLICE_X19Y91         CARRY4 (Prop_carry4_CI_O[3])
                                                      0.313     9.871 r  u_ampc_16/accumulated_out_reg[23]_i_1/O[3]
                         net (fo=1, routed)           0.000     9.871    u_accumulator/D[23]
    SLICE_X19Y91         FDRE                                         r  u_accumulator/accumulated_out_reg[23]/D
  -------------------------------------------------------------------    -------------------

                         (clock clk rise edge)       10.000    10.000 r  <hidden>
                                                      0.000    10.000 r  clk
                         net (fo=901, unset)          0.924    10.924    u_accumulator/clk
    SLICE_X19Y91         FDRE                                         r  u_accumulator/accumulated_out_reg[23]/C
                         clock pessimism              0.000    10.924    <hidden>
                         clock uncertainty           -0.235    10.689    <hidden>
    SLICE_X19Y91         FDRE (Setup_fdre_C_D)        0.062    10.751    u_accumulator/accumulated_out_reg[23]
  -------------------------------------------------------------------
                         required time                         10.751    <hidden>
                         arrival time                          -9.871    <hidden>
  -------------------------------------------------------------------
                         slack                                  0.880    <hidden>

Slack (MET) :             0.951ns  (required time - arrival time)
  Source:                 u_ampc_8/valid_out_reg/C
                            (rising edge-triggered cell FDRE clocked by clk  {rise@0.000ns fall@5.000ns period=10.000ns})
  Destination:            u_accumulator/accumulated_out_reg[22]/D
                            (rising edge-triggered cell FDRE clocked by clk  {rise@0.000ns fall@5.000ns period=10.000ns})
  Path Group:             clk
  Path Type:              Setup (Max at Slow Process Corner)
  Requirement:            10.000ns  (clk rise@10.000ns - clk rise@0.000ns)
  Data Path Delay:        8.827ns  (logic 3.871ns (43.855%)  route 4.956ns (56.146%))
  Logic Levels:           12  (CARRY4=7 LUT3=2 LUT5=2 LUT6=1)
  Clock Path Skew:        -0.049ns (DCD - SCD + CPR)
    Destination Clock Delay (DCD):    0.924ns = ( 10.924 - 10.000 ) 
    Source Clock Delay      (SCD):    0.973ns
    Clock Pessimism Removal (CPR):    0.000ns
  Clock Uncertainty:      0.235ns  ((TSJ^2 + TIJ^2)^1/2 + DJ) / 2 + PE + UU
    Total System Jitter     (TSJ):    0.071ns
    Total Input Jitter      (TIJ):    0.000ns
    Discrete Jitter          (DJ):    0.000ns
    Phase Error              (PE):    0.000ns
    User Uncertainty         (UU):    0.200ns

    Location             Delay type                Incr(ns)  Path(ns)    Netlist Resource(s)
  -------------------------------------------------------------------    -------------------
                         (clock clk rise edge)        0.000     0.000 r  <hidden>
                                                      0.000     0.000 r  clk
                         net (fo=901, unset)          0.973     0.973    u_ampc_8/clk
    SLICE_X20Y87         FDRE                                         r  u_ampc_8/valid_out_reg/C
  -------------------------------------------------------------------    -------------------
    SLICE_X20Y87         FDRE (Prop_fdre_C_Q)         0.518     1.491 r  u_ampc_8/valid_out_reg/Q
                         net (fo=130, routed)         1.362     2.853    u_ampc_8/valid_out
    SLICE_X26Y84         LUT5 (Prop_lut5_I2_O)        0.124     2.977 r  u_ampc_8/accumulated_out[11]_i_98/O
                         net (fo=2, routed)           0.643     3.620    u_ampc_8/mask_q_reg[7][0]
    SLICE_X23Y84         LUT5 (Prop_lut5_I1_O)        0.124     3.744 r  u_ampc_8/accumulated_out[11]_i_63/O
                         net (fo=2, routed)           0.464     4.208    u_ampc_8/accumulated_out[11]_i_63_n_0
    SLICE_X23Y85         LUT6 (Prop_lut6_I0_O)        0.124     4.332 r  u_ampc_8/accumulated_out[11]_i_66/O
                         net (fo=1, routed)           0.000     4.332    u_ampc_8/accumulated_out[11]_i_66_n_0
    SLICE_X23Y85         CARRY4 (Prop_carry4_S[1]_CO[3])
                                                      0.550     4.882 r  u_ampc_8/accumulated_out_reg[11]_i_37/CO[3]
                         net (fo=1, routed)           0.000     4.882    u_ampc_8/accumulated_out_reg[11]_i_37_n_0
    SLICE_X23Y86         CARRY4 (Prop_carry4_CI_CO[3])
                                                      0.114     4.996 r  u_ampc_8/accumulated_out_reg[15]_i_37/CO[3]
                         net (fo=1, routed)           0.000     4.996    u_ampc_8/accumulated_out_reg[15]_i_37_n_0
    SLICE_X23Y87         CARRY4 (Prop_carry4_CI_O[0])
                                                      0.222     5.218 r  u_ampc_8/accumulated_out_reg[19]_i_37/O[0]
                         net (fo=3, routed)           0.777     5.995    u_ampc_16/accumulated_out_reg[19]_i_10_0[0]
    SLICE_X20Y88         LUT3 (Prop_lut3_I0_O)        0.299     6.294 r  u_ampc_16/accumulated_out[15]_i_15/O
                         net (fo=1, routed)           0.708     7.002    u_ampc_16/accumulated_out[15]_i_15_n_0
    SLICE_X21Y88         CARRY4 (Prop_carry4_DI[1]_CO[3])
                                                      0.507     7.509 r  u_ampc_16/accumulated_out_reg[15]_i_10/CO[3]
                         net (fo=1, routed)           0.000     7.509    u_ampc_16/accumulated_out_reg[15]_i_10_n_0
    SLICE_X21Y89         CARRY4 (Prop_carry4_CI_CO[3])
                                                      0.114     7.623 r  u_ampc_16/accumulated_out_reg[19]_i_10/CO[3]
                         net (fo=1, routed)           0.000     7.623    u_ampc_16/accumulated_out_reg[19]_i_10_n_0
    SLICE_X21Y90         CARRY4 (Prop_carry4_CI_O[3])
                                                      0.313     7.936 r  u_ampc_16/accumulated_out_reg[23]_i_10/O[3]
                         net (fo=3, routed)           0.489     8.425    u_ampc_16/accumulated_out_reg[23]_i_10_n_4
    SLICE_X16Y91         LUT3 (Prop_lut3_I0_O)        0.306     8.731 r  u_ampc_16/accumulated_out[23]_i_5/O
                         net (fo=1, routed)           0.513     9.244    u_ampc_16/accumulated_out[23]_i_5_n_0
    SLICE_X19Y91         CARRY4 (Prop_carry4_DI[0]_O[2])
                                                      0.556     9.800 r  u_ampc_16/accumulated_out_reg[23]_i_1/O[2]
                         net (fo=1, routed)           0.000     9.800    u_accumulator/D[22]
    SLICE_X19Y91         FDRE                                         r  u_accumulator/accumulated_out_reg[22]/D
  -------------------------------------------------------------------    -------------------

                         (clock clk rise edge)       10.000    10.000 r  <hidden>
                                                      0.000    10.000 r  clk
                         net (fo=901, unset)          0.924    10.924    u_accumulator/clk
    SLICE_X19Y91         FDRE                                         r  u_accumulator/accumulated_out_reg[22]/C
                         clock pessimism              0.000    10.924    <hidden>
                         clock uncertainty           -0.235    10.689    <hidden>
    SLICE_X19Y91         FDRE (Setup_fdre_C_D)        0.062    10.751    u_accumulator/accumulated_out_reg[22]
  -------------------------------------------------------------------
                         required time                         10.751    <hidden>
                         arrival time                          -9.800    <hidden>
  -------------------------------------------------------------------
                         slack                                  0.951    <hidden>

Slack (MET) :             0.970ns  (required time - arrival time)
  Source:                 u_ampc_8/valid_out_reg/C
                            (rising edge-triggered cell FDRE clocked by clk  {rise@0.000ns fall@5.000ns period=10.000ns})
  Destination:            u_accumulator/accumulated_out_reg[20]/D
                            (rising edge-triggered cell FDRE clocked by clk  {rise@0.000ns fall@5.000ns period=10.000ns})
  Path Group:             clk
  Path Type:              Setup (Max at Slow Process Corner)
  Requirement:            10.000ns  (clk rise@10.000ns - clk rise@0.000ns)
  Data Path Delay:        8.808ns  (logic 3.947ns (44.812%)  route 4.861ns (55.188%))
  Logic Levels:           13  (CARRY4=8 LUT3=2 LUT5=2 LUT6=1)
  Clock Path Skew:        -0.049ns (DCD - SCD + CPR)
    Destination Clock Delay (DCD):    0.924ns = ( 10.924 - 10.000 ) 
    Source Clock Delay      (SCD):    0.973ns
    Clock Pessimism Removal (CPR):    0.000ns
  Clock Uncertainty:      0.235ns  ((TSJ^2 + TIJ^2)^1/2 + DJ) / 2 + PE + UU
    Total System Jitter     (TSJ):    0.071ns
    Total Input Jitter      (TIJ):    0.000ns
    Discrete Jitter          (DJ):    0.000ns
    Phase Error              (PE):    0.000ns
    User Uncertainty         (UU):    0.200ns

    Location             Delay type                Incr(ns)  Path(ns)    Netlist Resource(s)
  -------------------------------------------------------------------    -------------------
                         (clock clk rise edge)        0.000     0.000 r  <hidden>
                                                      0.000     0.000 r  clk
                         net (fo=901, unset)          0.973     0.973    u_ampc_8/clk
    SLICE_X20Y87         FDRE                                         r  u_ampc_8/valid_out_reg/C
  -------------------------------------------------------------------    -------------------
    SLICE_X20Y87         FDRE (Prop_fdre_C_Q)         0.518     1.491 r  u_ampc_8/valid_out_reg/Q
                         net (fo=130, routed)         1.362     2.853    u_ampc_8/valid_out
    SLICE_X26Y84         LUT5 (Prop_lut5_I2_O)        0.124     2.977 r  u_ampc_8/accumulated_out[11]_i_98/O
                         net (fo=2, routed)           0.643     3.620    u_ampc_8/mask_q_reg[7][0]
    SLICE_X23Y84         LUT5 (Prop_lut5_I1_O)        0.124     3.744 r  u_ampc_8/accumulated_out[11]_i_63/O
                         net (fo=2, routed)           0.464     4.208    u_ampc_8/accumulated_out[11]_i_63_n_0
    SLICE_X23Y85         LUT6 (Prop_lut6_I0_O)        0.124     4.332 r  u_ampc_8/accumulated_out[11]_i_66/O
                         net (fo=1, routed)           0.000     4.332    u_ampc_8/accumulated_out[11]_i_66_n_0
    SLICE_X23Y85         CARRY4 (Prop_carry4_S[1]_CO[3])
                                                      0.550     4.882 r  u_ampc_8/accumulated_out_reg[11]_i_37/CO[3]
                         net (fo=1, routed)           0.000     4.882    u_ampc_8/accumulated_out_reg[11]_i_37_n_0
    SLICE_X23Y86         CARRY4 (Prop_carry4_CI_CO[3])
                                                      0.114     4.996 r  u_ampc_8/accumulated_out_reg[15]_i_37/CO[3]
                         net (fo=1, routed)           0.000     4.996    u_ampc_8/accumulated_out_reg[15]_i_37_n_0
    SLICE_X23Y87         CARRY4 (Prop_carry4_CI_O[0])
                                                      0.222     5.218 r  u_ampc_8/accumulated_out_reg[19]_i_37/O[0]
                         net (fo=3, routed)           0.777     5.995    u_ampc_16/accumulated_out_reg[19]_i_10_0[0]
    SLICE_X20Y88         LUT3 (Prop_lut3_I0_O)        0.299     6.294 r  u_ampc_16/accumulated_out[15]_i_15/O
                         net (fo=1, routed)           0.708     7.002    u_ampc_16/accumulated_out[15]_i_15_n_0
    SLICE_X21Y88         CARRY4 (Prop_carry4_DI[1]_CO[3])
                                                      0.507     7.509 r  u_ampc_16/accumulated_out_reg[15]_i_10/CO[3]
                         net (fo=1, routed)           0.000     7.509    u_ampc_16/accumulated_out_reg[15]_i_10_n_0
    SLICE_X21Y89         CARRY4 (Prop_carry4_CI_O[0])
                                                      0.222     7.731 r  u_ampc_16/accumulated_out_reg[19]_i_10/O[0]
                         net (fo=3, routed)           0.338     8.069    u_ampc_16/accumulated_out_reg[19]_i_10_n_7
    SLICE_X18Y89         LUT3 (Prop_lut3_I0_O)        0.299     8.368 r  u_ampc_16/accumulated_out[15]_i_4/O
                         net (fo=1, routed)           0.569     8.937    u_ampc_16/accumulated_out[15]_i_4_n_0
    SLICE_X19Y89         CARRY4 (Prop_carry4_DI[1]_CO[3])
                                                      0.507     9.444 r  u_ampc_16/accumulated_out_reg[15]_i_1/CO[3]
                         net (fo=1, routed)           0.000     9.444    u_ampc_16/accumulated_out_reg[15]_i_1_n_0
    SLICE_X19Y90         CARRY4 (Prop_carry4_CI_CO[3])
                                                      0.114     9.558 r  u_ampc_16/accumulated_out_reg[19]_i_1/CO[3]
                         net (fo=1, routed)           0.000     9.558    u_ampc_16/accumulated_out_reg[19]_i_1_n_0
    SLICE_X19Y91         CARRY4 (Prop_carry4_CI_O[0])
                                                      0.223     9.781 r  u_ampc_16/accumulated_out_reg[23]_i_1/O[0]
                         net (fo=1, routed)           0.000     9.781    u_accumulator/D[20]
    SLICE_X19Y91         FDRE                                         r  u_accumulator/accumulated_out_reg[20]/D
  -------------------------------------------------------------------    -------------------

                         (clock clk rise edge)       10.000    10.000 r  <hidden>
                                                      0.000    10.000 r  clk
                         net (fo=901, unset)          0.924    10.924    u_accumulator/clk
    SLICE_X19Y91         FDRE                                         r  u_accumulator/accumulated_out_reg[20]/C
                         clock pessimism              0.000    10.924    <hidden>
                         clock uncertainty           -0.235    10.689    <hidden>
    SLICE_X19Y91         FDRE (Setup_fdre_C_D)        0.062    10.751    u_accumulator/accumulated_out_reg[20]
  -------------------------------------------------------------------
                         required time                         10.751    <hidden>
                         arrival time                          -9.781    <hidden>
  -------------------------------------------------------------------
                         slack                                  0.970    <hidden>

Slack (MET) :             0.973ns  (required time - arrival time)
  Source:                 u_ampc_8/valid_out_reg/C
                            (rising edge-triggered cell FDRE clocked by clk  {rise@0.000ns fall@5.000ns period=10.000ns})
  Destination:            u_accumulator/accumulated_out_reg[17]/D
                            (rising edge-triggered cell FDRE clocked by clk  {rise@0.000ns fall@5.000ns period=10.000ns})
  Path Group:             clk
  Path Type:              Setup (Max at Slow Process Corner)
  Requirement:            10.000ns  (clk rise@10.000ns - clk rise@0.000ns)
  Data Path Delay:        8.805ns  (logic 3.944ns (44.793%)  route 4.861ns (55.207%))
  Logic Levels:           12  (CARRY4=7 LUT3=2 LUT5=2 LUT6=1)
  Clock Path Skew:        -0.049ns (DCD - SCD + CPR)
    Destination Clock Delay (DCD):    0.924ns = ( 10.924 - 10.000 ) 
    Source Clock Delay      (SCD):    0.973ns
    Clock Pessimism Removal (CPR):    0.000ns
  Clock Uncertainty:      0.235ns  ((TSJ^2 + TIJ^2)^1/2 + DJ) / 2 + PE + UU
    Total System Jitter     (TSJ):    0.071ns
    Total Input Jitter      (TIJ):    0.000ns
    Discrete Jitter          (DJ):    0.000ns
    Phase Error              (PE):    0.000ns
    User Uncertainty         (UU):    0.200ns

    Location             Delay type                Incr(ns)  Path(ns)    Netlist Resource(s)
  -------------------------------------------------------------------    -------------------
                         (clock clk rise edge)        0.000     0.000 r  <hidden>
                                                      0.000     0.000 r  clk
                         net (fo=901, unset)          0.973     0.973    u_ampc_8/clk
    SLICE_X20Y87         FDRE                                         r  u_ampc_8/valid_out_reg/C
  -------------------------------------------------------------------    -------------------
    SLICE_X20Y87         FDRE (Prop_fdre_C_Q)         0.518     1.491 r  u_ampc_8/valid_out_reg/Q
                         net (fo=130, routed)         1.362     2.853    u_ampc_8/valid_out
    SLICE_X26Y84         LUT5 (Prop_lut5_I2_O)        0.124     2.977 r  u_ampc_8/accumulated_out[11]_i_98/O
                         net (fo=2, routed)           0.643     3.620    u_ampc_8/mask_q_reg[7][0]
    SLICE_X23Y84         LUT5 (Prop_lut5_I1_O)        0.124     3.744 r  u_ampc_8/accumulated_out[11]_i_63/O
                         net (fo=2, routed)           0.464     4.208    u_ampc_8/accumulated_out[11]_i_63_n_0
    SLICE_X23Y85         LUT6 (Prop_lut6_I0_O)        0.124     4.332 r  u_ampc_8/accumulated_out[11]_i_66/O
                         net (fo=1, routed)           0.000     4.332    u_ampc_8/accumulated_out[11]_i_66_n_0
    SLICE_X23Y85         CARRY4 (Prop_carry4_S[1]_CO[3])
                                                      0.550     4.882 r  u_ampc_8/accumulated_out_reg[11]_i_37/CO[3]
                         net (fo=1, routed)           0.000     4.882    u_ampc_8/accumulated_out_reg[11]_i_37_n_0
    SLICE_X23Y86         CARRY4 (Prop_carry4_CI_CO[3])
                                                      0.114     4.996 r  u_ampc_8/accumulated_out_reg[15]_i_37/CO[3]
                         net (fo=1, routed)           0.000     4.996    u_ampc_8/accumulated_out_reg[15]_i_37_n_0
    SLICE_X23Y87         CARRY4 (Prop_carry4_CI_O[0])
                                                      0.222     5.218 r  u_ampc_8/accumulated_out_reg[19]_i_37/O[0]
                         net (fo=3, routed)           0.777     5.995    u_ampc_16/accumulated_out_reg[19]_i_10_0[0]
    SLICE_X20Y88         LUT3 (Prop_lut3_I0_O)        0.299     6.294 r  u_ampc_16/accumulated_out[15]_i_15/O
                         net (fo=1, routed)           0.708     7.002    u_ampc_16/accumulated_out[15]_i_15_n_0
    SLICE_X21Y88         CARRY4 (Prop_carry4_DI[1]_CO[3])
                                                      0.507     7.509 r  u_ampc_16/accumulated_out_reg[15]_i_10/CO[3]
                         net (fo=1, routed)           0.000     7.509    u_ampc_16/accumulated_out_reg[15]_i_10_n_0
    SLICE_X21Y89         CARRY4 (Prop_carry4_CI_O[0])
                                                      0.222     7.731 r  u_ampc_16/accumulated_out_reg[19]_i_10/O[0]
                         net (fo=3, routed)           0.338     8.069    u_ampc_16/accumulated_out_reg[19]_i_10_n_7
    SLICE_X18Y89         LUT3 (Prop_lut3_I0_O)        0.299     8.368 r  u_ampc_16/accumulated_out[15]_i_4/O
                         net (fo=1, routed)           0.569     8.937    u_ampc_16/accumulated_out[15]_i_4_n_0
    SLICE_X19Y89         CARRY4 (Prop_carry4_DI[1]_CO[3])
                                                      0.507     9.444 r  u_ampc_16/accumulated_out_reg[15]_i_1/CO[3]
                         net (fo=1, routed)           0.000     9.444    u_ampc_16/accumulated_out_reg[15]_i_1_n_0
    SLICE_X19Y90         CARRY4 (Prop_carry4_CI_O[1])
                                                      0.334     9.778 r  u_ampc_16/accumulated_out_reg[19]_i_1/O[1]
                         net (fo=1, routed)           0.000     9.778    u_accumulator/D[17]
    SLICE_X19Y90         FDRE                                         r  u_accumulator/accumulated_out_reg[17]/D
  -------------------------------------------------------------------    -------------------

                         (clock clk rise edge)       10.000    10.000 r  <hidden>
                                                      0.000    10.000 r  clk
                         net (fo=901, unset)          0.924    10.924    u_accumulator/clk
    SLICE_X19Y90         FDRE                                         r  u_accumulator/accumulated_out_reg[17]/C
                         clock pessimism              0.000    10.924    <hidden>
                         clock uncertainty           -0.235    10.689    <hidden>
    SLICE_X19Y90         FDRE (Setup_fdre_C_D)        0.062    10.751    u_accumulator/accumulated_out_reg[17]
  -------------------------------------------------------------------
                         required time                         10.751    <hidden>
                         arrival time                          -9.778    <hidden>
  -------------------------------------------------------------------
                         slack                                  0.973    <hidden>

Slack (MET) :             0.994ns  (required time - arrival time)
  Source:                 u_ampc_8/valid_out_reg/C
                            (rising edge-triggered cell FDRE clocked by clk  {rise@0.000ns fall@5.000ns period=10.000ns})
  Destination:            u_accumulator/accumulated_out_reg[19]/D
                            (rising edge-triggered cell FDRE clocked by clk  {rise@0.000ns fall@5.000ns period=10.000ns})
  Path Group:             clk
  Path Type:              Setup (Max at Slow Process Corner)
  Requirement:            10.000ns  (clk rise@10.000ns - clk rise@0.000ns)
  Data Path Delay:        8.784ns  (logic 3.923ns (44.661%)  route 4.861ns (55.339%))
  Logic Levels:           12  (CARRY4=7 LUT3=2 LUT5=2 LUT6=1)
  Clock Path Skew:        -0.049ns (DCD - SCD + CPR)
    Destination Clock Delay (DCD):    0.924ns = ( 10.924 - 10.000 ) 
    Source Clock Delay      (SCD):    0.973ns
    Clock Pessimism Removal (CPR):    0.000ns
  Clock Uncertainty:      0.235ns  ((TSJ^2 + TIJ^2)^1/2 + DJ) / 2 + PE + UU
    Total System Jitter     (TSJ):    0.071ns
    Total Input Jitter      (TIJ):    0.000ns
    Discrete Jitter          (DJ):    0.000ns
    Phase Error              (PE):    0.000ns
    User Uncertainty         (UU):    0.200ns

    Location             Delay type                Incr(ns)  Path(ns)    Netlist Resource(s)
  -------------------------------------------------------------------    -------------------
                         (clock clk rise edge)        0.000     0.000 r  <hidden>
                                                      0.000     0.000 r  clk
                         net (fo=901, unset)          0.973     0.973    u_ampc_8/clk
    SLICE_X20Y87         FDRE                                         r  u_ampc_8/valid_out_reg/C
  -------------------------------------------------------------------    -------------------
    SLICE_X20Y87         FDRE (Prop_fdre_C_Q)         0.518     1.491 r  u_ampc_8/valid_out_reg/Q
                         net (fo=130, routed)         1.362     2.853    u_ampc_8/valid_out
    SLICE_X26Y84         LUT5 (Prop_lut5_I2_O)        0.124     2.977 r  u_ampc_8/accumulated_out[11]_i_98/O
                         net (fo=2, routed)           0.643     3.620    u_ampc_8/mask_q_reg[7][0]
    SLICE_X23Y84         LUT5 (Prop_lut5_I1_O)        0.124     3.744 r  u_ampc_8/accumulated_out[11]_i_63/O
                         net (fo=2, routed)           0.464     4.208    u_ampc_8/accumulated_out[11]_i_63_n_0
    SLICE_X23Y85         LUT6 (Prop_lut6_I0_O)        0.124     4.332 r  u_ampc_8/accumulated_out[11]_i_66/O
                         net (fo=1, routed)           0.000     4.332    u_ampc_8/accumulated_out[11]_i_66_n_0
    SLICE_X23Y85         CARRY4 (Prop_carry4_S[1]_CO[3])
                                                      0.550     4.882 r  u_ampc_8/accumulated_out_reg[11]_i_37/CO[3]
                         net (fo=1, routed)           0.000     4.882    u_ampc_8/accumulated_out_reg[11]_i_37_n_0
    SLICE_X23Y86         CARRY4 (Prop_carry4_CI_CO[3])
                                                      0.114     4.996 r  u_ampc_8/accumulated_out_reg[15]_i_37/CO[3]
                         net (fo=1, routed)           0.000     4.996    u_ampc_8/accumulated_out_reg[15]_i_37_n_0
    SLICE_X23Y87         CARRY4 (Prop_carry4_CI_O[0])
                                                      0.222     5.218 r  u_ampc_8/accumulated_out_reg[19]_i_37/O[0]
                         net (fo=3, routed)           0.777     5.995    u_ampc_16/accumulated_out_reg[19]_i_10_0[0]
    SLICE_X20Y88         LUT3 (Prop_lut3_I0_O)        0.299     6.294 r  u_ampc_16/accumulated_out[15]_i_15/O
                         net (fo=1, routed)           0.708     7.002    u_ampc_16/accumulated_out[15]_i_15_n_0
    SLICE_X21Y88         CARRY4 (Prop_carry4_DI[1]_CO[3])
                                                      0.507     7.509 r  u_ampc_16/accumulated_out_reg[15]_i_10/CO[3]
                         net (fo=1, routed)           0.000     7.509    u_ampc_16/accumulated_out_reg[15]_i_10_n_0
    SLICE_X21Y89         CARRY4 (Prop_carry4_CI_O[0])
                                                      0.222     7.731 r  u_ampc_16/accumulated_out_reg[19]_i_10/O[0]
                         net (fo=3, routed)           0.338     8.069    u_ampc_16/accumulated_out_reg[19]_i_10_n_7
    SLICE_X18Y89         LUT3 (Prop_lut3_I0_O)        0.299     8.368 r  u_ampc_16/accumulated_out[15]_i_4/O
                         net (fo=1, routed)           0.569     8.937    u_ampc_16/accumulated_out[15]_i_4_n_0
    SLICE_X19Y89         CARRY4 (Prop_carry4_DI[1]_CO[3])
                                                      0.507     9.444 r  u_ampc_16/accumulated_out_reg[15]_i_1/CO[3]
                         net (fo=1, routed)           0.000     9.444    u_ampc_16/accumulated_out_reg[15]_i_1_n_0
    SLICE_X19Y90         CARRY4 (Prop_carry4_CI_O[3])
                                                      0.313     9.757 r  u_ampc_16/accumulated_out_reg[19]_i_1/O[3]
                         net (fo=1, routed)           0.000     9.757    u_accumulator/D[19]
    SLICE_X19Y90         FDRE                                         r  u_accumulator/accumulated_out_reg[19]/D
  -------------------------------------------------------------------    -------------------

                         (clock clk rise edge)       10.000    10.000 r  <hidden>
                                                      0.000    10.000 r  clk
                         net (fo=901, unset)          0.924    10.924    u_accumulator/clk
    SLICE_X19Y90         FDRE                                         r  u_accumulator/accumulated_out_reg[19]/C
                         clock pessimism              0.000    10.924    <hidden>
                         clock uncertainty           -0.235    10.689    <hidden>
    SLICE_X19Y90         FDRE (Setup_fdre_C_D)        0.062    10.751    u_accumulator/accumulated_out_reg[19]
  -------------------------------------------------------------------
                         required time                         10.751    <hidden>
                         arrival time                          -9.757    <hidden>
  -------------------------------------------------------------------
                         slack                                  0.994    <hidden>

Slack (MET) :             1.068ns  (required time - arrival time)
  Source:                 u_ampc_8/valid_out_reg/C
                            (rising edge-triggered cell FDRE clocked by clk  {rise@0.000ns fall@5.000ns period=10.000ns})
  Destination:            u_accumulator/accumulated_out_reg[18]/D
                            (rising edge-triggered cell FDRE clocked by clk  {rise@0.000ns fall@5.000ns period=10.000ns})
  Path Group:             clk
  Path Type:              Setup (Max at Slow Process Corner)
  Requirement:            10.000ns  (clk rise@10.000ns - clk rise@0.000ns)
  Data Path Delay:        8.710ns  (logic 3.849ns (44.191%)  route 4.861ns (55.809%))
  Logic Levels:           12  (CARRY4=7 LUT3=2 LUT5=2 LUT6=1)
  Clock Path Skew:        -0.049ns (DCD - SCD + CPR)
    Destination Clock Delay (DCD):    0.924ns = ( 10.924 - 10.000 ) 
    Source Clock Delay      (SCD):    0.973ns
    Clock Pessimism Removal (CPR):    0.000ns
  Clock Uncertainty:      0.235ns  ((TSJ^2 + TIJ^2)^1/2 + DJ) / 2 + PE + UU
    Total System Jitter     (TSJ):    0.071ns
    Total Input Jitter      (TIJ):    0.000ns
    Discrete Jitter          (DJ):    0.000ns
    Phase Error              (PE):    0.000ns
    User Uncertainty         (UU):    0.200ns

    Location             Delay type                Incr(ns)  Path(ns)    Netlist Resource(s)
  -------------------------------------------------------------------    -------------------
                         (clock clk rise edge)        0.000     0.000 r  <hidden>
                                                      0.000     0.000 r  clk
                         net (fo=901, unset)          0.973     0.973    u_ampc_8/clk
    SLICE_X20Y87         FDRE                                         r  u_ampc_8/valid_out_reg/C
  -------------------------------------------------------------------    -------------------
    SLICE_X20Y87         FDRE (Prop_fdre_C_Q)         0.518     1.491 r  u_ampc_8/valid_out_reg/Q
                         net (fo=130, routed)         1.362     2.853    u_ampc_8/valid_out
    SLICE_X26Y84         LUT5 (Prop_lut5_I2_O)        0.124     2.977 r  u_ampc_8/accumulated_out[11]_i_98/O
                         net (fo=2, routed)           0.643     3.620    u_ampc_8/mask_q_reg[7][0]
    SLICE_X23Y84         LUT5 (Prop_lut5_I1_O)        0.124     3.744 r  u_ampc_8/accumulated_out[11]_i_63/O
                         net (fo=2, routed)           0.464     4.208    u_ampc_8/accumulated_out[11]_i_63_n_0
    SLICE_X23Y85         LUT6 (Prop_lut6_I0_O)        0.124     4.332 r  u_ampc_8/accumulated_out[11]_i_66/O
                         net (fo=1, routed)           0.000     4.332    u_ampc_8/accumulated_out[11]_i_66_n_0
    SLICE_X23Y85         CARRY4 (Prop_carry4_S[1]_CO[3])
                                                      0.550     4.882 r  u_ampc_8/accumulated_out_reg[11]_i_37/CO[3]
                         net (fo=1, routed)           0.000     4.882    u_ampc_8/accumulated_out_reg[11]_i_37_n_0
    SLICE_X23Y86         CARRY4 (Prop_carry4_CI_CO[3])
                                                      0.114     4.996 r  u_ampc_8/accumulated_out_reg[15]_i_37/CO[3]
                         net (fo=1, routed)           0.000     4.996    u_ampc_8/accumulated_out_reg[15]_i_37_n_0
    SLICE_X23Y87         CARRY4 (Prop_carry4_CI_O[0])
                                                      0.222     5.218 r  u_ampc_8/accumulated_out_reg[19]_i_37/O[0]
                         net (fo=3, routed)           0.777     5.995    u_ampc_16/accumulated_out_reg[19]_i_10_0[0]
    SLICE_X20Y88         LUT3 (Prop_lut3_I0_O)        0.299     6.294 r  u_ampc_16/accumulated_out[15]_i_15/O
                         net (fo=1, routed)           0.708     7.002    u_ampc_16/accumulated_out[15]_i_15_n_0
    SLICE_X21Y88         CARRY4 (Prop_carry4_DI[1]_CO[3])
                                                      0.507     7.509 r  u_ampc_16/accumulated_out_reg[15]_i_10/CO[3]
                         net (fo=1, routed)           0.000     7.509    u_ampc_16/accumulated_out_reg[15]_i_10_n_0
    SLICE_X21Y89         CARRY4 (Prop_carry4_CI_O[0])
                                                      0.222     7.731 r  u_ampc_16/accumulated_out_reg[19]_i_10/O[0]
                         net (fo=3, routed)           0.338     8.069    u_ampc_16/accumulated_out_reg[19]_i_10_n_7
    SLICE_X18Y89         LUT3 (Prop_lut3_I0_O)        0.299     8.368 r  u_ampc_16/accumulated_out[15]_i_4/O
                         net (fo=1, routed)           0.569     8.937    u_ampc_16/accumulated_out[15]_i_4_n_0
    SLICE_X19Y89         CARRY4 (Prop_carry4_DI[1]_CO[3])
                                                      0.507     9.444 r  u_ampc_16/accumulated_out_reg[15]_i_1/CO[3]
                         net (fo=1, routed)           0.000     9.444    u_ampc_16/accumulated_out_reg[15]_i_1_n_0
    SLICE_X19Y90         CARRY4 (Prop_carry4_CI_O[2])
                                                      0.239     9.683 r  u_ampc_16/accumulated_out_reg[19]_i_1/O[2]
                         net (fo=1, routed)           0.000     9.683    u_accumulator/D[18]
    SLICE_X19Y90         FDRE                                         r  u_accumulator/accumulated_out_reg[18]/D
  -------------------------------------------------------------------    -------------------

                         (clock clk rise edge)       10.000    10.000 r  <hidden>
                                                      0.000    10.000 r  clk
                         net (fo=901, unset)          0.924    10.924    u_accumulator/clk
    SLICE_X19Y90         FDRE                                         r  u_accumulator/accumulated_out_reg[18]/C
                         clock pessimism              0.000    10.924    <hidden>
                         clock uncertainty           -0.235    10.689    <hidden>
    SLICE_X19Y90         FDRE (Setup_fdre_C_D)        0.062    10.751    u_accumulator/accumulated_out_reg[18]
  -------------------------------------------------------------------
                         required time                         10.751    <hidden>
                         arrival time                          -9.683    <hidden>
  -------------------------------------------------------------------
                         slack                                  1.068    <hidden>

Slack (MET) :             1.084ns  (required time - arrival time)
  Source:                 u_ampc_8/valid_out_reg/C
                            (rising edge-triggered cell FDRE clocked by clk  {rise@0.000ns fall@5.000ns period=10.000ns})
  Destination:            u_accumulator/accumulated_out_reg[16]/D
                            (rising edge-triggered cell FDRE clocked by clk  {rise@0.000ns fall@5.000ns period=10.000ns})
  Path Group:             clk
  Path Type:              Setup (Max at Slow Process Corner)
  Requirement:            10.000ns  (clk rise@10.000ns - clk rise@0.000ns)
  Data Path Delay:        8.694ns  (logic 3.833ns (44.088%)  route 4.861ns (55.912%))
  Logic Levels:           12  (CARRY4=7 LUT3=2 LUT5=2 LUT6=1)
  Clock Path Skew:        -0.049ns (DCD - SCD + CPR)
    Destination Clock Delay (DCD):    0.924ns = ( 10.924 - 10.000 ) 
    Source Clock Delay      (SCD):    0.973ns
    Clock Pessimism Removal (CPR):    0.000ns
  Clock Uncertainty:      0.235ns  ((TSJ^2 + TIJ^2)^1/2 + DJ) / 2 + PE + UU
    Total System Jitter     (TSJ):    0.071ns
    Total Input Jitter      (TIJ):    0.000ns
    Discrete Jitter          (DJ):    0.000ns
    Phase Error              (PE):    0.000ns
    User Uncertainty         (UU):    0.200ns

    Location             Delay type                Incr(ns)  Path(ns)    Netlist Resource(s)
  -------------------------------------------------------------------    -------------------
                         (clock clk rise edge)        0.000     0.000 r  <hidden>
                                                      0.000     0.000 r  clk
                         net (fo=901, unset)          0.973     0.973    u_ampc_8/clk
    SLICE_X20Y87         FDRE                                         r  u_ampc_8/valid_out_reg/C
  -------------------------------------------------------------------    -------------------
    SLICE_X20Y87         FDRE (Prop_fdre_C_Q)         0.518     1.491 r  u_ampc_8/valid_out_reg/Q
                         net (fo=130, routed)         1.362     2.853    u_ampc_8/valid_out
    SLICE_X26Y84         LUT5 (Prop_lut5_I2_O)        0.124     2.977 r  u_ampc_8/accumulated_out[11]_i_98/O
                         net (fo=2, routed)           0.643     3.620    u_ampc_8/mask_q_reg[7][0]
    SLICE_X23Y84         LUT5 (Prop_lut5_I1_O)        0.124     3.744 r  u_ampc_8/accumulated_out[11]_i_63/O
                         net (fo=2, routed)           0.464     4.208    u_ampc_8/accumulated_out[11]_i_63_n_0
    SLICE_X23Y85         LUT6 (Prop_lut6_I0_O)        0.124     4.332 r  u_ampc_8/accumulated_out[11]_i_66/O
                         net (fo=1, routed)           0.000     4.332    u_ampc_8/accumulated_out[11]_i_66_n_0
    SLICE_X23Y85         CARRY4 (Prop_carry4_S[1]_CO[3])
                                                      0.550     4.882 r  u_ampc_8/accumulated_out_reg[11]_i_37/CO[3]
                         net (fo=1, routed)           0.000     4.882    u_ampc_8/accumulated_out_reg[11]_i_37_n_0
    SLICE_X23Y86         CARRY4 (Prop_carry4_CI_CO[3])
                                                      0.114     4.996 r  u_ampc_8/accumulated_out_reg[15]_i_37/CO[3]
                         net (fo=1, routed)           0.000     4.996    u_ampc_8/accumulated_out_reg[15]_i_37_n_0
    SLICE_X23Y87         CARRY4 (Prop_carry4_CI_O[0])
                                                      0.222     5.218 r  u_ampc_8/accumulated_out_reg[19]_i_37/O[0]
                         net (fo=3, routed)           0.777     5.995    u_ampc_16/accumulated_out_reg[19]_i_10_0[0]
    SLICE_X20Y88         LUT3 (Prop_lut3_I0_O)        0.299     6.294 r  u_ampc_16/accumulated_out[15]_i_15/O
                         net (fo=1, routed)           0.708     7.002    u_ampc_16/accumulated_out[15]_i_15_n_0
    SLICE_X21Y88         CARRY4 (Prop_carry4_DI[1]_CO[3])
                                                      0.507     7.509 r  u_ampc_16/accumulated_out_reg[15]_i_10/CO[3]
                         net (fo=1, routed)           0.000     7.509    u_ampc_16/accumulated_out_reg[15]_i_10_n_0
    SLICE_X21Y89         CARRY4 (Prop_carry4_CI_O[0])
                                                      0.222     7.731 r  u_ampc_16/accumulated_out_reg[19]_i_10/O[0]
                         net (fo=3, routed)           0.338     8.069    u_ampc_16/accumulated_out_reg[19]_i_10_n_7
    SLICE_X18Y89         LUT3 (Prop_lut3_I0_O)        0.299     8.368 r  u_ampc_16/accumulated_out[15]_i_4/O
                         net (fo=1, routed)           0.569     8.937    u_ampc_16/accumulated_out[15]_i_4_n_0
    SLICE_X19Y89         CARRY4 (Prop_carry4_DI[1]_CO[3])
                                                      0.507     9.444 r  u_ampc_16/accumulated_out_reg[15]_i_1/CO[3]
                         net (fo=1, routed)           0.000     9.444    u_ampc_16/accumulated_out_reg[15]_i_1_n_0
    SLICE_X19Y90         CARRY4 (Prop_carry4_CI_O[0])
                                                      0.223     9.667 r  u_ampc_16/accumulated_out_reg[19]_i_1/O[0]
                         net (fo=1, routed)           0.000     9.667    u_accumulator/D[16]
    SLICE_X19Y90         FDRE                                         r  u_accumulator/accumulated_out_reg[16]/D
  -------------------------------------------------------------------    -------------------

                         (clock clk rise edge)       10.000    10.000 r  <hidden>
                                                      0.000    10.000 r  clk
                         net (fo=901, unset)          0.924    10.924    u_accumulator/clk
    SLICE_X19Y90         FDRE                                         r  u_accumulator/accumulated_out_reg[16]/C
                         clock pessimism              0.000    10.924    <hidden>
                         clock uncertainty           -0.235    10.689    <hidden>
    SLICE_X19Y90         FDRE (Setup_fdre_C_D)        0.062    10.751    u_accumulator/accumulated_out_reg[16]
  -------------------------------------------------------------------
                         required time                         10.751    <hidden>
                         arrival time                          -9.667    <hidden>
  -------------------------------------------------------------------
                         slack                                  1.084    <hidden>

Slack (MET) :             1.173ns  (required time - arrival time)
  Source:                 u_ampc_8/valid_out_reg/C
                            (rising edge-triggered cell FDRE clocked by clk  {rise@0.000ns fall@5.000ns period=10.000ns})
  Destination:            u_accumulator/accumulated_out_reg[13]/D
                            (rising edge-triggered cell FDRE clocked by clk  {rise@0.000ns fall@5.000ns period=10.000ns})
  Path Group:             clk
  Path Type:              Setup (Max at Slow Process Corner)
  Requirement:            10.000ns  (clk rise@10.000ns - clk rise@0.000ns)
  Data Path Delay:        8.605ns  (logic 3.844ns (44.672%)  route 4.761ns (55.328%))
  Logic Levels:           11  (CARRY4=6 LUT3=2 LUT5=2 LUT6=1)
  Clock Path Skew:        -0.049ns (DCD - SCD + CPR)
    Destination Clock Delay (DCD):    0.924ns = ( 10.924 - 10.000 ) 
    Source Clock Delay      (SCD):    0.973ns
    Clock Pessimism Removal (CPR):    0.000ns
  Clock Uncertainty:      0.235ns  ((TSJ^2 + TIJ^2)^1/2 + DJ) / 2 + PE + UU
    Total System Jitter     (TSJ):    0.071ns
    Total Input Jitter      (TIJ):    0.000ns
    Discrete Jitter          (DJ):    0.000ns
    Phase Error              (PE):    0.000ns
    User Uncertainty         (UU):    0.200ns

    Location             Delay type                Incr(ns)  Path(ns)    Netlist Resource(s)
  -------------------------------------------------------------------    -------------------
                         (clock clk rise edge)        0.000     0.000 r  <hidden>
                                                      0.000     0.000 r  clk
                         net (fo=901, unset)          0.973     0.973    u_ampc_8/clk
    SLICE_X20Y87         FDRE                                         r  u_ampc_8/valid_out_reg/C
  -------------------------------------------------------------------    -------------------
    SLICE_X20Y87         FDRE (Prop_fdre_C_Q)         0.518     1.491 r  u_ampc_8/valid_out_reg/Q
                         net (fo=130, routed)         1.362     2.853    u_ampc_8/valid_out
    SLICE_X26Y84         LUT5 (Prop_lut5_I2_O)        0.124     2.977 r  u_ampc_8/accumulated_out[11]_i_98/O
                         net (fo=2, routed)           0.643     3.620    u_ampc_8/mask_q_reg[7][0]
    SLICE_X23Y84         LUT5 (Prop_lut5_I1_O)        0.124     3.744 r  u_ampc_8/accumulated_out[11]_i_63/O
                         net (fo=2, routed)           0.464     4.208    u_ampc_8/accumulated_out[11]_i_63_n_0
    SLICE_X23Y85         LUT6 (Prop_lut6_I0_O)        0.124     4.332 r  u_ampc_8/accumulated_out[11]_i_66/O
                         net (fo=1, routed)           0.000     4.332    u_ampc_8/accumulated_out[11]_i_66_n_0
    SLICE_X23Y85         CARRY4 (Prop_carry4_S[1]_CO[3])
                                                      0.550     4.882 r  u_ampc_8/accumulated_out_reg[11]_i_37/CO[3]
                         net (fo=1, routed)           0.000     4.882    u_ampc_8/accumulated_out_reg[11]_i_37_n_0
    SLICE_X23Y86         CARRY4 (Prop_carry4_CI_O[1])
                                                      0.334     5.216 r  u_ampc_8/accumulated_out_reg[15]_i_37/O[1]
                         net (fo=3, routed)           0.816     6.032    u_ampc_16/accumulated_out_reg[15]_i_10_0[1]
    SLICE_X20Y87         LUT3 (Prop_lut3_I0_O)        0.303     6.335 r  u_ampc_16/accumulated_out[11]_i_14/O
                         net (fo=1, routed)           0.613     6.948    u_ampc_16/accumulated_out[11]_i_14_n_0
    SLICE_X21Y87         CARRY4 (Prop_carry4_DI[2]_CO[3])
                                                      0.398     7.346 r  u_ampc_16/accumulated_out_reg[11]_i_10/CO[3]
                         net (fo=1, routed)           0.000     7.346    u_ampc_16/accumulated_out_reg[11]_i_10_n_0
    SLICE_X21Y88         CARRY4 (Prop_carry4_CI_O[1])
                                                      0.334     7.680 r  u_ampc_16/accumulated_out_reg[15]_i_10/O[1]
                         net (fo=3, routed)           0.461     8.141    u_ampc_16/accumulated_out_reg[15]_i_10_n_6
    SLICE_X18Y88         LUT3 (Prop_lut3_I0_O)        0.303     8.444 r  u_ampc_16/accumulated_out[11]_i_3/O
                         net (fo=1, routed)           0.402     8.846    u_ampc_16/accumulated_out[11]_i_3_n_0
    SLICE_X19Y88         CARRY4 (Prop_carry4_DI[2]_CO[3])
                                                      0.398     9.244 r  u_ampc_16/accumulated_out_reg[11]_i_1/CO[3]
                         net (fo=1, routed)           0.000     9.244    u_ampc_16/accumulated_out_reg[11]_i_1_n_0
    SLICE_X19Y89         CARRY4 (Prop_carry4_CI_O[1])
                                                      0.334     9.578 r  u_ampc_16/accumulated_out_reg[15]_i_1/O[1]
                         net (fo=1, routed)           0.000     9.578    u_accumulator/D[13]
    SLICE_X19Y89         FDRE                                         r  u_accumulator/accumulated_out_reg[13]/D
  -------------------------------------------------------------------    -------------------

                         (clock clk rise edge)       10.000    10.000 r  <hidden>
                                                      0.000    10.000 r  clk
                         net (fo=901, unset)          0.924    10.924    u_accumulator/clk
    SLICE_X19Y89         FDRE                                         r  u_accumulator/accumulated_out_reg[13]/C
                         clock pessimism              0.000    10.924    <hidden>
                         clock uncertainty           -0.235    10.689    <hidden>
    SLICE_X19Y89         FDRE (Setup_fdre_C_D)        0.062    10.751    u_accumulator/accumulated_out_reg[13]
  -------------------------------------------------------------------
                         required time                         10.751    <hidden>
                         arrival time                          -9.578    <hidden>
  -------------------------------------------------------------------
                         slack                                  1.173    <hidden>

Slack (MET) :             1.194ns  (required time - arrival time)
  Source:                 u_ampc_8/valid_out_reg/C
                            (rising edge-triggered cell FDRE clocked by clk  {rise@0.000ns fall@5.000ns period=10.000ns})
  Destination:            u_accumulator/accumulated_out_reg[15]/D
                            (rising edge-triggered cell FDRE clocked by clk  {rise@0.000ns fall@5.000ns period=10.000ns})
  Path Group:             clk
  Path Type:              Setup (Max at Slow Process Corner)
  Requirement:            10.000ns  (clk rise@10.000ns - clk rise@0.000ns)
  Data Path Delay:        8.584ns  (logic 3.823ns (44.536%)  route 4.761ns (55.464%))
  Logic Levels:           11  (CARRY4=6 LUT3=2 LUT5=2 LUT6=1)
  Clock Path Skew:        -0.049ns (DCD - SCD + CPR)
    Destination Clock Delay (DCD):    0.924ns = ( 10.924 - 10.000 ) 
    Source Clock Delay      (SCD):    0.973ns
    Clock Pessimism Removal (CPR):    0.000ns
  Clock Uncertainty:      0.235ns  ((TSJ^2 + TIJ^2)^1/2 + DJ) / 2 + PE + UU
    Total System Jitter     (TSJ):    0.071ns
    Total Input Jitter      (TIJ):    0.000ns
    Discrete Jitter          (DJ):    0.000ns
    Phase Error              (PE):    0.000ns
    User Uncertainty         (UU):    0.200ns

    Location             Delay type                Incr(ns)  Path(ns)    Netlist Resource(s)
  -------------------------------------------------------------------    -------------------
                         (clock clk rise edge)        0.000     0.000 r  <hidden>
                                                      0.000     0.000 r  clk
                         net (fo=901, unset)          0.973     0.973    u_ampc_8/clk
    SLICE_X20Y87         FDRE                                         r  u_ampc_8/valid_out_reg/C
  -------------------------------------------------------------------    -------------------
    SLICE_X20Y87         FDRE (Prop_fdre_C_Q)         0.518     1.491 r  u_ampc_8/valid_out_reg/Q
                         net (fo=130, routed)         1.362     2.853    u_ampc_8/valid_out
    SLICE_X26Y84         LUT5 (Prop_lut5_I2_O)        0.124     2.977 r  u_ampc_8/accumulated_out[11]_i_98/O
                         net (fo=2, routed)           0.643     3.620    u_ampc_8/mask_q_reg[7][0]
    SLICE_X23Y84         LUT5 (Prop_lut5_I1_O)        0.124     3.744 r  u_ampc_8/accumulated_out[11]_i_63/O
                         net (fo=2, routed)           0.464     4.208    u_ampc_8/accumulated_out[11]_i_63_n_0
    SLICE_X23Y85         LUT6 (Prop_lut6_I0_O)        0.124     4.332 r  u_ampc_8/accumulated_out[11]_i_66/O
                         net (fo=1, routed)           0.000     4.332    u_ampc_8/accumulated_out[11]_i_66_n_0
    SLICE_X23Y85         CARRY4 (Prop_carry4_S[1]_CO[3])
                                                      0.550     4.882 r  u_ampc_8/accumulated_out_reg[11]_i_37/CO[3]
                         net (fo=1, routed)           0.000     4.882    u_ampc_8/accumulated_out_reg[11]_i_37_n_0
    SLICE_X23Y86         CARRY4 (Prop_carry4_CI_O[1])
                                                      0.334     5.216 r  u_ampc_8/accumulated_out_reg[15]_i_37/O[1]
                         net (fo=3, routed)           0.816     6.032    u_ampc_16/accumulated_out_reg[15]_i_10_0[1]
    SLICE_X20Y87         LUT3 (Prop_lut3_I0_O)        0.303     6.335 r  u_ampc_16/accumulated_out[11]_i_14/O
                         net (fo=1, routed)           0.613     6.948    u_ampc_16/accumulated_out[11]_i_14_n_0
    SLICE_X21Y87         CARRY4 (Prop_carry4_DI[2]_CO[3])
                                                      0.398     7.346 r  u_ampc_16/accumulated_out_reg[11]_i_10/CO[3]
                         net (fo=1, routed)           0.000     7.346    u_ampc_16/accumulated_out_reg[11]_i_10_n_0
    SLICE_X21Y88         CARRY4 (Prop_carry4_CI_O[1])
                                                      0.334     7.680 r  u_ampc_16/accumulated_out_reg[15]_i_10/O[1]
                         net (fo=3, routed)           0.461     8.141    u_ampc_16/accumulated_out_reg[15]_i_10_n_6
    SLICE_X18Y88         LUT3 (Prop_lut3_I0_O)        0.303     8.444 r  u_ampc_16/accumulated_out[11]_i_3/O
                         net (fo=1, routed)           0.402     8.846    u_ampc_16/accumulated_out[11]_i_3_n_0
    SLICE_X19Y88         CARRY4 (Prop_carry4_DI[2]_CO[3])
                                                      0.398     9.244 r  u_ampc_16/accumulated_out_reg[11]_i_1/CO[3]
                         net (fo=1, routed)           0.000     9.244    u_ampc_16/accumulated_out_reg[11]_i_1_n_0
    SLICE_X19Y89         CARRY4 (Prop_carry4_CI_O[3])
                                                      0.313     9.557 r  u_ampc_16/accumulated_out_reg[15]_i_1/O[3]
                         net (fo=1, routed)           0.000     9.557    u_accumulator/D[15]
    SLICE_X19Y89         FDRE                                         r  u_accumulator/accumulated_out_reg[15]/D
  -------------------------------------------------------------------    -------------------

                         (clock clk rise edge)       10.000    10.000 r  <hidden>
                                                      0.000    10.000 r  clk
                         net (fo=901, unset)          0.924    10.924    u_accumulator/clk
    SLICE_X19Y89         FDRE                                         r  u_accumulator/accumulated_out_reg[15]/C
                         clock pessimism              0.000    10.924    <hidden>
                         clock uncertainty           -0.235    10.689    <hidden>
    SLICE_X19Y89         FDRE (Setup_fdre_C_D)        0.062    10.751    u_accumulator/accumulated_out_reg[15]
  -------------------------------------------------------------------
                         required time                         10.751    <hidden>
                         arrival time                          -9.557    <hidden>
  -------------------------------------------------------------------
                         slack                                  1.194    <hidden>

Slack (MET) :             1.268ns  (required time - arrival time)
  Source:                 u_ampc_8/valid_out_reg/C
                            (rising edge-triggered cell FDRE clocked by clk  {rise@0.000ns fall@5.000ns period=10.000ns})
  Destination:            u_accumulator/accumulated_out_reg[14]/D
                            (rising edge-triggered cell FDRE clocked by clk  {rise@0.000ns fall@5.000ns period=10.000ns})
  Path Group:             clk
  Path Type:              Setup (Max at Slow Process Corner)
  Requirement:            10.000ns  (clk rise@10.000ns - clk rise@0.000ns)
  Data Path Delay:        8.510ns  (logic 3.749ns (44.054%)  route 4.761ns (55.946%))
  Logic Levels:           11  (CARRY4=6 LUT3=2 LUT5=2 LUT6=1)
  Clock Path Skew:        -0.049ns (DCD - SCD + CPR)
    Destination Clock Delay (DCD):    0.924ns = ( 10.924 - 10.000 ) 
    Source Clock Delay      (SCD):    0.973ns
    Clock Pessimism Removal (CPR):    0.000ns
  Clock Uncertainty:      0.235ns  ((TSJ^2 + TIJ^2)^1/2 + DJ) / 2 + PE + UU
    Total System Jitter     (TSJ):    0.071ns
    Total Input Jitter      (TIJ):    0.000ns
    Discrete Jitter          (DJ):    0.000ns
    Phase Error              (PE):    0.000ns
    User Uncertainty         (UU):    0.200ns

    Location             Delay type                Incr(ns)  Path(ns)    Netlist Resource(s)
  -------------------------------------------------------------------    -------------------
                         (clock clk rise edge)        0.000     0.000 r  <hidden>
                                                      0.000     0.000 r  clk
                         net (fo=901, unset)          0.973     0.973    u_ampc_8/clk
    SLICE_X20Y87         FDRE                                         r  u_ampc_8/valid_out_reg/C
  -------------------------------------------------------------------    -------------------
    SLICE_X20Y87         FDRE (Prop_fdre_C_Q)         0.518     1.491 r  u_ampc_8/valid_out_reg/Q
                         net (fo=130, routed)         1.362     2.853    u_ampc_8/valid_out
    SLICE_X26Y84         LUT5 (Prop_lut5_I2_O)        0.124     2.977 r  u_ampc_8/accumulated_out[11]_i_98/O
                         net (fo=2, routed)           0.643     3.620    u_ampc_8/mask_q_reg[7][0]
    SLICE_X23Y84         LUT5 (Prop_lut5_I1_O)        0.124     3.744 r  u_ampc_8/accumulated_out[11]_i_63/O
                         net (fo=2, routed)           0.464     4.208    u_ampc_8/accumulated_out[11]_i_63_n_0
    SLICE_X23Y85         LUT6 (Prop_lut6_I0_O)        0.124     4.332 r  u_ampc_8/accumulated_out[11]_i_66/O
                         net (fo=1, routed)           0.000     4.332    u_ampc_8/accumulated_out[11]_i_66_n_0
    SLICE_X23Y85         CARRY4 (Prop_carry4_S[1]_CO[3])
                                                      0.550     4.882 r  u_ampc_8/accumulated_out_reg[11]_i_37/CO[3]
                         net (fo=1, routed)           0.000     4.882    u_ampc_8/accumulated_out_reg[11]_i_37_n_0
    SLICE_X23Y86         CARRY4 (Prop_carry4_CI_O[1])
                                                      0.334     5.216 r  u_ampc_8/accumulated_out_reg[15]_i_37/O[1]
                         net (fo=3, routed)           0.816     6.032    u_ampc_16/accumulated_out_reg[15]_i_10_0[1]
    SLICE_X20Y87         LUT3 (Prop_lut3_I0_O)        0.303     6.335 r  u_ampc_16/accumulated_out[11]_i_14/O
                         net (fo=1, routed)           0.613     6.948    u_ampc_16/accumulated_out[11]_i_14_n_0
    SLICE_X21Y87         CARRY4 (Prop_carry4_DI[2]_CO[3])
                                                      0.398     7.346 r  u_ampc_16/accumulated_out_reg[11]_i_10/CO[3]
                         net (fo=1, routed)           0.000     7.346    u_ampc_16/accumulated_out_reg[11]_i_10_n_0
    SLICE_X21Y88         CARRY4 (Prop_carry4_CI_O[1])
                                                      0.334     7.680 r  u_ampc_16/accumulated_out_reg[15]_i_10/O[1]
                         net (fo=3, routed)           0.461     8.141    u_ampc_16/accumulated_out_reg[15]_i_10_n_6
    SLICE_X18Y88         LUT3 (Prop_lut3_I0_O)        0.303     8.444 r  u_ampc_16/accumulated_out[11]_i_3/O
                         net (fo=1, routed)           0.402     8.846    u_ampc_16/accumulated_out[11]_i_3_n_0
    SLICE_X19Y88         CARRY4 (Prop_carry4_DI[2]_CO[3])
                                                      0.398     9.244 r  u_ampc_16/accumulated_out_reg[11]_i_1/CO[3]
                         net (fo=1, routed)           0.000     9.244    u_ampc_16/accumulated_out_reg[11]_i_1_n_0
    SLICE_X19Y89         CARRY4 (Prop_carry4_CI_O[2])
                                                      0.239     9.483 r  u_ampc_16/accumulated_out_reg[15]_i_1/O[2]
                         net (fo=1, routed)           0.000     9.483    u_accumulator/D[14]
    SLICE_X19Y89         FDRE                                         r  u_accumulator/accumulated_out_reg[14]/D
  -------------------------------------------------------------------    -------------------

                         (clock clk rise edge)       10.000    10.000 r  <hidden>
                                                      0.000    10.000 r  clk
                         net (fo=901, unset)          0.924    10.924    u_accumulator/clk
    SLICE_X19Y89         FDRE                                         r  u_accumulator/accumulated_out_reg[14]/C
                         clock pessimism              0.000    10.924    <hidden>
                         clock uncertainty           -0.235    10.689    <hidden>
    SLICE_X19Y89         FDRE (Setup_fdre_C_D)        0.062    10.751    u_accumulator/accumulated_out_reg[14]
  -------------------------------------------------------------------
                         required time                         10.751    <hidden>
                         arrival time                          -9.483    <hidden>
  -------------------------------------------------------------------
                         slack                                  1.268    <hidden>

Slack (MET) :             1.284ns  (required time - arrival time)
  Source:                 u_ampc_8/valid_out_reg/C
                            (rising edge-triggered cell FDRE clocked by clk  {rise@0.000ns fall@5.000ns period=10.000ns})
  Destination:            u_accumulator/accumulated_out_reg[12]/D
                            (rising edge-triggered cell FDRE clocked by clk  {rise@0.000ns fall@5.000ns period=10.000ns})
  Path Group:             clk
  Path Type:              Setup (Max at Slow Process Corner)
  Requirement:            10.000ns  (clk rise@10.000ns - clk rise@0.000ns)
  Data Path Delay:        8.494ns  (logic 3.733ns (43.949%)  route 4.761ns (56.051%))
  Logic Levels:           11  (CARRY4=6 LUT3=2 LUT5=2 LUT6=1)
  Clock Path Skew:        -0.049ns (DCD - SCD + CPR)
    Destination Clock Delay (DCD):    0.924ns = ( 10.924 - 10.000 ) 
    Source Clock Delay      (SCD):    0.973ns
    Clock Pessimism Removal (CPR):    0.000ns
  Clock Uncertainty:      0.235ns  ((TSJ^2 + TIJ^2)^1/2 + DJ) / 2 + PE + UU
    Total System Jitter     (TSJ):    0.071ns
    Total Input Jitter      (TIJ):    0.000ns
    Discrete Jitter          (DJ):    0.000ns
    Phase Error              (PE):    0.000ns
    User Uncertainty         (UU):    0.200ns

    Location             Delay type                Incr(ns)  Path(ns)    Netlist Resource(s)
  -------------------------------------------------------------------    -------------------
                         (clock clk rise edge)        0.000     0.000 r  <hidden>
                                                      0.000     0.000 r  clk
                         net (fo=901, unset)          0.973     0.973    u_ampc_8/clk
    SLICE_X20Y87         FDRE                                         r  u_ampc_8/valid_out_reg/C
  -------------------------------------------------------------------    -------------------
    SLICE_X20Y87         FDRE (Prop_fdre_C_Q)         0.518     1.491 r  u_ampc_8/valid_out_reg/Q
                         net (fo=130, routed)         1.362     2.853    u_ampc_8/valid_out
    SLICE_X26Y84         LUT5 (Prop_lut5_I2_O)        0.124     2.977 r  u_ampc_8/accumulated_out[11]_i_98/O
                         net (fo=2, routed)           0.643     3.620    u_ampc_8/mask_q_reg[7][0]
    SLICE_X23Y84         LUT5 (Prop_lut5_I1_O)        0.124     3.744 r  u_ampc_8/accumulated_out[11]_i_63/O
                         net (fo=2, routed)           0.464     4.208    u_ampc_8/accumulated_out[11]_i_63_n_0
    SLICE_X23Y85         LUT6 (Prop_lut6_I0_O)        0.124     4.332 r  u_ampc_8/accumulated_out[11]_i_66/O
                         net (fo=1, routed)           0.000     4.332    u_ampc_8/accumulated_out[11]_i_66_n_0
    SLICE_X23Y85         CARRY4 (Prop_carry4_S[1]_CO[3])
                                                      0.550     4.882 r  u_ampc_8/accumulated_out_reg[11]_i_37/CO[3]
                         net (fo=1, routed)           0.000     4.882    u_ampc_8/accumulated_out_reg[11]_i_37_n_0
    SLICE_X23Y86         CARRY4 (Prop_carry4_CI_O[1])
                                                      0.334     5.216 r  u_ampc_8/accumulated_out_reg[15]_i_37/O[1]
                         net (fo=3, routed)           0.816     6.032    u_ampc_16/accumulated_out_reg[15]_i_10_0[1]
    SLICE_X20Y87         LUT3 (Prop_lut3_I0_O)        0.303     6.335 r  u_ampc_16/accumulated_out[11]_i_14/O
                         net (fo=1, routed)           0.613     6.948    u_ampc_16/accumulated_out[11]_i_14_n_0
    SLICE_X21Y87         CARRY4 (Prop_carry4_DI[2]_CO[3])
                                                      0.398     7.346 r  u_ampc_16/accumulated_out_reg[11]_i_10/CO[3]
                         net (fo=1, routed)           0.000     7.346    u_ampc_16/accumulated_out_reg[11]_i_10_n_0
    SLICE_X21Y88         CARRY4 (Prop_carry4_CI_O[1])
                                                      0.334     7.680 r  u_ampc_16/accumulated_out_reg[15]_i_10/O[1]
                         net (fo=3, routed)           0.461     8.141    u_ampc_16/accumulated_out_reg[15]_i_10_n_6
    SLICE_X18Y88         LUT3 (Prop_lut3_I0_O)        0.303     8.444 r  u_ampc_16/accumulated_out[11]_i_3/O
                         net (fo=1, routed)           0.402     8.846    u_ampc_16/accumulated_out[11]_i_3_n_0
    SLICE_X19Y88         CARRY4 (Prop_carry4_DI[2]_CO[3])
                                                      0.398     9.244 r  u_ampc_16/accumulated_out_reg[11]_i_1/CO[3]
                         net (fo=1, routed)           0.000     9.244    u_ampc_16/accumulated_out_reg[11]_i_1_n_0
    SLICE_X19Y89         CARRY4 (Prop_carry4_CI_O[0])
                                                      0.223     9.467 r  u_ampc_16/accumulated_out_reg[15]_i_1/O[0]
                         net (fo=1, routed)           0.000     9.467    u_accumulator/D[12]
    SLICE_X19Y89         FDRE                                         r  u_accumulator/accumulated_out_reg[12]/D
  -------------------------------------------------------------------    -------------------

                         (clock clk rise edge)       10.000    10.000 r  <hidden>
                                                      0.000    10.000 r  clk
                         net (fo=901, unset)          0.924    10.924    u_accumulator/clk
    SLICE_X19Y89         FDRE                                         r  u_accumulator/accumulated_out_reg[12]/C
                         clock pessimism              0.000    10.924    <hidden>
                         clock uncertainty           -0.235    10.689    <hidden>
    SLICE_X19Y89         FDRE (Setup_fdre_C_D)        0.062    10.751    u_accumulator/accumulated_out_reg[12]
  -------------------------------------------------------------------
                         required time                         10.751    <hidden>
                         arrival time                          -9.467    <hidden>
  -------------------------------------------------------------------
                         slack                                  1.284    <hidden>





Min Delay Paths
--------------------------------------------------------------------------------------
Slack (MET) :             0.029ns  (arrival time - required time)
  Source:                 is_active_q_reg/C
                            (rising edge-triggered cell FDRE clocked by clk  {rise@0.000ns fall@5.000ns period=10.000ns})
  Destination:            last_chunk_reached_reg/D
                            (rising edge-triggered cell FDRE clocked by clk  {rise@0.000ns fall@5.000ns period=10.000ns})
  Path Group:             clk
  Path Type:              Hold (Min at Fast Process Corner)
  Requirement:            0.000ns  (clk rise@0.000ns - clk rise@0.000ns)
  Data Path Delay:        0.371ns  (logic 0.209ns (56.321%)  route 0.162ns (43.679%))
  Logic Levels:           1  (LUT6=1)
  Clock Path Skew:        0.022ns (DCD - SCD - CPR)
    Destination Clock Delay (DCD):    0.432ns
    Source Clock Delay      (SCD):    0.410ns
    Clock Pessimism Removal (CPR):    -0.000ns
  Clock Uncertainty:      0.200ns  ((TSJ^2 + TIJ^2)^1/2 + DJ) / 2 + PE + UU
    Total System Jitter     (TSJ):    0.000ns
    Total Input Jitter      (TIJ):    0.000ns
    Discrete Jitter          (DJ):    0.000ns
    Phase Error              (PE):    0.000ns
    User Uncertainty         (UU):    0.200ns

    Location             Delay type                Incr(ns)  Path(ns)    Netlist Resource(s)
  -------------------------------------------------------------------    -------------------
                         (clock clk rise edge)        0.000     0.000 r  <hidden>
                                                      0.000     0.000 r  clk
                         net (fo=901, unset)          0.410     0.410    clk
    SLICE_X4Y98          FDRE                                         r  is_active_q_reg/C
  -------------------------------------------------------------------    -------------------
    SLICE_X4Y98          FDRE (Prop_fdre_C_Q)         0.164     0.574 r  is_active_q_reg/Q
                         net (fo=6, routed)           0.162     0.736    u_accumulator/is_active_q_reg_0
    SLICE_X4Y98          LUT6 (Prop_lut6_I3_O)        0.045     0.781 r  u_accumulator/last_chunk_reached_i_1/O
                         net (fo=1, routed)           0.000     0.781    u_accumulator_n_3
    SLICE_X4Y98          FDRE                                         r  last_chunk_reached_reg/D
  -------------------------------------------------------------------    -------------------

                         (clock clk rise edge)        0.000     0.000 r  <hidden>
                                                      0.000     0.000 r  clk
                         net (fo=901, unset)          0.432     0.432    clk
    SLICE_X4Y98          FDRE                                         r  last_chunk_reached_reg/C
                         clock pessimism              0.000     0.432    <hidden>
                         clock uncertainty            0.200     0.632    <hidden>
    SLICE_X4Y98          FDRE (Hold_fdre_C_D)         0.121     0.753    last_chunk_reached_reg
  -------------------------------------------------------------------
                         required time                         -0.753    <hidden>
                         arrival time                           0.781    <hidden>
  -------------------------------------------------------------------
                         slack                                  0.029    <hidden>

Slack (MET) :             0.033ns  (arrival time - required time)
  Source:                 pipe_data_in_reg[11][0]/C
                            (rising edge-triggered cell FDRE clocked by clk  {rise@0.000ns fall@5.000ns period=10.000ns})
  Destination:            u_ampc_16/acc_out_reg[11][0]/D
                            (rising edge-triggered cell FDRE clocked by clk  {rise@0.000ns fall@5.000ns period=10.000ns})
  Path Group:             clk
  Path Type:              Hold (Min at Fast Process Corner)
  Requirement:            0.000ns  (clk rise@0.000ns - clk rise@0.000ns)
  Data Path Delay:        0.389ns  (logic 0.256ns (65.886%)  route 0.133ns (34.114%))
  Logic Levels:           2  (CARRY4=1 LUT4=1)
  Clock Path Skew:        0.022ns (DCD - SCD - CPR)
    Destination Clock Delay (DCD):    0.432ns
    Source Clock Delay      (SCD):    0.410ns
    Clock Pessimism Removal (CPR):    -0.000ns
  Clock Uncertainty:      0.200ns  ((TSJ^2 + TIJ^2)^1/2 + DJ) / 2 + PE + UU
    Total System Jitter     (TSJ):    0.000ns
    Total Input Jitter      (TIJ):    0.000ns
    Discrete Jitter          (DJ):    0.000ns
    Phase Error              (PE):    0.000ns
    User Uncertainty         (UU):    0.200ns

    Location             Delay type                Incr(ns)  Path(ns)    Netlist Resource(s)
  -------------------------------------------------------------------    -------------------
                         (clock clk rise edge)        0.000     0.000 r  <hidden>
                                                      0.000     0.000 r  clk
                         net (fo=901, unset)          0.410     0.410    clk
    SLICE_X29Y90         FDRE                                         r  pipe_data_in_reg[11][0]/C
  -------------------------------------------------------------------    -------------------
    SLICE_X29Y90         FDRE (Prop_fdre_C_Q)         0.141     0.551 r  pipe_data_in_reg[11][0]/Q
                         net (fo=13, routed)          0.133     0.684    u_ampc_16/gen_mac_units[11].u_mac/mult_result__0_carry__0_0[0]
    SLICE_X28Y90         LUT4 (Prop_lut4_I0_O)        0.045     0.729 r  u_ampc_16/gen_mac_units[11].u_mac/mult_result__0_carry_i_7__24/O
                         net (fo=1, routed)           0.000     0.729    u_ampc_16/gen_mac_units[11].u_mac/mult_result__0_carry_i_7__24_n_0
    SLICE_X28Y90         CARRY4 (Prop_carry4_S[0]_O[0])
                                                      0.070     0.799 r  u_ampc_16/gen_mac_units[11].u_mac/mult_result__0_carry/O[0]
                         net (fo=1, routed)           0.000     0.799    u_ampc_16/gen_mac_units[11].u_mac_n_15
    SLICE_X28Y90         FDRE                                         r  u_ampc_16/acc_out_reg[11][0]/D
  -------------------------------------------------------------------    -------------------

                         (clock clk rise edge)        0.000     0.000 r  <hidden>
                                                      0.000     0.000 r  clk
                         net (fo=901, unset)          0.432     0.432    u_ampc_16/clk
    SLICE_X28Y90         FDRE                                         r  u_ampc_16/acc_out_reg[11][0]/C
                         clock pessimism              0.000     0.432    <hidden>
                         clock uncertainty            0.200     0.632    <hidden>
    SLICE_X28Y90         FDRE (Hold_fdre_C_D)         0.134     0.766    u_ampc_16/acc_out_reg[11][0]
  -------------------------------------------------------------------
                         required time                         -0.766    <hidden>
                         arrival time                           0.799    <hidden>
  -------------------------------------------------------------------
                         slack                                  0.033    <hidden>

Slack (MET) :             0.033ns  (arrival time - required time)
  Source:                 pipe_data_in_reg[11][0]/C
                            (rising edge-triggered cell FDRE clocked by clk  {rise@0.000ns fall@5.000ns period=10.000ns})
  Destination:            u_ampc_16/acc_out_reg[11][1]/D
                            (rising edge-triggered cell FDRE clocked by clk  {rise@0.000ns fall@5.000ns period=10.000ns})
  Path Group:             clk
  Path Type:              Hold (Min at Fast Process Corner)
  Requirement:            0.000ns  (clk rise@0.000ns - clk rise@0.000ns)
  Data Path Delay:        0.389ns  (logic 0.252ns (64.856%)  route 0.137ns (35.144%))
  Logic Levels:           2  (CARRY4=1 LUT6=1)
  Clock Path Skew:        0.022ns (DCD - SCD - CPR)
    Destination Clock Delay (DCD):    0.432ns
    Source Clock Delay      (SCD):    0.410ns
    Clock Pessimism Removal (CPR):    -0.000ns
  Clock Uncertainty:      0.200ns  ((TSJ^2 + TIJ^2)^1/2 + DJ) / 2 + PE + UU
    Total System Jitter     (TSJ):    0.000ns
    Total Input Jitter      (TIJ):    0.000ns
    Discrete Jitter          (DJ):    0.000ns
    Phase Error              (PE):    0.000ns
    User Uncertainty         (UU):    0.200ns

    Location             Delay type                Incr(ns)  Path(ns)    Netlist Resource(s)
  -------------------------------------------------------------------    -------------------
                         (clock clk rise edge)        0.000     0.000 r  <hidden>
                                                      0.000     0.000 r  clk
                         net (fo=901, unset)          0.410     0.410    clk
    SLICE_X29Y90         FDRE                                         r  pipe_data_in_reg[11][0]/C
  -------------------------------------------------------------------    -------------------
    SLICE_X29Y90         FDRE (Prop_fdre_C_Q)         0.141     0.551 r  pipe_data_in_reg[11][0]/Q
                         net (fo=13, routed)          0.137     0.688    u_ampc_16/gen_mac_units[11].u_mac/mult_result__0_carry__0_0[0]
    SLICE_X28Y90         LUT6 (Prop_lut6_I5_O)        0.045     0.733 r  u_ampc_16/gen_mac_units[11].u_mac/mult_result__0_carry_i_6__24/O
                         net (fo=1, routed)           0.000     0.733    u_ampc_16/gen_mac_units[11].u_mac/mult_result__0_carry_i_6__24_n_0
    SLICE_X28Y90         CARRY4 (Prop_carry4_S[1]_O[1])
                                                      0.066     0.799 r  u_ampc_16/gen_mac_units[11].u_mac/mult_result__0_carry/O[1]
                         net (fo=1, routed)           0.000     0.799    u_ampc_16/gen_mac_units[11].u_mac_n_14
    SLICE_X28Y90         FDRE                                         r  u_ampc_16/acc_out_reg[11][1]/D
  -------------------------------------------------------------------    -------------------

                         (clock clk rise edge)        0.000     0.000 r  <hidden>
                                                      0.000     0.000 r  clk
                         net (fo=901, unset)          0.432     0.432    u_ampc_16/clk
    SLICE_X28Y90         FDRE                                         r  u_ampc_16/acc_out_reg[11][1]/C
                         clock pessimism              0.000     0.432    <hidden>
                         clock uncertainty            0.200     0.632    <hidden>
    SLICE_X28Y90         FDRE (Hold_fdre_C_D)         0.134     0.766    u_ampc_16/acc_out_reg[11][1]
  -------------------------------------------------------------------
                         required time                         -0.766    <hidden>
                         arrival time                           0.799    <hidden>
  -------------------------------------------------------------------
                         slack                                  0.033    <hidden>

Slack (MET) :             0.070ns  (arrival time - required time)
  Source:                 zero_workload_q_reg/C
                            (rising edge-triggered cell FDRE clocked by clk  {rise@0.000ns fall@5.000ns period=10.000ns})
  Destination:            zero_workload_q_reg/D
                            (rising edge-triggered cell FDRE clocked by clk  {rise@0.000ns fall@5.000ns period=10.000ns})
  Path Group:             clk
  Path Type:              Hold (Min at Fast Process Corner)
  Requirement:            0.000ns  (clk rise@0.000ns - clk rise@0.000ns)
  Data Path Delay:        0.383ns  (logic 0.186ns (48.581%)  route 0.197ns (51.419%))
  Logic Levels:           1  (LUT6=1)
  Clock Path Skew:        0.022ns (DCD - SCD - CPR)
    Destination Clock Delay (DCD):    0.432ns
    Source Clock Delay      (SCD):    0.410ns
    Clock Pessimism Removal (CPR):    -0.000ns
  Clock Uncertainty:      0.200ns  ((TSJ^2 + TIJ^2)^1/2 + DJ) / 2 + PE + UU
    Total System Jitter     (TSJ):    0.000ns
    Total Input Jitter      (TIJ):    0.000ns
    Discrete Jitter          (DJ):    0.000ns
    Phase Error              (PE):    0.000ns
    User Uncertainty         (UU):    0.200ns

    Location             Delay type                Incr(ns)  Path(ns)    Netlist Resource(s)
  -------------------------------------------------------------------    -------------------
                         (clock clk rise edge)        0.000     0.000 r  <hidden>
                                                      0.000     0.000 r  clk
                         net (fo=901, unset)          0.410     0.410    clk
    SLICE_X2Y99          FDRE                                         r  zero_workload_q_reg/C
  -------------------------------------------------------------------    -------------------
    SLICE_X2Y99          FDRE (Prop_fdre_C_Q)         0.141     0.551 r  zero_workload_q_reg/Q
                         net (fo=6, routed)           0.197     0.748    zero_workload_q
    SLICE_X2Y99          LUT6 (Prop_lut6_I4_O)        0.045     0.793 r  zero_workload_q_i_1/O
                         net (fo=1, routed)           0.000     0.793    zero_workload_q_i_1_n_0
    SLICE_X2Y99          FDRE                                         r  zero_workload_q_reg/D
  -------------------------------------------------------------------    -------------------

                         (clock clk rise edge)        0.000     0.000 r  <hidden>
                                                      0.000     0.000 r  clk
                         net (fo=901, unset)          0.432     0.432    clk
    SLICE_X2Y99          FDRE                                         r  zero_workload_q_reg/C
                         clock pessimism              0.000     0.432    <hidden>
                         clock uncertainty            0.200     0.632    <hidden>
    SLICE_X2Y99          FDRE (Hold_fdre_C_D)         0.091     0.723    zero_workload_q_reg
  -------------------------------------------------------------------
                         required time                         -0.723    <hidden>
                         arrival time                           0.793    <hidden>
  -------------------------------------------------------------------
                         slack                                  0.070    <hidden>

Slack (MET) :             0.072ns  (arrival time - required time)
  Source:                 pipe_weight_reg[13][1]/C
                            (rising edge-triggered cell FDRE clocked by clk  {rise@0.000ns fall@5.000ns period=10.000ns})
  Destination:            u_ampc_16/acc_out_reg[13][1]/D
                            (rising edge-triggered cell FDRE clocked by clk  {rise@0.000ns fall@5.000ns period=10.000ns})
  Path Group:             clk
  Path Type:              Hold (Min at Fast Process Corner)
  Requirement:            0.000ns  (clk rise@0.000ns - clk rise@0.000ns)
  Data Path Delay:        0.399ns  (logic 0.251ns (62.959%)  route 0.148ns (37.041%))
  Logic Levels:           2  (CARRY4=1 LUT6=1)
  Clock Path Skew:        0.022ns (DCD - SCD - CPR)
    Destination Clock Delay (DCD):    0.432ns
    Source Clock Delay      (SCD):    0.410ns
    Clock Pessimism Removal (CPR):    -0.000ns
  Clock Uncertainty:      0.200ns  ((TSJ^2 + TIJ^2)^1/2 + DJ) / 2 + PE + UU
    Total System Jitter     (TSJ):    0.000ns
    Total Input Jitter      (TIJ):    0.000ns
    Discrete Jitter          (DJ):    0.000ns
    Phase Error              (PE):    0.000ns
    User Uncertainty         (UU):    0.200ns

    Location             Delay type                Incr(ns)  Path(ns)    Netlist Resource(s)
  -------------------------------------------------------------------    -------------------
                         (clock clk rise edge)        0.000     0.000 r  <hidden>
                                                      0.000     0.000 r  clk
                         net (fo=901, unset)          0.410     0.410    clk
    SLICE_X19Y96         FDRE                                         r  pipe_weight_reg[13][1]/C
  -------------------------------------------------------------------    -------------------
    SLICE_X19Y96         FDRE (Prop_fdre_C_Q)         0.141     0.551 r  pipe_weight_reg[13][1]/Q
                         net (fo=9, routed)           0.148     0.699    u_ampc_16/gen_mac_units[13].u_mac/mult_result__59_carry_0[1]
    SLICE_X18Y96         LUT6 (Prop_lut6_I4_O)        0.045     0.744 r  u_ampc_16/gen_mac_units[13].u_mac/mult_result__0_carry_i_6__26/O
                         net (fo=1, routed)           0.000     0.744    u_ampc_16/gen_mac_units[13].u_mac/mult_result__0_carry_i_6__26_n_0
    SLICE_X18Y96         CARRY4 (Prop_carry4_S[1]_O[1])
                                                      0.065     0.809 r  u_ampc_16/gen_mac_units[13].u_mac/mult_result__0_carry/O[1]
                         net (fo=1, routed)           0.000     0.809    u_ampc_16/gen_mac_units[13].u_mac_n_14
    SLICE_X18Y96         FDRE                                         r  u_ampc_16/acc_out_reg[13][1]/D
  -------------------------------------------------------------------    -------------------

                         (clock clk rise edge)        0.000     0.000 r  <hidden>
                                                      0.000     0.000 r  clk
                         net (fo=901, unset)          0.432     0.432    u_ampc_16/clk
    SLICE_X18Y96         FDRE                                         r  u_ampc_16/acc_out_reg[13][1]/C
                         clock pessimism              0.000     0.432    <hidden>
                         clock uncertainty            0.200     0.632    <hidden>
    SLICE_X18Y96         FDRE (Hold_fdre_C_D)         0.105     0.737    u_ampc_16/acc_out_reg[13][1]
  -------------------------------------------------------------------
                         required time                         -0.737    <hidden>
                         arrival time                           0.809    <hidden>
  -------------------------------------------------------------------
                         slack                                  0.072    <hidden>

Slack (MET) :             0.076ns  (arrival time - required time)
  Source:                 pipe_weight_reg[7][1]/C
                            (rising edge-triggered cell FDRE clocked by clk  {rise@0.000ns fall@5.000ns period=10.000ns})
  Destination:            u_ampc_16/acc_out_reg[7][1]/D
                            (rising edge-triggered cell FDRE clocked by clk  {rise@0.000ns fall@5.000ns period=10.000ns})
  Path Group:             clk
  Path Type:              Hold (Min at Fast Process Corner)
  Requirement:            0.000ns  (clk rise@0.000ns - clk rise@0.000ns)
  Data Path Delay:        0.432ns  (logic 0.252ns (58.338%)  route 0.180ns (41.662%))
  Logic Levels:           2  (CARRY4=1 LUT6=1)
  Clock Path Skew:        0.022ns (DCD - SCD - CPR)
    Destination Clock Delay (DCD):    0.432ns
    Source Clock Delay      (SCD):    0.410ns
    Clock Pessimism Removal (CPR):    -0.000ns
  Clock Uncertainty:      0.200ns  ((TSJ^2 + TIJ^2)^1/2 + DJ) / 2 + PE + UU
    Total System Jitter     (TSJ):    0.000ns
    Total Input Jitter      (TIJ):    0.000ns
    Discrete Jitter          (DJ):    0.000ns
    Phase Error              (PE):    0.000ns
    User Uncertainty         (UU):    0.200ns

    Location             Delay type                Incr(ns)  Path(ns)    Netlist Resource(s)
  -------------------------------------------------------------------    -------------------
                         (clock clk rise edge)        0.000     0.000 r  <hidden>
                                                      0.000     0.000 r  clk
                         net (fo=901, unset)          0.410     0.410    clk
    SLICE_X29Y80         FDRE                                         r  pipe_weight_reg[7][1]/C
  -------------------------------------------------------------------    -------------------
    SLICE_X29Y80         FDRE (Prop_fdre_C_Q)         0.141     0.551 r  pipe_weight_reg[7][1]/Q
                         net (fo=18, routed)          0.180     0.731    u_ampc_16/gen_mac_units[7].u_mac/mult_result__59_carry_0[1]
    SLICE_X28Y78         LUT6 (Prop_lut6_I4_O)        0.045     0.776 r  u_ampc_16/gen_mac_units[7].u_mac/mult_result__0_carry_i_6__20/O
                         net (fo=1, routed)           0.000     0.776    u_ampc_16/gen_mac_units[7].u_mac/mult_result__0_carry_i_6__20_n_0
    SLICE_X28Y78         CARRY4 (Prop_carry4_S[1]_O[1])
                                                      0.066     0.842 r  u_ampc_16/gen_mac_units[7].u_mac/mult_result__0_carry/O[1]
                         net (fo=1, routed)           0.000     0.842    u_ampc_16/gen_mac_units[7].u_mac_n_14
    SLICE_X28Y78         FDRE                                         r  u_ampc_16/acc_out_reg[7][1]/D
  -------------------------------------------------------------------    -------------------

                         (clock clk rise edge)        0.000     0.000 r  <hidden>
                                                      0.000     0.000 r  clk
                         net (fo=901, unset)          0.432     0.432    u_ampc_16/clk
    SLICE_X28Y78         FDRE                                         r  u_ampc_16/acc_out_reg[7][1]/C
                         clock pessimism              0.000     0.432    <hidden>
                         clock uncertainty            0.200     0.632    <hidden>
    SLICE_X28Y78         FDRE (Hold_fdre_C_D)         0.134     0.766    u_ampc_16/acc_out_reg[7][1]
  -------------------------------------------------------------------
                         required time                         -0.766    <hidden>
                         arrival time                           0.842    <hidden>
  -------------------------------------------------------------------
                         slack                                  0.076    <hidden>

Slack (MET) :             0.081ns  (arrival time - required time)
  Source:                 pipe_data_in_reg[4][1]/C
                            (rising edge-triggered cell FDRE clocked by clk  {rise@0.000ns fall@5.000ns period=10.000ns})
  Destination:            u_ampc_8/acc_out_reg[4][1]/D
                            (rising edge-triggered cell FDRE clocked by clk  {rise@0.000ns fall@5.000ns period=10.000ns})
  Path Group:             clk
  Path Type:              Hold (Min at Fast Process Corner)
  Requirement:            0.000ns  (clk rise@0.000ns - clk rise@0.000ns)
  Data Path Delay:        0.408ns  (logic 0.251ns (61.582%)  route 0.157ns (38.418%))
  Logic Levels:           2  (CARRY4=1 LUT5=1)
  Clock Path Skew:        0.022ns (DCD - SCD - CPR)
    Destination Clock Delay (DCD):    0.432ns
    Source Clock Delay      (SCD):    0.410ns
    Clock Pessimism Removal (CPR):    -0.000ns
  Clock Uncertainty:      0.200ns  ((TSJ^2 + TIJ^2)^1/2 + DJ) / 2 + PE + UU
    Total System Jitter     (TSJ):    0.000ns
    Total Input Jitter      (TIJ):    0.000ns
    Discrete Jitter          (DJ):    0.000ns
    Phase Error              (PE):    0.000ns
    User Uncertainty         (UU):    0.200ns

    Location             Delay type                Incr(ns)  Path(ns)    Netlist Resource(s)
  -------------------------------------------------------------------    -------------------
                         (clock clk rise edge)        0.000     0.000 r  <hidden>
                                                      0.000     0.000 r  clk
                         net (fo=901, unset)          0.410     0.410    clk
    SLICE_X26Y68         FDRE                                         r  pipe_data_in_reg[4][1]/C
  -------------------------------------------------------------------    -------------------
    SLICE_X26Y68         FDRE (Prop_fdre_C_Q)         0.141     0.551 r  pipe_data_in_reg[4][1]/Q
                         net (fo=38, routed)          0.157     0.708    u_ampc_8/gen_mac_units[4].u_mac/mult_result__0_carry__0_0[1]
    SLICE_X27Y68         LUT5 (Prop_lut5_I1_O)        0.045     0.753 r  u_ampc_8/gen_mac_units[4].u_mac/mult_result__0_carry_i_6__9/O
                         net (fo=1, routed)           0.000     0.753    u_ampc_8/gen_mac_units[4].u_mac/mult_result__0_carry_i_6__9_n_0
    SLICE_X27Y68         CARRY4 (Prop_carry4_S[1]_O[1])
                                                      0.065     0.818 r  u_ampc_8/gen_mac_units[4].u_mac/mult_result__0_carry/O[1]
                         net (fo=1, routed)           0.000     0.818    u_ampc_8/gen_mac_units[4].u_mac_n_14
    SLICE_X27Y68         FDRE                                         r  u_ampc_8/acc_out_reg[4][1]/D
  -------------------------------------------------------------------    -------------------

                         (clock clk rise edge)        0.000     0.000 r  <hidden>
                                                      0.000     0.000 r  clk
                         net (fo=901, unset)          0.432     0.432    u_ampc_8/clk
    SLICE_X27Y68         FDRE                                         r  u_ampc_8/acc_out_reg[4][1]/C
                         clock pessimism              0.000     0.432    <hidden>
                         clock uncertainty            0.200     0.632    <hidden>
    SLICE_X27Y68         FDRE (Hold_fdre_C_D)         0.105     0.737    u_ampc_8/acc_out_reg[4][1]
  -------------------------------------------------------------------
                         required time                         -0.737    <hidden>
                         arrival time                           0.818    <hidden>
  -------------------------------------------------------------------
                         slack                                  0.081    <hidden>

Slack (MET) :             0.090ns  (arrival time - required time)
  Source:                 last_chunk_reached_reg/C
                            (rising edge-triggered cell FDRE clocked by clk  {rise@0.000ns fall@5.000ns period=10.000ns})
  Destination:            done_reg/D
                            (rising edge-triggered cell FDRE clocked by clk  {rise@0.000ns fall@5.000ns period=10.000ns})
  Path Group:             clk
  Path Type:              Hold (Min at Fast Process Corner)
  Requirement:            0.000ns  (clk rise@0.000ns - clk rise@0.000ns)
  Data Path Delay:        0.432ns  (logic 0.209ns (48.384%)  route 0.223ns (51.616%))
  Logic Levels:           1  (LUT6=1)
  Clock Path Skew:        0.022ns (DCD - SCD - CPR)
    Destination Clock Delay (DCD):    0.432ns
    Source Clock Delay      (SCD):    0.410ns
    Clock Pessimism Removal (CPR):    -0.000ns
  Clock Uncertainty:      0.200ns  ((TSJ^2 + TIJ^2)^1/2 + DJ) / 2 + PE + UU
    Total System Jitter     (TSJ):    0.000ns
    Total Input Jitter      (TIJ):    0.000ns
    Discrete Jitter          (DJ):    0.000ns
    Phase Error              (PE):    0.000ns
    User Uncertainty         (UU):    0.200ns

    Location             Delay type                Incr(ns)  Path(ns)    Netlist Resource(s)
  -------------------------------------------------------------------    -------------------
                         (clock clk rise edge)        0.000     0.000 r  <hidden>
                                                      0.000     0.000 r  clk
                         net (fo=901, unset)          0.410     0.410    clk
    SLICE_X4Y98          FDRE                                         r  last_chunk_reached_reg/C
  -------------------------------------------------------------------    -------------------
    SLICE_X4Y98          FDRE (Prop_fdre_C_Q)         0.164     0.574 r  last_chunk_reached_reg/Q
                         net (fo=3, routed)           0.223     0.797    u_accumulator/last_chunk_reached_reg
    SLICE_X4Y98          LUT6 (Prop_lut6_I2_O)        0.045     0.842 r  u_accumulator/done_i_1/O
                         net (fo=1, routed)           0.000     0.842    u_accumulator_n_4
    SLICE_X4Y98          FDRE                                         r  done_reg/D
  -------------------------------------------------------------------    -------------------

                         (clock clk rise edge)        0.000     0.000 r  <hidden>
                                                      0.000     0.000 r  clk
                         net (fo=901, unset)          0.432     0.432    clk
    SLICE_X4Y98          FDRE                                         r  done_reg/C
                         clock pessimism              0.000     0.432    <hidden>
                         clock uncertainty            0.200     0.632    <hidden>
    SLICE_X4Y98          FDRE (Hold_fdre_C_D)         0.120     0.752    done_reg
  -------------------------------------------------------------------
                         required time                         -0.752    <hidden>
                         arrival time                           0.842    <hidden>
  -------------------------------------------------------------------
                         slack                                  0.090    <hidden>

Slack (MET) :             0.097ns  (arrival time - required time)
  Source:                 pipe_data_in_reg[12][0]/C
                            (rising edge-triggered cell FDRE clocked by clk  {rise@0.000ns fall@5.000ns period=10.000ns})
  Destination:            u_ampc_16/acc_out_reg[12][1]/D
                            (rising edge-triggered cell FDRE clocked by clk  {rise@0.000ns fall@5.000ns period=10.000ns})
  Path Group:             clk
  Path Type:              Hold (Min at Fast Process Corner)
  Requirement:            0.000ns  (clk rise@0.000ns - clk rise@0.000ns)
  Data Path Delay:        0.423ns  (logic 0.251ns (59.293%)  route 0.172ns (40.707%))
  Logic Levels:           2  (CARRY4=1 LUT6=1)
  Clock Path Skew:        0.022ns (DCD - SCD - CPR)
    Destination Clock Delay (DCD):    0.432ns
    Source Clock Delay      (SCD):    0.410ns
    Clock Pessimism Removal (CPR):    -0.000ns
  Clock Uncertainty:      0.200ns  ((TSJ^2 + TIJ^2)^1/2 + DJ) / 2 + PE + UU
    Total System Jitter     (TSJ):    0.000ns
    Total Input Jitter      (TIJ):    0.000ns
    Discrete Jitter          (DJ):    0.000ns
    Phase Error              (PE):    0.000ns
    User Uncertainty         (UU):    0.200ns

    Location             Delay type                Incr(ns)  Path(ns)    Netlist Resource(s)
  -------------------------------------------------------------------    -------------------
                         (clock clk rise edge)        0.000     0.000 r  <hidden>
                                                      0.000     0.000 r  clk
                         net (fo=901, unset)          0.410     0.410    clk
    SLICE_X25Y98         FDRE                                         r  pipe_data_in_reg[12][0]/C
  -------------------------------------------------------------------    -------------------
    SLICE_X25Y98         FDRE (Prop_fdre_C_Q)         0.141     0.551 r  pipe_data_in_reg[12][0]/Q
                         net (fo=13, routed)          0.172     0.723    u_ampc_16/gen_mac_units[12].u_mac/mult_result__0_carry__0_0[0]
    SLICE_X25Y96         LUT6 (Prop_lut6_I5_O)        0.045     0.768 r  u_ampc_16/gen_mac_units[12].u_mac/mult_result__0_carry_i_6__25/O
                         net (fo=1, routed)           0.000     0.768    u_ampc_16/gen_mac_units[12].u_mac/mult_result__0_carry_i_6__25_n_0
    SLICE_X25Y96         CARRY4 (Prop_carry4_S[1]_O[1])
                                                      0.065     0.833 r  u_ampc_16/gen_mac_units[12].u_mac/mult_result__0_carry/O[1]
                         net (fo=1, routed)           0.000     0.833    u_ampc_16/gen_mac_units[12].u_mac_n_14
    SLICE_X25Y96         FDRE                                         r  u_ampc_16/acc_out_reg[12][1]/D
  -------------------------------------------------------------------    -------------------

                         (clock clk rise edge)        0.000     0.000 r  <hidden>
                                                      0.000     0.000 r  clk
                         net (fo=901, unset)          0.432     0.432    u_ampc_16/clk
    SLICE_X25Y96         FDRE                                         r  u_ampc_16/acc_out_reg[12][1]/C
                         clock pessimism              0.000     0.432    <hidden>
                         clock uncertainty            0.200     0.632    <hidden>
    SLICE_X25Y96         FDRE (Hold_fdre_C_D)         0.105     0.737    u_ampc_16/acc_out_reg[12][1]
  -------------------------------------------------------------------
                         required time                         -0.737    <hidden>
                         arrival time                           0.833    <hidden>
  -------------------------------------------------------------------
                         slack                                  0.097    <hidden>

Slack (MET) :             0.098ns  (arrival time - required time)
  Source:                 pipe_weight_reg[2][0]/C
                            (rising edge-triggered cell FDRE clocked by clk  {rise@0.000ns fall@5.000ns period=10.000ns})
  Destination:            u_ampc_4/acc_out_reg[2][1]/D
                            (rising edge-triggered cell FDRE clocked by clk  {rise@0.000ns fall@5.000ns period=10.000ns})
  Path Group:             clk
  Path Type:              Hold (Min at Fast Process Corner)
  Requirement:            0.000ns  (clk rise@0.000ns - clk rise@0.000ns)
  Data Path Delay:        0.454ns  (logic 0.275ns (60.637%)  route 0.179ns (39.363%))
  Logic Levels:           2  (CARRY4=1 LUT5=1)
  Clock Path Skew:        0.022ns (DCD - SCD - CPR)
    Destination Clock Delay (DCD):    0.432ns
    Source Clock Delay      (SCD):    0.410ns
    Clock Pessimism Removal (CPR):    -0.000ns
  Clock Uncertainty:      0.200ns  ((TSJ^2 + TIJ^2)^1/2 + DJ) / 2 + PE + UU
    Total System Jitter     (TSJ):    0.000ns
    Total Input Jitter      (TIJ):    0.000ns
    Discrete Jitter          (DJ):    0.000ns
    Phase Error              (PE):    0.000ns
    User Uncertainty         (UU):    0.200ns

    Location             Delay type                Incr(ns)  Path(ns)    Netlist Resource(s)
  -------------------------------------------------------------------    -------------------
                         (clock clk rise edge)        0.000     0.000 r  <hidden>
                                                      0.000     0.000 r  clk
                         net (fo=901, unset)          0.410     0.410    clk
    SLICE_X10Y82         FDRE                                         r  pipe_weight_reg[2][0]/C
  -------------------------------------------------------------------    -------------------
    SLICE_X10Y82         FDRE (Prop_fdre_C_Q)         0.164     0.574 r  pipe_weight_reg[2][0]/Q
                         net (fo=13, routed)          0.179     0.753    u_ampc_4/gen_mac_units[2].u_mac/mult_result__59_carry_0[0]
    SLICE_X12Y81         LUT5 (Prop_lut5_I0_O)        0.045     0.798 r  u_ampc_4/gen_mac_units[2].u_mac/mult_result__0_carry_i_6__3/O
                         net (fo=1, routed)           0.000     0.798    u_ampc_4/gen_mac_units[2].u_mac/mult_result__0_carry_i_6__3_n_0
    SLICE_X12Y81         CARRY4 (Prop_carry4_S[1]_O[1])
                                                      0.066     0.864 r  u_ampc_4/gen_mac_units[2].u_mac/mult_result__0_carry/O[1]
                         net (fo=1, routed)           0.000     0.864    u_ampc_4/gen_mac_units[2].u_mac_n_14
    SLICE_X12Y81         FDRE                                         r  u_ampc_4/acc_out_reg[2][1]/D
  -------------------------------------------------------------------    -------------------

                         (clock clk rise edge)        0.000     0.000 r  <hidden>
                                                      0.000     0.000 r  clk
                         net (fo=901, unset)          0.432     0.432    u_ampc_4/clk
    SLICE_X12Y81         FDRE                                         r  u_ampc_4/acc_out_reg[2][1]/C
                         clock pessimism              0.000     0.432    <hidden>
                         clock uncertainty            0.200     0.632    <hidden>
    SLICE_X12Y81         FDRE (Hold_fdre_C_D)         0.134     0.766    u_ampc_4/acc_out_reg[2][1]
  -------------------------------------------------------------------
                         required time                         -0.766    <hidden>
                         arrival time                           0.864    <hidden>
  -------------------------------------------------------------------
                         slack                                  0.098    <hidden>

Slack (MET) :             0.107ns  (arrival time - required time)
  Source:                 pipe_weight_reg[7][1]/C
                            (rising edge-triggered cell FDRE clocked by clk  {rise@0.000ns fall@5.000ns period=10.000ns})
  Destination:            u_ampc_8/acc_out_reg[7][1]/D
                            (rising edge-triggered cell FDRE clocked by clk  {rise@0.000ns fall@5.000ns period=10.000ns})
  Path Group:             clk
  Path Type:              Hold (Min at Fast Process Corner)
  Requirement:            0.000ns  (clk rise@0.000ns - clk rise@0.000ns)
  Data Path Delay:        0.434ns  (logic 0.251ns (57.824%)  route 0.183ns (42.176%))
  Logic Levels:           2  (CARRY4=1 LUT6=1)
  Clock Path Skew:        0.022ns (DCD - SCD - CPR)
    Destination Clock Delay (DCD):    0.432ns
    Source Clock Delay      (SCD):    0.410ns
    Clock Pessimism Removal (CPR):    -0.000ns
  Clock Uncertainty:      0.200ns  ((TSJ^2 + TIJ^2)^1/2 + DJ) / 2 + PE + UU
    Total System Jitter     (TSJ):    0.000ns
    Total Input Jitter      (TIJ):    0.000ns
    Discrete Jitter          (DJ):    0.000ns
    Phase Error              (PE):    0.000ns
    User Uncertainty         (UU):    0.200ns

    Location             Delay type                Incr(ns)  Path(ns)    Netlist Resource(s)
  -------------------------------------------------------------------    -------------------
                         (clock clk rise edge)        0.000     0.000 r  <hidden>
                                                      0.000     0.000 r  clk
                         net (fo=901, unset)          0.410     0.410    clk
    SLICE_X29Y80         FDRE                                         r  pipe_weight_reg[7][1]/C
  -------------------------------------------------------------------    -------------------
    SLICE_X29Y80         FDRE (Prop_fdre_C_Q)         0.141     0.551 r  pipe_weight_reg[7][1]/Q
                         net (fo=18, routed)          0.183     0.734    u_ampc_8/gen_mac_units[7].u_mac/mult_result__59_carry_0[1]
    SLICE_X26Y80         LUT6 (Prop_lut6_I4_O)        0.045     0.779 r  u_ampc_8/gen_mac_units[7].u_mac/mult_result__0_carry_i_6__12/O
                         net (fo=1, routed)           0.000     0.779    u_ampc_8/gen_mac_units[7].u_mac/mult_result__0_carry_i_6__12_n_0
    SLICE_X26Y80         CARRY4 (Prop_carry4_S[1]_O[1])
                                                      0.065     0.844 r  u_ampc_8/gen_mac_units[7].u_mac/mult_result__0_carry/O[1]
                         net (fo=1, routed)           0.000     0.844    u_ampc_8/gen_mac_units[7].u_mac_n_14
    SLICE_X26Y80         FDRE                                         r  u_ampc_8/acc_out_reg[7][1]/D
  -------------------------------------------------------------------    -------------------

                         (clock clk rise edge)        0.000     0.000 r  <hidden>
                                                      0.000     0.000 r  clk
                         net (fo=901, unset)          0.432     0.432    u_ampc_8/clk
    SLICE_X26Y80         FDRE                                         r  u_ampc_8/acc_out_reg[7][1]/C
                         clock pessimism              0.000     0.432    <hidden>
                         clock uncertainty            0.200     0.632    <hidden>
    SLICE_X26Y80         FDRE (Hold_fdre_C_D)         0.105     0.737    u_ampc_8/acc_out_reg[7][1]
  -------------------------------------------------------------------
                         required time                         -0.737    <hidden>
                         arrival time                           0.844    <hidden>
  -------------------------------------------------------------------
                         slack                                  0.107    <hidden>

Slack (MET) :             0.108ns  (arrival time - required time)
  Source:                 pipe_data_in_reg[11][0]/C
                            (rising edge-triggered cell FDRE clocked by clk  {rise@0.000ns fall@5.000ns period=10.000ns})
  Destination:            u_ampc_16/acc_out_reg[11][2]/D
                            (rising edge-triggered cell FDRE clocked by clk  {rise@0.000ns fall@5.000ns period=10.000ns})
  Path Group:             clk
  Path Type:              Hold (Min at Fast Process Corner)
  Requirement:            0.000ns  (clk rise@0.000ns - clk rise@0.000ns)
  Data Path Delay:        0.464ns  (logic 0.331ns (71.405%)  route 0.133ns (28.595%))
  Logic Levels:           2  (CARRY4=1 LUT4=1)
  Clock Path Skew:        0.022ns (DCD - SCD - CPR)
    Destination Clock Delay (DCD):    0.432ns
    Source Clock Delay      (SCD):    0.410ns
    Clock Pessimism Removal (CPR):    -0.000ns
  Clock Uncertainty:      0.200ns  ((TSJ^2 + TIJ^2)^1/2 + DJ) / 2 + PE + UU
    Total System Jitter     (TSJ):    0.000ns
    Total Input Jitter      (TIJ):    0.000ns
    Discrete Jitter          (DJ):    0.000ns
    Phase Error              (PE):    0.000ns
    User Uncertainty         (UU):    0.200ns

    Location             Delay type                Incr(ns)  Path(ns)    Netlist Resource(s)
  -------------------------------------------------------------------    -------------------
                         (clock clk rise edge)        0.000     0.000 r  <hidden>
                                                      0.000     0.000 r  clk
                         net (fo=901, unset)          0.410     0.410    clk
    SLICE_X29Y90         FDRE                                         r  pipe_data_in_reg[11][0]/C
  -------------------------------------------------------------------    -------------------
    SLICE_X29Y90         FDRE (Prop_fdre_C_Q)         0.141     0.551 r  pipe_data_in_reg[11][0]/Q
                         net (fo=13, routed)          0.133     0.684    u_ampc_16/gen_mac_units[11].u_mac/mult_result__0_carry__0_0[0]
    SLICE_X28Y90         LUT4 (Prop_lut4_I0_O)        0.045     0.729 r  u_ampc_16/gen_mac_units[11].u_mac/mult_result__0_carry_i_7__24/O
                         net (fo=1, routed)           0.000     0.729    u_ampc_16/gen_mac_units[11].u_mac/mult_result__0_carry_i_7__24_n_0
    SLICE_X28Y90         CARRY4 (Prop_carry4_S[0]_O[2])
                                                      0.145     0.874 r  u_ampc_16/gen_mac_units[11].u_mac/mult_result__0_carry/O[2]
                         net (fo=1, routed)           0.000     0.874    u_ampc_16/gen_mac_units[11].u_mac_n_13
    SLICE_X28Y90         FDRE                                         r  u_ampc_16/acc_out_reg[11][2]/D
  -------------------------------------------------------------------    -------------------

                         (clock clk rise edge)        0.000     0.000 r  <hidden>
                                                      0.000     0.000 r  clk
                         net (fo=901, unset)          0.432     0.432    u_ampc_16/clk
    SLICE_X28Y90         FDRE                                         r  u_ampc_16/acc_out_reg[11][2]/C
                         clock pessimism              0.000     0.432    <hidden>
                         clock uncertainty            0.200     0.632    <hidden>
    SLICE_X28Y90         FDRE (Hold_fdre_C_D)         0.134     0.766    u_ampc_16/acc_out_reg[11][2]
  -------------------------------------------------------------------
                         required time                         -0.766    <hidden>
                         arrival time                           0.874    <hidden>
  -------------------------------------------------------------------
                         slack                                  0.108    <hidden>

Slack (MET) :             0.112ns  (arrival time - required time)
  Source:                 pipe_weight_reg[10][1]/C
                            (rising edge-triggered cell FDRE clocked by clk  {rise@0.000ns fall@5.000ns period=10.000ns})
  Destination:            u_ampc_16/acc_out_reg[10][1]/D
                            (rising edge-triggered cell FDRE clocked by clk  {rise@0.000ns fall@5.000ns period=10.000ns})
  Path Group:             clk
  Path Type:              Hold (Min at Fast Process Corner)
  Requirement:            0.000ns  (clk rise@0.000ns - clk rise@0.000ns)
  Data Path Delay:        0.468ns  (logic 0.252ns (53.845%)  route 0.216ns (46.155%))
  Logic Levels:           2  (CARRY4=1 LUT6=1)
  Clock Path Skew:        0.022ns (DCD - SCD - CPR)
    Destination Clock Delay (DCD):    0.432ns
    Source Clock Delay      (SCD):    0.410ns
    Clock Pessimism Removal (CPR):    -0.000ns
  Clock Uncertainty:      0.200ns  ((TSJ^2 + TIJ^2)^1/2 + DJ) / 2 + PE + UU
    Total System Jitter     (TSJ):    0.000ns
    Total Input Jitter      (TIJ):    0.000ns
    Discrete Jitter          (DJ):    0.000ns
    Phase Error              (PE):    0.000ns
    User Uncertainty         (UU):    0.200ns

    Location             Delay type                Incr(ns)  Path(ns)    Netlist Resource(s)
  -------------------------------------------------------------------    -------------------
                         (clock clk rise edge)        0.000     0.000 r  <hidden>
                                                      0.000     0.000 r  clk
                         net (fo=901, unset)          0.410     0.410    clk
    SLICE_X33Y90         FDRE                                         r  pipe_weight_reg[10][1]/C
  -------------------------------------------------------------------    -------------------
    SLICE_X33Y90         FDRE (Prop_fdre_C_Q)         0.141     0.551 r  pipe_weight_reg[10][1]/Q
                         net (fo=9, routed)           0.216     0.767    u_ampc_16/gen_mac_units[10].u_mac/mult_result__59_carry_0[1]
    SLICE_X32Y88         LUT6 (Prop_lut6_I4_O)        0.045     0.812 r  u_ampc_16/gen_mac_units[10].u_mac/mult_result__0_carry_i_6__23/O
                         net (fo=1, routed)           0.000     0.812    u_ampc_16/gen_mac_units[10].u_mac/mult_result__0_carry_i_6__23_n_0
    SLICE_X32Y88         CARRY4 (Prop_carry4_S[1]_O[1])
                                                      0.066     0.878 r  u_ampc_16/gen_mac_units[10].u_mac/mult_result__0_carry/O[1]
                         net (fo=1, routed)           0.000     0.878    u_ampc_16/gen_mac_units[10].u_mac_n_14
    SLICE_X32Y88         FDRE                                         r  u_ampc_16/acc_out_reg[10][1]/D
  -------------------------------------------------------------------    -------------------

                         (clock clk rise edge)        0.000     0.000 r  <hidden>
                                                      0.000     0.000 r  clk
                         net (fo=901, unset)          0.432     0.432    u_ampc_16/clk
    SLICE_X32Y88         FDRE                                         r  u_ampc_16/acc_out_reg[10][1]/C
                         clock pessimism              0.000     0.432    <hidden>
                         clock uncertainty            0.200     0.632    <hidden>
    SLICE_X32Y88         FDRE (Hold_fdre_C_D)         0.134     0.766    u_ampc_16/acc_out_reg[10][1]
  -------------------------------------------------------------------
                         required time                         -0.766    <hidden>
                         arrival time                           0.878    <hidden>
  -------------------------------------------------------------------
                         slack                                  0.112    <hidden>

Slack (MET) :             0.118ns  (arrival time - required time)
  Source:                 pipe_weight_reg[10][0]/C
                            (rising edge-triggered cell FDRE clocked by clk  {rise@0.000ns fall@5.000ns period=10.000ns})
  Destination:            u_ampc_16/acc_out_reg[10][0]/D
                            (rising edge-triggered cell FDRE clocked by clk  {rise@0.000ns fall@5.000ns period=10.000ns})
  Path Group:             clk
  Path Type:              Hold (Min at Fast Process Corner)
  Requirement:            0.000ns  (clk rise@0.000ns - clk rise@0.000ns)
  Data Path Delay:        0.473ns  (logic 0.256ns (54.076%)  route 0.217ns (45.924%))
  Logic Levels:           2  (CARRY4=1 LUT4=1)
  Clock Path Skew:        0.022ns (DCD - SCD - CPR)
    Destination Clock Delay (DCD):    0.432ns
    Source Clock Delay      (SCD):    0.410ns
    Clock Pessimism Removal (CPR):    -0.000ns
  Clock Uncertainty:      0.200ns  ((TSJ^2 + TIJ^2)^1/2 + DJ) / 2 + PE + UU
    Total System Jitter     (TSJ):    0.000ns
    Total Input Jitter      (TIJ):    0.000ns
    Discrete Jitter          (DJ):    0.000ns
    Phase Error              (PE):    0.000ns
    User Uncertainty         (UU):    0.200ns

    Location             Delay type                Incr(ns)  Path(ns)    Netlist Resource(s)
  -------------------------------------------------------------------    -------------------
                         (clock clk rise edge)        0.000     0.000 r  <hidden>
                                                      0.000     0.000 r  clk
                         net (fo=901, unset)          0.410     0.410    clk
    SLICE_X33Y89         FDRE                                         r  pipe_weight_reg[10][0]/C
  -------------------------------------------------------------------    -------------------
    SLICE_X33Y89         FDRE (Prop_fdre_C_Q)         0.141     0.551 r  pipe_weight_reg[10][0]/Q
                         net (fo=5, routed)           0.217     0.769    u_ampc_16/gen_mac_units[10].u_mac/mult_result__59_carry_0[0]
    SLICE_X32Y88         LUT4 (Prop_lut4_I1_O)        0.045     0.814 r  u_ampc_16/gen_mac_units[10].u_mac/mult_result__0_carry_i_7__23/O
                         net (fo=1, routed)           0.000     0.814    u_ampc_16/gen_mac_units[10].u_mac/mult_result__0_carry_i_7__23_n_0
    SLICE_X32Y88         CARRY4 (Prop_carry4_S[0]_O[0])
                                                      0.070     0.884 r  u_ampc_16/gen_mac_units[10].u_mac/mult_result__0_carry/O[0]
                         net (fo=1, routed)           0.000     0.884    u_ampc_16/gen_mac_units[10].u_mac_n_15
    SLICE_X32Y88         FDRE                                         r  u_ampc_16/acc_out_reg[10][0]/D
  -------------------------------------------------------------------    -------------------

                         (clock clk rise edge)        0.000     0.000 r  <hidden>
                                                      0.000     0.000 r  clk
                         net (fo=901, unset)          0.432     0.432    u_ampc_16/clk
    SLICE_X32Y88         FDRE                                         r  u_ampc_16/acc_out_reg[10][0]/C
                         clock pessimism              0.000     0.432    <hidden>
                         clock uncertainty            0.200     0.632    <hidden>
    SLICE_X32Y88         FDRE (Hold_fdre_C_D)         0.134     0.766    u_ampc_16/acc_out_reg[10][0]
  -------------------------------------------------------------------
                         required time                         -0.766    <hidden>
                         arrival time                           0.884    <hidden>
  -------------------------------------------------------------------
                         slack                                  0.118    <hidden>

Slack (MET) :             0.126ns  (arrival time - required time)
  Source:                 pipe_mask_16_reg[2]/C
                            (rising edge-triggered cell FDRE clocked by clk  {rise@0.000ns fall@5.000ns period=10.000ns})
  Destination:            mask_q_reg[2]/D
                            (rising edge-triggered cell FDRE clocked by clk  {rise@0.000ns fall@5.000ns period=10.000ns})
  Path Group:             clk
  Path Type:              Hold (Min at Fast Process Corner)
  Requirement:            0.000ns  (clk rise@0.000ns - clk rise@0.000ns)
  Data Path Delay:        0.439ns  (logic 0.186ns (42.369%)  route 0.253ns (57.631%))
  Logic Levels:           1  (LUT5=1)
  Clock Path Skew:        0.022ns (DCD - SCD - CPR)
    Destination Clock Delay (DCD):    0.432ns
    Source Clock Delay      (SCD):    0.410ns
    Clock Pessimism Removal (CPR):    -0.000ns
  Clock Uncertainty:      0.200ns  ((TSJ^2 + TIJ^2)^1/2 + DJ) / 2 + PE + UU
    Total System Jitter     (TSJ):    0.000ns
    Total Input Jitter      (TIJ):    0.000ns
    Discrete Jitter          (DJ):    0.000ns
    Phase Error              (PE):    0.000ns
    User Uncertainty         (UU):    0.200ns

    Location             Delay type                Incr(ns)  Path(ns)    Netlist Resource(s)
  -------------------------------------------------------------------    -------------------
                         (clock clk rise edge)        0.000     0.000 r  <hidden>
                                                      0.000     0.000 r  clk
                         net (fo=901, unset)          0.410     0.410    clk
    SLICE_X15Y83         FDRE                                         r  pipe_mask_16_reg[2]/C
  -------------------------------------------------------------------    -------------------
    SLICE_X15Y83         FDRE (Prop_fdre_C_Q)         0.141     0.551 r  pipe_mask_16_reg[2]/Q
                         net (fo=42, routed)          0.253     0.804    pipe_mask_16[2]
    SLICE_X14Y84         LUT5 (Prop_lut5_I0_O)        0.045     0.849 r  mask_q[2]_i_1/O
                         net (fo=1, routed)           0.000     0.849    current_active_mask[2]
    SLICE_X14Y84         FDRE                                         r  mask_q_reg[2]/D
  -------------------------------------------------------------------    -------------------

                         (clock clk rise edge)        0.000     0.000 r  <hidden>
                                                      0.000     0.000 r  clk
                         net (fo=901, unset)          0.432     0.432    clk
    SLICE_X14Y84         FDRE                                         r  mask_q_reg[2]/C
                         clock pessimism              0.000     0.432    <hidden>
                         clock uncertainty            0.200     0.632    <hidden>
    SLICE_X14Y84         FDRE (Hold_fdre_C_D)         0.091     0.723    mask_q_reg[2]
  -------------------------------------------------------------------
                         required time                         -0.723    <hidden>
                         arrival time                           0.849    <hidden>
  -------------------------------------------------------------------
                         slack                                  0.126    <hidden>

Slack (MET) :             0.129ns  (arrival time - required time)
  Source:                 pipe_data_in_reg[0][1]/C
                            (rising edge-triggered cell FDRE clocked by clk  {rise@0.000ns fall@5.000ns period=10.000ns})
  Destination:            u_ampc_4/acc_out_reg[0][2]/D
                            (rising edge-triggered cell FDRE clocked by clk  {rise@0.000ns fall@5.000ns period=10.000ns})
  Path Group:             clk
  Path Type:              Hold (Min at Fast Process Corner)
  Requirement:            0.000ns  (clk rise@0.000ns - clk rise@0.000ns)
  Data Path Delay:        0.485ns  (logic 0.251ns (51.755%)  route 0.234ns (48.245%))
  Logic Levels:           2  (CARRY4=1 LUT6=1)
  Clock Path Skew:        0.022ns (DCD - SCD - CPR)
    Destination Clock Delay (DCD):    0.432ns
    Source Clock Delay      (SCD):    0.410ns
    Clock Pessimism Removal (CPR):    -0.000ns
  Clock Uncertainty:      0.200ns  ((TSJ^2 + TIJ^2)^1/2 + DJ) / 2 + PE + UU
    Total System Jitter     (TSJ):    0.000ns
    Total Input Jitter      (TIJ):    0.000ns
    Discrete Jitter          (DJ):    0.000ns
    Phase Error              (PE):    0.000ns
    User Uncertainty         (UU):    0.200ns

    Location             Delay type                Incr(ns)  Path(ns)    Netlist Resource(s)
  -------------------------------------------------------------------    -------------------
                         (clock clk rise edge)        0.000     0.000 r  <hidden>
                                                      0.000     0.000 r  clk
                         net (fo=901, unset)          0.410     0.410    clk
    SLICE_X7Y91          FDRE                                         r  pipe_data_in_reg[0][1]/C
  -------------------------------------------------------------------    -------------------
    SLICE_X7Y91          FDRE (Prop_fdre_C_Q)         0.141     0.551 r  pipe_data_in_reg[0][1]/Q
                         net (fo=76, routed)          0.234     0.785    u_ampc_4/gen_mac_units[0].u_mac/Q[1]
    SLICE_X6Y91          LUT6 (Prop_lut6_I3_O)        0.045     0.830 r  u_ampc_4/gen_mac_units[0].u_mac/mult_result__0_carry_i_5__1/O
                         net (fo=1, routed)           0.000     0.830    u_ampc_4/gen_mac_units[0].u_mac/mult_result__0_carry_i_5__1_n_0
    SLICE_X6Y91          CARRY4 (Prop_carry4_S[2]_O[2])
                                                      0.065     0.895 r  u_ampc_4/gen_mac_units[0].u_mac/mult_result__0_carry/O[2]
                         net (fo=1, routed)           0.000     0.895    u_ampc_4/p_0_in[2]
    SLICE_X6Y91          FDRE                                         r  u_ampc_4/acc_out_reg[0][2]/D
  -------------------------------------------------------------------    -------------------

                         (clock clk rise edge)        0.000     0.000 r  <hidden>
                                                      0.000     0.000 r  clk
                         net (fo=901, unset)          0.432     0.432    u_ampc_4/clk
    SLICE_X6Y91          FDRE                                         r  u_ampc_4/acc_out_reg[0][2]/C
                         clock pessimism              0.000     0.432    <hidden>
                         clock uncertainty            0.200     0.632    <hidden>
    SLICE_X6Y91          FDRE (Hold_fdre_C_D)         0.134     0.766    u_ampc_4/acc_out_reg[0][2]
  -------------------------------------------------------------------
                         required time                         -0.766    <hidden>
                         arrival time                           0.895    <hidden>
  -------------------------------------------------------------------
                         slack                                  0.129    <hidden>

Slack (MET) :             0.131ns  (arrival time - required time)
  Source:                 pipe_data_in_reg[8][0]/C
                            (rising edge-triggered cell FDRE clocked by clk  {rise@0.000ns fall@5.000ns period=10.000ns})
  Destination:            u_ampc_16/acc_out_reg[8][1]/D
                            (rising edge-triggered cell FDRE clocked by clk  {rise@0.000ns fall@5.000ns period=10.000ns})
  Path Group:             clk
  Path Type:              Hold (Min at Fast Process Corner)
  Requirement:            0.000ns  (clk rise@0.000ns - clk rise@0.000ns)
  Data Path Delay:        0.458ns  (logic 0.274ns (59.819%)  route 0.184ns (40.181%))
  Logic Levels:           2  (CARRY4=1 LUT6=1)
  Clock Path Skew:        0.022ns (DCD - SCD - CPR)
    Destination Clock Delay (DCD):    0.432ns
    Source Clock Delay      (SCD):    0.410ns
    Clock Pessimism Removal (CPR):    -0.000ns
  Clock Uncertainty:      0.200ns  ((TSJ^2 + TIJ^2)^1/2 + DJ) / 2 + PE + UU
    Total System Jitter     (TSJ):    0.000ns
    Total Input Jitter      (TIJ):    0.000ns
    Discrete Jitter          (DJ):    0.000ns
    Phase Error              (PE):    0.000ns
    User Uncertainty         (UU):    0.200ns

    Location             Delay type                Incr(ns)  Path(ns)    Netlist Resource(s)
  -------------------------------------------------------------------    -------------------
                         (clock clk rise edge)        0.000     0.000 r  <hidden>
                                                      0.000     0.000 r  clk
                         net (fo=901, unset)          0.410     0.410    clk
    SLICE_X24Y86         FDRE                                         r  pipe_data_in_reg[8][0]/C
  -------------------------------------------------------------------    -------------------
    SLICE_X24Y86         FDRE (Prop_fdre_C_Q)         0.164     0.574 r  pipe_data_in_reg[8][0]/Q
                         net (fo=13, routed)          0.184     0.758    u_ampc_16/gen_mac_units[8].u_mac/mult_result__0_carry__0_0[0]
    SLICE_X25Y84         LUT6 (Prop_lut6_I5_O)        0.045     0.803 r  u_ampc_16/gen_mac_units[8].u_mac/mult_result__0_carry_i_6__21/O
                         net (fo=1, routed)           0.000     0.803    u_ampc_16/gen_mac_units[8].u_mac/mult_result__0_carry_i_6__21_n_0
    SLICE_X25Y84         CARRY4 (Prop_carry4_S[1]_O[1])
                                                      0.065     0.868 r  u_ampc_16/gen_mac_units[8].u_mac/mult_result__0_carry/O[1]
                         net (fo=1, routed)           0.000     0.868    u_ampc_16/gen_mac_units[8].u_mac_n_14
    SLICE_X25Y84         FDRE                                         r  u_ampc_16/acc_out_reg[8][1]/D
  -------------------------------------------------------------------    -------------------

                         (clock clk rise edge)        0.000     0.000 r  <hidden>
                                                      0.000     0.000 r  clk
                         net (fo=901, unset)          0.432     0.432    u_ampc_16/clk
    SLICE_X25Y84         FDRE                                         r  u_ampc_16/acc_out_reg[8][1]/C
                         clock pessimism              0.000     0.432    <hidden>
                         clock uncertainty            0.200     0.632    <hidden>
    SLICE_X25Y84         FDRE (Hold_fdre_C_D)         0.105     0.737    u_ampc_16/acc_out_reg[8][1]
  -------------------------------------------------------------------
                         required time                         -0.737    <hidden>
                         arrival time                           0.868    <hidden>
  -------------------------------------------------------------------
                         slack                                  0.131    <hidden>

Slack (MET) :             0.134ns  (arrival time - required time)
  Source:                 pipe_data_in_reg[4][1]/C
                            (rising edge-triggered cell FDRE clocked by clk  {rise@0.000ns fall@5.000ns period=10.000ns})
  Destination:            u_ampc_8/acc_out_reg[4][2]/D
                            (rising edge-triggered cell FDRE clocked by clk  {rise@0.000ns fall@5.000ns period=10.000ns})
  Path Group:             clk
  Path Type:              Hold (Min at Fast Process Corner)
  Requirement:            0.000ns  (clk rise@0.000ns - clk rise@0.000ns)
  Data Path Delay:        0.461ns  (logic 0.304ns (66.003%)  route 0.157ns (33.997%))
  Logic Levels:           2  (CARRY4=1 LUT3=1)
  Clock Path Skew:        0.022ns (DCD - SCD - CPR)
    Destination Clock Delay (DCD):    0.432ns
    Source Clock Delay      (SCD):    0.410ns
    Clock Pessimism Removal (CPR):    -0.000ns
  Clock Uncertainty:      0.200ns  ((TSJ^2 + TIJ^2)^1/2 + DJ) / 2 + PE + UU
    Total System Jitter     (TSJ):    0.000ns
    Total Input Jitter      (TIJ):    0.000ns
    Discrete Jitter          (DJ):    0.000ns
    Phase Error              (PE):    0.000ns
    User Uncertainty         (UU):    0.200ns

    Location             Delay type                Incr(ns)  Path(ns)    Netlist Resource(s)
  -------------------------------------------------------------------    -------------------
                         (clock clk rise edge)        0.000     0.000 r  <hidden>
                                                      0.000     0.000 r  clk
                         net (fo=901, unset)          0.410     0.410    clk
    SLICE_X26Y68         FDRE                                         r  pipe_data_in_reg[4][1]/C
  -------------------------------------------------------------------    -------------------
    SLICE_X26Y68         FDRE (Prop_fdre_C_Q)         0.141     0.551 r  pipe_data_in_reg[4][1]/Q
                         net (fo=38, routed)          0.157     0.708    u_ampc_8/gen_mac_units[4].u_mac/mult_result__0_carry__0_0[1]
    SLICE_X27Y68         LUT3 (Prop_lut3_I0_O)        0.049     0.757 r  u_ampc_8/gen_mac_units[4].u_mac/mult_result__0_carry_i_3__9/O
                         net (fo=1, routed)           0.000     0.757    u_ampc_8/gen_mac_units[4].u_mac/mult_result__0_carry_i_3__9_n_0
    SLICE_X27Y68         CARRY4 (Prop_carry4_DI[1]_O[2])
                                                      0.114     0.871 r  u_ampc_8/gen_mac_units[4].u_mac/mult_result__0_carry/O[2]
                         net (fo=1, routed)           0.000     0.871    u_ampc_8/gen_mac_units[4].u_mac_n_13
    SLICE_X27Y68         FDRE                                         r  u_ampc_8/acc_out_reg[4][2]/D
  -------------------------------------------------------------------    -------------------

                         (clock clk rise edge)        0.000     0.000 r  <hidden>
                                                      0.000     0.000 r  clk
                         net (fo=901, unset)          0.432     0.432    u_ampc_8/clk
    SLICE_X27Y68         FDRE                                         r  u_ampc_8/acc_out_reg[4][2]/C
                         clock pessimism              0.000     0.432    <hidden>
                         clock uncertainty            0.200     0.632    <hidden>
    SLICE_X27Y68         FDRE (Hold_fdre_C_D)         0.105     0.737    u_ampc_8/acc_out_reg[4][2]
  -------------------------------------------------------------------
                         required time                         -0.737    <hidden>
                         arrival time                           0.871    <hidden>
  -------------------------------------------------------------------
                         slack                                  0.134    <hidden>

Slack (MET) :             0.135ns  (arrival time - required time)
  Source:                 pipe_weight_reg[0][0]/C
                            (rising edge-triggered cell FDRE clocked by clk  {rise@0.000ns fall@5.000ns period=10.000ns})
  Destination:            u_ampc_8/acc_out_reg[0][0]/D
                            (rising edge-triggered cell FDRE clocked by clk  {rise@0.000ns fall@5.000ns period=10.000ns})
  Path Group:             clk
  Path Type:              Hold (Min at Fast Process Corner)
  Requirement:            0.000ns  (clk rise@0.000ns - clk rise@0.000ns)
  Data Path Delay:        0.461ns  (logic 0.256ns (55.516%)  route 0.205ns (44.484%))
  Logic Levels:           2  (CARRY4=1 LUT3=1)
  Clock Path Skew:        0.022ns (DCD - SCD - CPR)
    Destination Clock Delay (DCD):    0.432ns
    Source Clock Delay      (SCD):    0.410ns
    Clock Pessimism Removal (CPR):    -0.000ns
  Clock Uncertainty:      0.200ns  ((TSJ^2 + TIJ^2)^1/2 + DJ) / 2 + PE + UU
    Total System Jitter     (TSJ):    0.000ns
    Total Input Jitter      (TIJ):    0.000ns
    Discrete Jitter          (DJ):    0.000ns
    Phase Error              (PE):    0.000ns
    User Uncertainty         (UU):    0.200ns

    Location             Delay type                Incr(ns)  Path(ns)    Netlist Resource(s)
  -------------------------------------------------------------------    -------------------
                         (clock clk rise edge)        0.000     0.000 r  <hidden>
                                                      0.000     0.000 r  clk
                         net (fo=901, unset)          0.410     0.410    clk
    SLICE_X11Y93         FDRE                                         r  pipe_weight_reg[0][0]/C
  -------------------------------------------------------------------    -------------------
    SLICE_X11Y93         FDRE (Prop_fdre_C_Q)         0.141     0.551 r  pipe_weight_reg[0][0]/Q
                         net (fo=16, routed)          0.205     0.756    u_ampc_8/gen_mac_units[0].u_mac/mult_result__59_carry_0[0]
    SLICE_X11Y91         LUT3 (Prop_lut3_I1_O)        0.045     0.801 r  u_ampc_8/gen_mac_units[0].u_mac/mult_result__0_carry_i_7__5/O
                         net (fo=1, routed)           0.000     0.801    u_ampc_8/gen_mac_units[0].u_mac/mult_result__0_carry_i_7__5_n_0
    SLICE_X11Y91         CARRY4 (Prop_carry4_S[0]_O[0])
                                                      0.070     0.871 r  u_ampc_8/gen_mac_units[0].u_mac/mult_result__0_carry/O[0]
                         net (fo=1, routed)           0.000     0.871    u_ampc_8/p_0_in[0]
    SLICE_X11Y91         FDRE                                         r  u_ampc_8/acc_out_reg[0][0]/D
  -------------------------------------------------------------------    -------------------

                         (clock clk rise edge)        0.000     0.000 r  <hidden>
                                                      0.000     0.000 r  clk
                         net (fo=901, unset)          0.432     0.432    u_ampc_8/clk
    SLICE_X11Y91         FDRE                                         r  u_ampc_8/acc_out_reg[0][0]/C
                         clock pessimism              0.000     0.432    <hidden>
                         clock uncertainty            0.200     0.632    <hidden>
    SLICE_X11Y91         FDRE (Hold_fdre_C_D)         0.105     0.737    u_ampc_8/acc_out_reg[0][0]
  -------------------------------------------------------------------
                         required time                         -0.737    <hidden>
                         arrival time                           0.871    <hidden>
  -------------------------------------------------------------------
                         slack                                  0.135    <hidden>

Slack (MET) :             0.135ns  (arrival time - required time)
  Source:                 pipe_data_in_reg[8][0]/C
                            (rising edge-triggered cell FDRE clocked by clk  {rise@0.000ns fall@5.000ns period=10.000ns})
  Destination:            u_ampc_16/acc_out_reg[8][0]/D
                            (rising edge-triggered cell FDRE clocked by clk  {rise@0.000ns fall@5.000ns period=10.000ns})
  Path Group:             clk
  Path Type:              Hold (Min at Fast Process Corner)
  Requirement:            0.000ns  (clk rise@0.000ns - clk rise@0.000ns)
  Data Path Delay:        0.462ns  (logic 0.279ns (60.383%)  route 0.183ns (39.617%))
  Logic Levels:           2  (CARRY4=1 LUT4=1)
  Clock Path Skew:        0.022ns (DCD - SCD - CPR)
    Destination Clock Delay (DCD):    0.432ns
    Source Clock Delay      (SCD):    0.410ns
    Clock Pessimism Removal (CPR):    -0.000ns
  Clock Uncertainty:      0.200ns  ((TSJ^2 + TIJ^2)^1/2 + DJ) / 2 + PE + UU
    Total System Jitter     (TSJ):    0.000ns
    Total Input Jitter      (TIJ):    0.000ns
    Discrete Jitter          (DJ):    0.000ns
    Phase Error              (PE):    0.000ns
    User Uncertainty         (UU):    0.200ns

    Location             Delay type                Incr(ns)  Path(ns)    Netlist Resource(s)
  -------------------------------------------------------------------    -------------------
                         (clock clk rise edge)        0.000     0.000 r  <hidden>
                                                      0.000     0.000 r  clk
                         net (fo=901, unset)          0.410     0.410    clk
    SLICE_X24Y86         FDRE                                         r  pipe_data_in_reg[8][0]/C
  -------------------------------------------------------------------    -------------------
    SLICE_X24Y86         FDRE (Prop_fdre_C_Q)         0.164     0.574 r  pipe_data_in_reg[8][0]/Q
                         net (fo=13, routed)          0.183     0.757    u_ampc_16/gen_mac_units[8].u_mac/mult_result__0_carry__0_0[0]
    SLICE_X25Y84         LUT4 (Prop_lut4_I0_O)        0.045     0.802 r  u_ampc_16/gen_mac_units[8].u_mac/mult_result__0_carry_i_7__21/O
                         net (fo=1, routed)           0.000     0.802    u_ampc_16/gen_mac_units[8].u_mac/mult_result__0_carry_i_7__21_n_0
    SLICE_X25Y84         CARRY4 (Prop_carry4_S[0]_O[0])
                                                      0.070     0.872 r  u_ampc_16/gen_mac_units[8].u_mac/mult_result__0_carry/O[0]
                         net (fo=1, routed)           0.000     0.872    u_ampc_16/gen_mac_units[8].u_mac_n_15
    SLICE_X25Y84         FDRE                                         r  u_ampc_16/acc_out_reg[8][0]/D
  -------------------------------------------------------------------    -------------------

                         (clock clk rise edge)        0.000     0.000 r  <hidden>
                                                      0.000     0.000 r  clk
                         net (fo=901, unset)          0.432     0.432    u_ampc_16/clk
    SLICE_X25Y84         FDRE                                         r  u_ampc_16/acc_out_reg[8][0]/C
                         clock pessimism              0.000     0.432    <hidden>
                         clock uncertainty            0.200     0.632    <hidden>
    SLICE_X25Y84         FDRE (Hold_fdre_C_D)         0.105     0.737    u_ampc_16/acc_out_reg[8][0]
  -------------------------------------------------------------------
                         required time                         -0.737    <hidden>
                         arrival time                           0.872    <hidden>
  -------------------------------------------------------------------
                         slack                                  0.135    <hidden>





Pulse Width Checks
--------------------------------------------------------------------------------------
Clock Name:         clk
Waveform(ns):       { 0.000 5.000 }
Period(ns):         10.000
Sources:            { clk }

Check Type        Corner  Lib Pin      Reference Pin  Required(ns)  Actual(ns)  Slack(ns)  Location      Pin
Min Period        n/a     FDRE/C       n/a            1.000         10.000      9.000      SLICE_X4Y98   done_reg/C
Min Period        n/a     FDRE/C       n/a            1.000         10.000      9.000      SLICE_X4Y98   is_active_q_reg/C
Min Period        n/a     FDRE/C       n/a            1.000         10.000      9.000      SLICE_X4Y98   last_chunk_reached_reg/C
Min Period        n/a     FDRE/C       n/a            1.000         10.000      9.000      SLICE_X16Y89  mask_q_reg[0]/C
Min Period        n/a     FDRE/C       n/a            1.000         10.000      9.000      SLICE_X28Y87  mask_q_reg[10]/C
Min Period        n/a     FDRE/C       n/a            1.000         10.000      9.000      SLICE_X26Y84  mask_q_reg[11]/C
Min Period        n/a     FDRE/C       n/a            1.000         10.000      9.000      SLICE_X18Y91  mask_q_reg[12]/C
Min Period        n/a     FDRE/C       n/a            1.000         10.000      9.000      SLICE_X18Y91  mask_q_reg[13]/C
Min Period        n/a     FDRE/C       n/a            1.000         10.000      9.000      SLICE_X11Y87  mask_q_reg[14]/C
Min Period        n/a     FDRE/C       n/a            1.000         10.000      9.000      SLICE_X11Y87  mask_q_reg[15]/C
Min Period        n/a     FDRE/C       n/a            1.000         10.000      9.000      SLICE_X11Y80  mask_q_reg[1]/C
Min Period        n/a     FDRE/C       n/a            1.000         10.000      9.000      SLICE_X14Y84  mask_q_reg[2]/C
Min Period        n/a     FDRE/C       n/a            1.000         10.000      9.000      SLICE_X17Y80  mask_q_reg[3]/C
Min Period        n/a     FDRE/C       n/a            1.000         10.000      9.000      SLICE_X24Y82  mask_q_reg[4]/C
Min Period        n/a     FDRE/C       n/a            1.000         10.000      9.000      SLICE_X23Y84  mask_q_reg[5]/C
Min Period        n/a     FDRE/C       n/a            1.000         10.000      9.000      SLICE_X28Y87  mask_q_reg[6]/C
Min Period        n/a     FDRE/C       n/a            1.000         10.000      9.000      SLICE_X26Y84  mask_q_reg[7]/C
Min Period        n/a     FDRE/C       n/a            1.000         10.000      9.000      SLICE_X24Y82  mask_q_reg[8]/C
Min Period        n/a     FDRE/C       n/a            1.000         10.000      9.000      SLICE_X23Y84  mask_q_reg[9]/C
Min Period        n/a     FDRE/C       n/a            1.000         10.000      9.000      SLICE_X7Y86   pipe_ampc16_en_reg/C
Low Pulse Width   Slow    RAMD64E/CLK  n/a            1.250         5.000       3.750      SLICE_X8Y66   u_input_buffer/mem_reg_0_63_0_2/RAMA/CLK
Low Pulse Width   Fast    RAMD64E/CLK  n/a            1.250         5.000       3.750      SLICE_X8Y66   u_input_buffer/mem_reg_0_63_0_2/RAMA/CLK
Low Pulse Width   Slow    RAMD64E/CLK  n/a            1.250         5.000       3.750      SLICE_X8Y66   u_input_buffer/mem_reg_0_63_0_2/RAMB/CLK
Low Pulse Width   Fast    RAMD64E/CLK  n/a            1.250         5.000       3.750      SLICE_X8Y66   u_input_buffer/mem_reg_0_63_0_2/RAMB/CLK
Low Pulse Width   Slow    RAMD64E/CLK  n/a            1.250         5.000       3.750      SLICE_X8Y66   u_input_buffer/mem_reg_0_63_0_2/RAMC/CLK
Low Pulse Width   Fast    RAMD64E/CLK  n/a            1.250         5.000       3.750      SLICE_X8Y66   u_input_buffer/mem_reg_0_63_0_2/RAMC/CLK
Low Pulse Width   Slow    RAMD64E/CLK  n/a            1.250         5.000       3.750      SLICE_X8Y66   u_input_buffer/mem_reg_0_63_0_2/RAMD/CLK
Low Pulse Width   Fast    RAMD64E/CLK  n/a            1.250         5.000       3.750      SLICE_X8Y66   u_input_buffer/mem_reg_0_63_0_2/RAMD/CLK
Low Pulse Width   Slow    RAMD64E/CLK  n/a            1.250         5.000       3.750      SLICE_X8Y67   u_input_buffer/mem_reg_0_63_3_5/RAMA/CLK
Low Pulse Width   Fast    RAMD64E/CLK  n/a            1.250         5.000       3.750      SLICE_X8Y67   u_input_buffer/mem_reg_0_63_3_5/RAMA/CLK
Low Pulse Width   Slow    RAMD64E/CLK  n/a            1.250         5.000       3.750      SLICE_X8Y67   u_input_buffer/mem_reg_0_63_3_5/RAMB/CLK
Low Pulse Width   Fast    RAMD64E/CLK  n/a            1.250         5.000       3.750      SLICE_X8Y67   u_input_buffer/mem_reg_0_63_3_5/RAMB/CLK
Low Pulse Width   Slow    RAMD64E/CLK  n/a            1.250         5.000       3.750      SLICE_X8Y67   u_input_buffer/mem_reg_0_63_3_5/RAMC/CLK
Low Pulse Width   Fast    RAMD64E/CLK  n/a            1.250         5.000       3.750      SLICE_X8Y67   u_input_buffer/mem_reg_0_63_3_5/RAMC/CLK
Low Pulse Width   Slow    RAMD64E/CLK  n/a            1.250         5.000       3.750      SLICE_X8Y67   u_input_buffer/mem_reg_0_63_3_5/RAMD/CLK
Low Pulse Width   Fast    RAMD64E/CLK  n/a            1.250         5.000       3.750      SLICE_X8Y67   u_input_buffer/mem_reg_0_63_3_5/RAMD/CLK
Low Pulse Width   Slow    RAMD64E/CLK  n/a            1.250         5.000       3.750      SLICE_X10Y66  u_input_buffer/mem_reg_0_63_6_7/RAMA/CLK
Low Pulse Width   Fast    RAMD64E/CLK  n/a            1.250         5.000       3.750      SLICE_X10Y66  u_input_buffer/mem_reg_0_63_6_7/RAMA/CLK
Low Pulse Width   Slow    RAMD64E/CLK  n/a            1.250         5.000       3.750      SLICE_X10Y66  u_input_buffer/mem_reg_0_63_6_7/RAMB/CLK
Low Pulse Width   Fast    RAMD64E/CLK  n/a            1.250         5.000       3.750      SLICE_X10Y66  u_input_buffer/mem_reg_0_63_6_7/RAMB/CLK
High Pulse Width  Slow    RAMD64E/CLK  n/a            1.250         5.000       3.750      SLICE_X8Y66   u_input_buffer/mem_reg_0_63_0_2/RAMA/CLK
High Pulse Width  Fast    RAMD64E/CLK  n/a            1.250         5.000       3.750      SLICE_X8Y66   u_input_buffer/mem_reg_0_63_0_2/RAMA/CLK
High Pulse Width  Slow    RAMD64E/CLK  n/a            1.250         5.000       3.750      SLICE_X8Y66   u_input_buffer/mem_reg_0_63_0_2/RAMB/CLK
High Pulse Width  Fast    RAMD64E/CLK  n/a            1.250         5.000       3.750      SLICE_X8Y66   u_input_buffer/mem_reg_0_63_0_2/RAMB/CLK
High Pulse Width  Slow    RAMD64E/CLK  n/a            1.250         5.000       3.750      SLICE_X8Y66   u_input_buffer/mem_reg_0_63_0_2/RAMC/CLK
High Pulse Width  Fast    RAMD64E/CLK  n/a            1.250         5.000       3.750      SLICE_X8Y66   u_input_buffer/mem_reg_0_63_0_2/RAMC/CLK
High Pulse Width  Slow    RAMD64E/CLK  n/a            1.250         5.000       3.750      SLICE_X8Y66   u_input_buffer/mem_reg_0_63_0_2/RAMD/CLK
High Pulse Width  Fast    RAMD64E/CLK  n/a            1.250         5.000       3.750      SLICE_X8Y66   u_input_buffer/mem_reg_0_63_0_2/RAMD/CLK
High Pulse Width  Slow    RAMD64E/CLK  n/a            1.250         5.000       3.750      SLICE_X8Y67   u_input_buffer/mem_reg_0_63_3_5/RAMA/CLK
High Pulse Width  Fast    RAMD64E/CLK  n/a            1.250         5.000       3.750      SLICE_X8Y67   u_input_buffer/mem_reg_0_63_3_5/RAMA/CLK
High Pulse Width  Slow    RAMD64E/CLK  n/a            1.250         5.000       3.750      SLICE_X8Y67   u_input_buffer/mem_reg_0_63_3_5/RAMB/CLK
High Pulse Width  Fast    RAMD64E/CLK  n/a            1.250         5.000       3.750      SLICE_X8Y67   u_input_buffer/mem_reg_0_63_3_5/RAMB/CLK
High Pulse Width  Slow    RAMD64E/CLK  n/a            1.250         5.000       3.750      SLICE_X8Y67   u_input_buffer/mem_reg_0_63_3_5/RAMC/CLK
High Pulse Width  Fast    RAMD64E/CLK  n/a            1.250         5.000       3.750      SLICE_X8Y67   u_input_buffer/mem_reg_0_63_3_5/RAMC/CLK
High Pulse Width  Slow    RAMD64E/CLK  n/a            1.250         5.000       3.750      SLICE_X8Y67   u_input_buffer/mem_reg_0_63_3_5/RAMD/CLK
High Pulse Width  Fast    RAMD64E/CLK  n/a            1.250         5.000       3.750      SLICE_X8Y67   u_input_buffer/mem_reg_0_63_3_5/RAMD/CLK
High Pulse Width  Slow    RAMD64E/CLK  n/a            1.250         5.000       3.750      SLICE_X10Y66  u_input_buffer/mem_reg_0_63_6_7/RAMA/CLK
High Pulse Width  Fast    RAMD64E/CLK  n/a            1.250         5.000       3.750      SLICE_X10Y66  u_input_buffer/mem_reg_0_63_6_7/RAMA/CLK
High Pulse Width  Slow    RAMD64E/CLK  n/a            1.250         5.000       3.750      SLICE_X10Y66  u_input_buffer/mem_reg_0_63_6_7/RAMB/CLK
High Pulse Width  Fast    RAMD64E/CLK  n/a            1.250         5.000       3.750      SLICE_X10Y66  u_input_buffer/mem_reg_0_63_6_7/RAMB/CLK



--------------------------------------------------------------------------------------
Path Group:  (none)
From Clock:  
  To Clock:  

Max Delay             2 Endpoints
Min Delay             2 Endpoints
--------------------------------------------------------------------------------------


Max Delay Paths
--------------------------------------------------------------------------------------
Slack:                    inf
  Source:                 start
                            (input port)
  Destination:            busy
                            (output port)
  Path Group:             (none)
  Path Type:              Max at Slow Process Corner
  Data Path Delay:        2.070ns  (logic 0.124ns (5.990%)  route 1.946ns (94.010%))
  Logic Levels:           1  (LUT3=1)

    Location             Delay type                Incr(ns)  Path(ns)    Netlist Resource(s)
  -------------------------------------------------------------------    -------------------
                                                      0.000     0.000 r  start
                         net (fo=29, unset)           0.973     0.973    start
    SLICE_X3Y98          LUT3 (Prop_lut3_I2_O)        0.124     1.097 r  busy_INST_0/O
                         net (fo=0)                   0.973     2.070    busy
                                                                      r  busy
  -------------------------------------------------------------------    -------------------

Slack:                    inf
  Source:                 start
                            (input port)
  Destination:            ready
                            (output port)
  Path Group:             (none)
  Path Type:              Max at Slow Process Corner
  Data Path Delay:        2.066ns  (logic 0.120ns (5.808%)  route 1.946ns (94.192%))
  Logic Levels:           1  (LUT3=1)

    Location             Delay type                Incr(ns)  Path(ns)    Netlist Resource(s)
  -------------------------------------------------------------------    -------------------
                                                      0.000     0.000 f  start
                         net (fo=29, unset)           0.973     0.973    start
    SLICE_X3Y98          LUT3 (Prop_lut3_I0_O)        0.120     1.093 r  ready_INST_0/O
                         net (fo=0)                   0.973     2.066    ready
                                                                      r  ready
  -------------------------------------------------------------------    -------------------





Min Delay Paths
--------------------------------------------------------------------------------------
Slack:                    inf
  Source:                 start
                            (input port)
  Destination:            busy
                            (output port)
  Path Group:             (none)
  Path Type:              Min at Fast Process Corner
  Data Path Delay:        0.865ns  (logic 0.045ns (5.201%)  route 0.820ns (94.799%))
  Logic Levels:           1  (LUT3=1)

    Location             Delay type                Incr(ns)  Path(ns)    Netlist Resource(s)
  -------------------------------------------------------------------    -------------------
                                                      0.000     0.000 r  start
                         net (fo=29, unset)           0.410     0.410    start
    SLICE_X3Y98          LUT3 (Prop_lut3_I2_O)        0.045     0.455 r  busy_INST_0/O
                         net (fo=0)                   0.410     0.865    busy
                                                                      r  busy
  -------------------------------------------------------------------    -------------------

Slack:                    inf
  Source:                 start
                            (input port)
  Destination:            ready
                            (output port)
  Path Group:             (none)
  Path Type:              Min at Fast Process Corner
  Data Path Delay:        0.871ns  (logic 0.051ns (5.853%)  route 0.820ns (94.147%))
  Logic Levels:           1  (LUT3=1)

    Location             Delay type                Incr(ns)  Path(ns)    Netlist Resource(s)
  -------------------------------------------------------------------    -------------------
                                                      0.000     0.000 f  start
                         net (fo=29, unset)           0.410     0.410    start
    SLICE_X3Y98          LUT3 (Prop_lut3_I0_O)        0.051     0.461 r  ready_INST_0/O
                         net (fo=0)                   0.410     0.871    ready
                                                                      r  ready
  -------------------------------------------------------------------    -------------------





--------------------------------------------------------------------------------------
Path Group:  (none)
From Clock:  clk
  To Clock:  

Max Delay           106 Endpoints
Min Delay           106 Endpoints
--------------------------------------------------------------------------------------


Max Delay Paths
--------------------------------------------------------------------------------------
Slack:                    inf
  Source:                 u_accumulator/accumulated_out_reg[31]/C
                            (rising edge-triggered cell FDRE clocked by clk  {rise@0.000ns fall@5.000ns period=10.000ns})
  Destination:            output_data[2]
                            (output port)
  Path Group:             (none)
  Path Type:              Max at Slow Process Corner
  Data Path Delay:        3.649ns  (logic 0.608ns (16.660%)  route 3.041ns (83.340%))
  Logic Levels:           1  (LUT2=1)
  Clock Uncertainty:      0.225ns  ((TSJ^2 + TIJ^2)^1/2 + DJ) / 2 + PE + UU
    Total System Jitter     (TSJ):    0.050ns
    Total Input Jitter      (TIJ):    0.000ns
    Discrete Jitter          (DJ):    0.000ns
    Phase Error              (PE):    0.000ns
    User Uncertainty         (UU):    0.200ns

    Location             Delay type                Incr(ns)  Path(ns)    Netlist Resource(s)
  -------------------------------------------------------------------    -------------------
                         (clock clk rise edge)        0.000     0.000 r  <hidden>
                                                      0.000     0.000 r  clk
                         net (fo=901, unset)          0.973     0.973    u_accumulator/clk
    SLICE_X19Y93         FDRE                                         r  u_accumulator/accumulated_out_reg[31]/C
  -------------------------------------------------------------------    -------------------
    SLICE_X19Y93         FDRE (Prop_fdre_C_Q)         0.456     1.429 f  u_accumulator/accumulated_out_reg[31]/Q
                         net (fo=32, routed)          2.068     3.497    u_relu/accumulated_out[31]
    SLICE_X18Y85         LUT2 (Prop_lut2_I1_O)        0.152     3.649 r  u_relu/output_data[2]_INST_0/O
                         net (fo=0)                   0.973     4.622    output_data[2]
                                                                      r  output_data[2]
  -------------------------------------------------------------------    -------------------

Slack:                    inf
  Source:                 u_accumulator/accumulated_out_reg[31]/C
                            (rising edge-triggered cell FDRE clocked by clk  {rise@0.000ns fall@5.000ns period=10.000ns})
  Destination:            output_data[0]
                            (output port)
  Path Group:             (none)
  Path Type:              Max at Slow Process Corner
  Data Path Delay:        3.624ns  (logic 0.580ns (16.004%)  route 3.044ns (83.996%))
  Logic Levels:           1  (LUT2=1)
  Clock Uncertainty:      0.225ns  ((TSJ^2 + TIJ^2)^1/2 + DJ) / 2 + PE + UU
    Total System Jitter     (TSJ):    0.050ns
    Total Input Jitter      (TIJ):    0.000ns
    Discrete Jitter          (DJ):    0.000ns
    Phase Error              (PE):    0.000ns
    User Uncertainty         (UU):    0.200ns

    Location             Delay type                Incr(ns)  Path(ns)    Netlist Resource(s)
  -------------------------------------------------------------------    -------------------
                         (clock clk rise edge)        0.000     0.000 r  <hidden>
                                                      0.000     0.000 r  clk
                         net (fo=901, unset)          0.973     0.973    u_accumulator/clk
    SLICE_X19Y93         FDRE                                         r  u_accumulator/accumulated_out_reg[31]/C
  -------------------------------------------------------------------    -------------------
    SLICE_X19Y93         FDRE (Prop_fdre_C_Q)         0.456     1.429 f  u_accumulator/accumulated_out_reg[31]/Q
                         net (fo=32, routed)          2.071     3.500    u_relu/accumulated_out[31]
    SLICE_X18Y85         LUT2 (Prop_lut2_I1_O)        0.124     3.624 r  u_relu/output_data[0]_INST_0/O
                         net (fo=0)                   0.973     4.597    output_data[0]
                                                                      r  output_data[0]
  -------------------------------------------------------------------    -------------------

Slack:                    inf
  Source:                 u_accumulator/accumulated_out_reg[31]/C
                            (rising edge-triggered cell FDRE clocked by clk  {rise@0.000ns fall@5.000ns period=10.000ns})
  Destination:            output_data[1]
                            (output port)
  Path Group:             (none)
  Path Type:              Max at Slow Process Corner
  Data Path Delay:        3.621ns  (logic 0.580ns (16.016%)  route 3.041ns (83.984%))
  Logic Levels:           1  (LUT2=1)
  Clock Uncertainty:      0.225ns  ((TSJ^2 + TIJ^2)^1/2 + DJ) / 2 + PE + UU
    Total System Jitter     (TSJ):    0.050ns
    Total Input Jitter      (TIJ):    0.000ns
    Discrete Jitter          (DJ):    0.000ns
    Phase Error              (PE):    0.000ns
    User Uncertainty         (UU):    0.200ns

    Location             Delay type                Incr(ns)  Path(ns)    Netlist Resource(s)
  -------------------------------------------------------------------    -------------------
                         (clock clk rise edge)        0.000     0.000 r  <hidden>
                                                      0.000     0.000 r  clk
                         net (fo=901, unset)          0.973     0.973    u_accumulator/clk
    SLICE_X19Y93         FDRE                                         r  u_accumulator/accumulated_out_reg[31]/C
  -------------------------------------------------------------------    -------------------
    SLICE_X19Y93         FDRE (Prop_fdre_C_Q)         0.456     1.429 f  u_accumulator/accumulated_out_reg[31]/Q
                         net (fo=32, routed)          2.068     3.497    u_relu/accumulated_out[31]
    SLICE_X18Y85         LUT2 (Prop_lut2_I1_O)        0.124     3.621 r  u_relu/output_data[1]_INST_0/O
                         net (fo=0)                   0.973     4.594    output_data[1]
                                                                      r  output_data[1]
  -------------------------------------------------------------------    -------------------

Slack:                    inf
  Source:                 u_accumulator/accumulated_out_reg[31]/C
                            (rising edge-triggered cell FDRE clocked by clk  {rise@0.000ns fall@5.000ns period=10.000ns})
  Destination:            output_data[4]
                            (output port)
  Path Group:             (none)
  Path Type:              Max at Slow Process Corner
  Data Path Delay:        3.519ns  (logic 0.608ns (17.276%)  route 2.911ns (82.724%))
  Logic Levels:           1  (LUT2=1)
  Clock Uncertainty:      0.225ns  ((TSJ^2 + TIJ^2)^1/2 + DJ) / 2 + PE + UU
    Total System Jitter     (TSJ):    0.050ns
    Total Input Jitter      (TIJ):    0.000ns
    Discrete Jitter          (DJ):    0.000ns
    Phase Error              (PE):    0.000ns
    User Uncertainty         (UU):    0.200ns

    Location             Delay type                Incr(ns)  Path(ns)    Netlist Resource(s)
  -------------------------------------------------------------------    -------------------
                         (clock clk rise edge)        0.000     0.000 r  <hidden>
                                                      0.000     0.000 r  clk
                         net (fo=901, unset)          0.973     0.973    u_accumulator/clk
    SLICE_X19Y93         FDRE                                         r  u_accumulator/accumulated_out_reg[31]/C
  -------------------------------------------------------------------    -------------------
    SLICE_X19Y93         FDRE (Prop_fdre_C_Q)         0.456     1.429 f  u_accumulator/accumulated_out_reg[31]/Q
                         net (fo=32, routed)          1.938     3.367    u_relu/accumulated_out[31]
    SLICE_X15Y86         LUT2 (Prop_lut2_I1_O)        0.152     3.519 r  u_relu/output_data[4]_INST_0/O
                         net (fo=0)                   0.973     4.492    output_data[4]
                                                                      r  output_data[4]
  -------------------------------------------------------------------    -------------------

Slack:                    inf
  Source:                 u_accumulator/accumulated_out_reg[31]/C
                            (rising edge-triggered cell FDRE clocked by clk  {rise@0.000ns fall@5.000ns period=10.000ns})
  Destination:            output_data[6]
                            (output port)
  Path Group:             (none)
  Path Type:              Max at Slow Process Corner
  Data Path Delay:        3.518ns  (logic 0.608ns (17.281%)  route 2.910ns (82.719%))
  Logic Levels:           1  (LUT2=1)
  Clock Uncertainty:      0.225ns  ((TSJ^2 + TIJ^2)^1/2 + DJ) / 2 + PE + UU
    Total System Jitter     (TSJ):    0.050ns
    Total Input Jitter      (TIJ):    0.000ns
    Discrete Jitter          (DJ):    0.000ns
    Phase Error              (PE):    0.000ns
    User Uncertainty         (UU):    0.200ns

    Location             Delay type                Incr(ns)  Path(ns)    Netlist Resource(s)
  -------------------------------------------------------------------    -------------------
                         (clock clk rise edge)        0.000     0.000 r  <hidden>
                                                      0.000     0.000 r  clk
                         net (fo=901, unset)          0.973     0.973    u_accumulator/clk
    SLICE_X19Y93         FDRE                                         r  u_accumulator/accumulated_out_reg[31]/C
  -------------------------------------------------------------------    -------------------
    SLICE_X19Y93         FDRE (Prop_fdre_C_Q)         0.456     1.429 f  u_accumulator/accumulated_out_reg[31]/Q
                         net (fo=32, routed)          1.937     3.366    u_relu/accumulated_out[31]
    SLICE_X15Y86         LUT2 (Prop_lut2_I1_O)        0.152     3.518 r  u_relu/output_data[6]_INST_0/O
                         net (fo=0)                   0.973     4.491    output_data[6]
                                                                      r  output_data[6]
  -------------------------------------------------------------------    -------------------

Slack:                    inf
  Source:                 u_accumulator/accumulated_out_reg[31]/C
                            (rising edge-triggered cell FDRE clocked by clk  {rise@0.000ns fall@5.000ns period=10.000ns})
  Destination:            output_data[14]
                            (output port)
  Path Group:             (none)
  Path Type:              Max at Slow Process Corner
  Data Path Delay:        3.499ns  (logic 0.608ns (17.375%)  route 2.891ns (82.625%))
  Logic Levels:           1  (LUT2=1)
  Clock Uncertainty:      0.225ns  ((TSJ^2 + TIJ^2)^1/2 + DJ) / 2 + PE + UU
    Total System Jitter     (TSJ):    0.050ns
    Total Input Jitter      (TIJ):    0.000ns
    Discrete Jitter          (DJ):    0.000ns
    Phase Error              (PE):    0.000ns
    User Uncertainty         (UU):    0.200ns

    Location             Delay type                Incr(ns)  Path(ns)    Netlist Resource(s)
  -------------------------------------------------------------------    -------------------
                         (clock clk rise edge)        0.000     0.000 r  <hidden>
                                                      0.000     0.000 r  clk
                         net (fo=901, unset)          0.973     0.973    u_accumulator/clk
    SLICE_X19Y93         FDRE                                         r  u_accumulator/accumulated_out_reg[31]/C
  -------------------------------------------------------------------    -------------------
    SLICE_X19Y93         FDRE (Prop_fdre_C_Q)         0.456     1.429 f  u_accumulator/accumulated_out_reg[31]/Q
                         net (fo=32, routed)          1.918     3.347    u_relu/accumulated_out[31]
    SLICE_X18Y86         LUT2 (Prop_lut2_I1_O)        0.152     3.499 r  u_relu/output_data[14]_INST_0/O
                         net (fo=0)                   0.973     4.472    output_data[14]
                                                                      r  output_data[14]
  -------------------------------------------------------------------    -------------------

Slack:                    inf
  Source:                 u_accumulator/accumulated_out_reg[31]/C
                            (rising edge-triggered cell FDRE clocked by clk  {rise@0.000ns fall@5.000ns period=10.000ns})
  Destination:            output_data[3]
                            (output port)
  Path Group:             (none)
  Path Type:              Max at Slow Process Corner
  Data Path Delay:        3.491ns  (logic 0.580ns (16.613%)  route 2.911ns (83.387%))
  Logic Levels:           1  (LUT2=1)
  Clock Uncertainty:      0.225ns  ((TSJ^2 + TIJ^2)^1/2 + DJ) / 2 + PE + UU
    Total System Jitter     (TSJ):    0.050ns
    Total Input Jitter      (TIJ):    0.000ns
    Discrete Jitter          (DJ):    0.000ns
    Phase Error              (PE):    0.000ns
    User Uncertainty         (UU):    0.200ns

    Location             Delay type                Incr(ns)  Path(ns)    Netlist Resource(s)
  -------------------------------------------------------------------    -------------------
                         (clock clk rise edge)        0.000     0.000 r  <hidden>
                                                      0.000     0.000 r  clk
                         net (fo=901, unset)          0.973     0.973    u_accumulator/clk
    SLICE_X19Y93         FDRE                                         r  u_accumulator/accumulated_out_reg[31]/C
  -------------------------------------------------------------------    -------------------
    SLICE_X19Y93         FDRE (Prop_fdre_C_Q)         0.456     1.429 f  u_accumulator/accumulated_out_reg[31]/Q
                         net (fo=32, routed)          1.938     3.367    u_relu/accumulated_out[31]
    SLICE_X15Y86         LUT2 (Prop_lut2_I1_O)        0.124     3.491 r  u_relu/output_data[3]_INST_0/O
                         net (fo=0)                   0.973     4.464    output_data[3]
                                                                      r  output_data[3]
  -------------------------------------------------------------------    -------------------

Slack:                    inf
  Source:                 u_accumulator/accumulated_out_reg[31]/C
                            (rising edge-triggered cell FDRE clocked by clk  {rise@0.000ns fall@5.000ns period=10.000ns})
  Destination:            output_data[5]
                            (output port)
  Path Group:             (none)
  Path Type:              Max at Slow Process Corner
  Data Path Delay:        3.490ns  (logic 0.580ns (16.618%)  route 2.910ns (83.382%))
  Logic Levels:           1  (LUT2=1)
  Clock Uncertainty:      0.225ns  ((TSJ^2 + TIJ^2)^1/2 + DJ) / 2 + PE + UU
    Total System Jitter     (TSJ):    0.050ns
    Total Input Jitter      (TIJ):    0.000ns
    Discrete Jitter          (DJ):    0.000ns
    Phase Error              (PE):    0.000ns
    User Uncertainty         (UU):    0.200ns

    Location             Delay type                Incr(ns)  Path(ns)    Netlist Resource(s)
  -------------------------------------------------------------------    -------------------
                         (clock clk rise edge)        0.000     0.000 r  <hidden>
                                                      0.000     0.000 r  clk
                         net (fo=901, unset)          0.973     0.973    u_accumulator/clk
    SLICE_X19Y93         FDRE                                         r  u_accumulator/accumulated_out_reg[31]/C
  -------------------------------------------------------------------    -------------------
    SLICE_X19Y93         FDRE (Prop_fdre_C_Q)         0.456     1.429 f  u_accumulator/accumulated_out_reg[31]/Q
                         net (fo=32, routed)          1.937     3.366    u_relu/accumulated_out[31]
    SLICE_X15Y86         LUT2 (Prop_lut2_I1_O)        0.124     3.490 r  u_relu/output_data[5]_INST_0/O
                         net (fo=0)                   0.973     4.463    output_data[5]
                                                                      r  output_data[5]
  -------------------------------------------------------------------    -------------------

Slack:                    inf
  Source:                 u_accumulator/accumulated_out_reg[31]/C
                            (rising edge-triggered cell FDRE clocked by clk  {rise@0.000ns fall@5.000ns period=10.000ns})
  Destination:            output_data[13]
                            (output port)
  Path Group:             (none)
  Path Type:              Max at Slow Process Corner
  Data Path Delay:        3.471ns  (logic 0.580ns (16.709%)  route 2.891ns (83.291%))
  Logic Levels:           1  (LUT2=1)
  Clock Uncertainty:      0.225ns  ((TSJ^2 + TIJ^2)^1/2 + DJ) / 2 + PE + UU
    Total System Jitter     (TSJ):    0.050ns
    Total Input Jitter      (TIJ):    0.000ns
    Discrete Jitter          (DJ):    0.000ns
    Phase Error              (PE):    0.000ns
    User Uncertainty         (UU):    0.200ns

    Location             Delay type                Incr(ns)  Path(ns)    Netlist Resource(s)
  -------------------------------------------------------------------    -------------------
                         (clock clk rise edge)        0.000     0.000 r  <hidden>
                                                      0.000     0.000 r  clk
                         net (fo=901, unset)          0.973     0.973    u_accumulator/clk
    SLICE_X19Y93         FDRE                                         r  u_accumulator/accumulated_out_reg[31]/C
  -------------------------------------------------------------------    -------------------
    SLICE_X19Y93         FDRE (Prop_fdre_C_Q)         0.456     1.429 f  u_accumulator/accumulated_out_reg[31]/Q
                         net (fo=32, routed)          1.918     3.347    u_relu/accumulated_out[31]
    SLICE_X18Y86         LUT2 (Prop_lut2_I1_O)        0.124     3.471 r  u_relu/output_data[13]_INST_0/O
                         net (fo=0)                   0.973     4.444    output_data[13]
                                                                      r  output_data[13]
  -------------------------------------------------------------------    -------------------

Slack:                    inf
  Source:                 u_accumulator/accumulated_out_reg[31]/C
                            (rising edge-triggered cell FDRE clocked by clk  {rise@0.000ns fall@5.000ns period=10.000ns})
  Destination:            output_data[9]
                            (output port)
  Path Group:             (none)
  Path Type:              Max at Slow Process Corner
  Data Path Delay:        3.351ns  (logic 0.602ns (17.964%)  route 2.749ns (82.036%))
  Logic Levels:           1  (LUT2=1)
  Clock Uncertainty:      0.225ns  ((TSJ^2 + TIJ^2)^1/2 + DJ) / 2 + PE + UU
    Total System Jitter     (TSJ):    0.050ns
    Total Input Jitter      (TIJ):    0.000ns
    Discrete Jitter          (DJ):    0.000ns
    Phase Error              (PE):    0.000ns
    User Uncertainty         (UU):    0.200ns

    Location             Delay type                Incr(ns)  Path(ns)    Netlist Resource(s)
  -------------------------------------------------------------------    -------------------
                         (clock clk rise edge)        0.000     0.000 r  <hidden>
                                                      0.000     0.000 r  clk
                         net (fo=901, unset)          0.973     0.973    u_accumulator/clk
    SLICE_X19Y93         FDRE                                         r  u_accumulator/accumulated_out_reg[31]/C
  -------------------------------------------------------------------    -------------------
    SLICE_X19Y93         FDRE (Prop_fdre_C_Q)         0.456     1.429 f  u_accumulator/accumulated_out_reg[31]/Q
                         net (fo=32, routed)          1.776     3.205    u_relu/accumulated_out[31]
    SLICE_X16Y87         LUT2 (Prop_lut2_I1_O)        0.146     3.351 r  u_relu/output_data[9]_INST_0/O
                         net (fo=0)                   0.973     4.324    output_data[9]
                                                                      r  output_data[9]
  -------------------------------------------------------------------    -------------------

Slack:                    inf
  Source:                 u_accumulator/accumulated_out_reg[31]/C
                            (rising edge-triggered cell FDRE clocked by clk  {rise@0.000ns fall@5.000ns period=10.000ns})
  Destination:            output_data[10]
                            (output port)
  Path Group:             (none)
  Path Type:              Max at Slow Process Corner
  Data Path Delay:        3.329ns  (logic 0.580ns (17.422%)  route 2.749ns (82.578%))
  Logic Levels:           1  (LUT2=1)
  Clock Uncertainty:      0.225ns  ((TSJ^2 + TIJ^2)^1/2 + DJ) / 2 + PE + UU
    Total System Jitter     (TSJ):    0.050ns
    Total Input Jitter      (TIJ):    0.000ns
    Discrete Jitter          (DJ):    0.000ns
    Phase Error              (PE):    0.000ns
    User Uncertainty         (UU):    0.200ns

    Location             Delay type                Incr(ns)  Path(ns)    Netlist Resource(s)
  -------------------------------------------------------------------    -------------------
                         (clock clk rise edge)        0.000     0.000 r  <hidden>
                                                      0.000     0.000 r  clk
                         net (fo=901, unset)          0.973     0.973    u_accumulator/clk
    SLICE_X19Y93         FDRE                                         r  u_accumulator/accumulated_out_reg[31]/C
  -------------------------------------------------------------------    -------------------
    SLICE_X19Y93         FDRE (Prop_fdre_C_Q)         0.456     1.429 f  u_accumulator/accumulated_out_reg[31]/Q
                         net (fo=32, routed)          1.776     3.205    u_relu/accumulated_out[31]
    SLICE_X16Y87         LUT2 (Prop_lut2_I1_O)        0.124     3.329 r  u_relu/output_data[10]_INST_0/O
                         net (fo=0)                   0.973     4.302    output_data[10]
                                                                      r  output_data[10]
  -------------------------------------------------------------------    -------------------

Slack:                    inf
  Source:                 u_accumulator/accumulated_out_reg[31]/C
                            (rising edge-triggered cell FDRE clocked by clk  {rise@0.000ns fall@5.000ns period=10.000ns})
  Destination:            output_data[8]
                            (output port)
  Path Group:             (none)
  Path Type:              Max at Slow Process Corner
  Data Path Delay:        3.143ns  (logic 0.606ns (19.281%)  route 2.537ns (80.719%))
  Logic Levels:           1  (LUT2=1)
  Clock Uncertainty:      0.225ns  ((TSJ^2 + TIJ^2)^1/2 + DJ) / 2 + PE + UU
    Total System Jitter     (TSJ):    0.050ns
    Total Input Jitter      (TIJ):    0.000ns
    Discrete Jitter          (DJ):    0.000ns
    Phase Error              (PE):    0.000ns
    User Uncertainty         (UU):    0.200ns

    Location             Delay type                Incr(ns)  Path(ns)    Netlist Resource(s)
  -------------------------------------------------------------------    -------------------
                         (clock clk rise edge)        0.000     0.000 r  <hidden>
                                                      0.000     0.000 r  clk
                         net (fo=901, unset)          0.973     0.973    u_accumulator/clk
    SLICE_X19Y93         FDRE                                         r  u_accumulator/accumulated_out_reg[31]/C
  -------------------------------------------------------------------    -------------------
    SLICE_X19Y93         FDRE (Prop_fdre_C_Q)         0.456     1.429 f  u_accumulator/accumulated_out_reg[31]/Q
                         net (fo=32, routed)          1.564     2.993    u_relu/accumulated_out[31]
    SLICE_X16Y87         LUT2 (Prop_lut2_I1_O)        0.150     3.143 r  u_relu/output_data[8]_INST_0/O
                         net (fo=0)                   0.973     4.116    output_data[8]
                                                                      r  output_data[8]
  -------------------------------------------------------------------    -------------------

Slack:                    inf
  Source:                 u_accumulator/accumulated_out_reg[31]/C
                            (rising edge-triggered cell FDRE clocked by clk  {rise@0.000ns fall@5.000ns period=10.000ns})
  Destination:            output_data[7]
                            (output port)
  Path Group:             (none)
  Path Type:              Max at Slow Process Corner
  Data Path Delay:        3.117ns  (logic 0.580ns (18.607%)  route 2.537ns (81.393%))
  Logic Levels:           1  (LUT2=1)
  Clock Uncertainty:      0.225ns  ((TSJ^2 + TIJ^2)^1/2 + DJ) / 2 + PE + UU
    Total System Jitter     (TSJ):    0.050ns
    Total Input Jitter      (TIJ):    0.000ns
    Discrete Jitter          (DJ):    0.000ns
    Phase Error              (PE):    0.000ns
    User Uncertainty         (UU):    0.200ns

    Location             Delay type                Incr(ns)  Path(ns)    Netlist Resource(s)
  -------------------------------------------------------------------    -------------------
                         (clock clk rise edge)        0.000     0.000 r  <hidden>
                                                      0.000     0.000 r  clk
                         net (fo=901, unset)          0.973     0.973    u_accumulator/clk
    SLICE_X19Y93         FDRE                                         r  u_accumulator/accumulated_out_reg[31]/C
  -------------------------------------------------------------------    -------------------
    SLICE_X19Y93         FDRE (Prop_fdre_C_Q)         0.456     1.429 f  u_accumulator/accumulated_out_reg[31]/Q
                         net (fo=32, routed)          1.564     2.993    u_relu/accumulated_out[31]
    SLICE_X16Y87         LUT2 (Prop_lut2_I1_O)        0.124     3.117 r  u_relu/output_data[7]_INST_0/O
                         net (fo=0)                   0.973     4.090    output_data[7]
                                                                      r  output_data[7]
  -------------------------------------------------------------------    -------------------

Slack:                    inf
  Source:                 u_accumulator/accumulated_out_reg[31]/C
                            (rising edge-triggered cell FDRE clocked by clk  {rise@0.000ns fall@5.000ns period=10.000ns})
  Destination:            output_data[16]
                            (output port)
  Path Group:             (none)
  Path Type:              Max at Slow Process Corner
  Data Path Delay:        3.096ns  (logic 0.606ns (19.575%)  route 2.490ns (80.425%))
  Logic Levels:           1  (LUT2=1)
  Clock Uncertainty:      0.225ns  ((TSJ^2 + TIJ^2)^1/2 + DJ) / 2 + PE + UU
    Total System Jitter     (TSJ):    0.050ns
    Total Input Jitter      (TIJ):    0.000ns
    Discrete Jitter          (DJ):    0.000ns
    Phase Error              (PE):    0.000ns
    User Uncertainty         (UU):    0.200ns

    Location             Delay type                Incr(ns)  Path(ns)    Netlist Resource(s)
  -------------------------------------------------------------------    -------------------
                         (clock clk rise edge)        0.000     0.000 r  <hidden>
                                                      0.000     0.000 r  clk
                         net (fo=901, unset)          0.973     0.973    u_accumulator/clk
    SLICE_X19Y93         FDRE                                         r  u_accumulator/accumulated_out_reg[31]/C
  -------------------------------------------------------------------    -------------------
    SLICE_X19Y93         FDRE (Prop_fdre_C_Q)         0.456     1.429 f  u_accumulator/accumulated_out_reg[31]/Q
                         net (fo=32, routed)          1.517     2.946    u_relu/accumulated_out[31]
    SLICE_X15Y88         LUT2 (Prop_lut2_I1_O)        0.150     3.096 r  u_relu/output_data[16]_INST_0/O
                         net (fo=0)                   0.973     4.069    output_data[16]
                                                                      r  output_data[16]
  -------------------------------------------------------------------    -------------------

Slack:                    inf
  Source:                 u_accumulator/accumulated_out_reg[31]/C
                            (rising edge-triggered cell FDRE clocked by clk  {rise@0.000ns fall@5.000ns period=10.000ns})
  Destination:            output_data[15]
                            (output port)
  Path Group:             (none)
  Path Type:              Max at Slow Process Corner
  Data Path Delay:        3.070ns  (logic 0.580ns (18.894%)  route 2.490ns (81.106%))
  Logic Levels:           1  (LUT2=1)
  Clock Uncertainty:      0.225ns  ((TSJ^2 + TIJ^2)^1/2 + DJ) / 2 + PE + UU
    Total System Jitter     (TSJ):    0.050ns
    Total Input Jitter      (TIJ):    0.000ns
    Discrete Jitter          (DJ):    0.000ns
    Phase Error              (PE):    0.000ns
    User Uncertainty         (UU):    0.200ns

    Location             Delay type                Incr(ns)  Path(ns)    Netlist Resource(s)
  -------------------------------------------------------------------    -------------------
                         (clock clk rise edge)        0.000     0.000 r  <hidden>
                                                      0.000     0.000 r  clk
                         net (fo=901, unset)          0.973     0.973    u_accumulator/clk
    SLICE_X19Y93         FDRE                                         r  u_accumulator/accumulated_out_reg[31]/C
  -------------------------------------------------------------------    -------------------
    SLICE_X19Y93         FDRE (Prop_fdre_C_Q)         0.456     1.429 f  u_accumulator/accumulated_out_reg[31]/Q
                         net (fo=32, routed)          1.517     2.946    u_relu/accumulated_out[31]
    SLICE_X15Y88         LUT2 (Prop_lut2_I1_O)        0.124     3.070 r  u_relu/output_data[15]_INST_0/O
                         net (fo=0)                   0.973     4.043    output_data[15]
                                                                      r  output_data[15]
  -------------------------------------------------------------------    -------------------

Slack:                    inf
  Source:                 u_accumulator/accumulated_out_reg[31]/C
                            (rising edge-triggered cell FDRE clocked by clk  {rise@0.000ns fall@5.000ns period=10.000ns})
  Destination:            output_data[22]
                            (output port)
  Path Group:             (none)
  Path Type:              Max at Slow Process Corner
  Data Path Delay:        3.027ns  (logic 0.606ns (20.021%)  route 2.421ns (79.979%))
  Logic Levels:           1  (LUT2=1)
  Clock Uncertainty:      0.225ns  ((TSJ^2 + TIJ^2)^1/2 + DJ) / 2 + PE + UU
    Total System Jitter     (TSJ):    0.050ns
    Total Input Jitter      (TIJ):    0.000ns
    Discrete Jitter          (DJ):    0.000ns
    Phase Error              (PE):    0.000ns
    User Uncertainty         (UU):    0.200ns

    Location             Delay type                Incr(ns)  Path(ns)    Netlist Resource(s)
  -------------------------------------------------------------------    -------------------
                         (clock clk rise edge)        0.000     0.000 r  <hidden>
                                                      0.000     0.000 r  clk
                         net (fo=901, unset)          0.973     0.973    u_accumulator/clk
    SLICE_X19Y93         FDRE                                         r  u_accumulator/accumulated_out_reg[31]/C
  -------------------------------------------------------------------    -------------------
    SLICE_X19Y93         FDRE (Prop_fdre_C_Q)         0.456     1.429 f  u_accumulator/accumulated_out_reg[31]/Q
                         net (fo=32, routed)          1.448     2.877    u_relu/accumulated_out[31]
    SLICE_X10Y90         LUT2 (Prop_lut2_I1_O)        0.150     3.027 r  u_relu/output_data[22]_INST_0/O
                         net (fo=0)                   0.973     4.000    output_data[22]
                                                                      r  output_data[22]
  -------------------------------------------------------------------    -------------------

Slack:                    inf
  Source:                 u_accumulator/accumulated_out_reg[31]/C
                            (rising edge-triggered cell FDRE clocked by clk  {rise@0.000ns fall@5.000ns period=10.000ns})
  Destination:            output_data[20]
                            (output port)
  Path Group:             (none)
  Path Type:              Max at Slow Process Corner
  Data Path Delay:        3.015ns  (logic 0.608ns (20.168%)  route 2.407ns (79.832%))
  Logic Levels:           1  (LUT2=1)
  Clock Uncertainty:      0.225ns  ((TSJ^2 + TIJ^2)^1/2 + DJ) / 2 + PE + UU
    Total System Jitter     (TSJ):    0.050ns
    Total Input Jitter      (TIJ):    0.000ns
    Discrete Jitter          (DJ):    0.000ns
    Phase Error              (PE):    0.000ns
    User Uncertainty         (UU):    0.200ns

    Location             Delay type                Incr(ns)  Path(ns)    Netlist Resource(s)
  -------------------------------------------------------------------    -------------------
                         (clock clk rise edge)        0.000     0.000 r  <hidden>
                                                      0.000     0.000 r  clk
                         net (fo=901, unset)          0.973     0.973    u_accumulator/clk
    SLICE_X19Y93         FDRE                                         r  u_accumulator/accumulated_out_reg[31]/C
  -------------------------------------------------------------------    -------------------
    SLICE_X19Y93         FDRE (Prop_fdre_C_Q)         0.456     1.429 f  u_accumulator/accumulated_out_reg[31]/Q
                         net (fo=32, routed)          1.434     2.863    u_relu/accumulated_out[31]
    SLICE_X16Y90         LUT2 (Prop_lut2_I1_O)        0.152     3.015 r  u_relu/output_data[20]_INST_0/O
                         net (fo=0)                   0.973     3.988    output_data[20]
                                                                      r  output_data[20]
  -------------------------------------------------------------------    -------------------

Slack:                    inf
  Source:                 u_accumulator/accumulated_out_reg[31]/C
                            (rising edge-triggered cell FDRE clocked by clk  {rise@0.000ns fall@5.000ns period=10.000ns})
  Destination:            output_data[21]
                            (output port)
  Path Group:             (none)
  Path Type:              Max at Slow Process Corner
  Data Path Delay:        3.001ns  (logic 0.580ns (19.328%)  route 2.421ns (80.672%))
  Logic Levels:           1  (LUT2=1)
  Clock Uncertainty:      0.225ns  ((TSJ^2 + TIJ^2)^1/2 + DJ) / 2 + PE + UU
    Total System Jitter     (TSJ):    0.050ns
    Total Input Jitter      (TIJ):    0.000ns
    Discrete Jitter          (DJ):    0.000ns
    Phase Error              (PE):    0.000ns
    User Uncertainty         (UU):    0.200ns

    Location             Delay type                Incr(ns)  Path(ns)    Netlist Resource(s)
  -------------------------------------------------------------------    -------------------
                         (clock clk rise edge)        0.000     0.000 r  <hidden>
                                                      0.000     0.000 r  clk
                         net (fo=901, unset)          0.973     0.973    u_accumulator/clk
    SLICE_X19Y93         FDRE                                         r  u_accumulator/accumulated_out_reg[31]/C
  -------------------------------------------------------------------    -------------------
    SLICE_X19Y93         FDRE (Prop_fdre_C_Q)         0.456     1.429 f  u_accumulator/accumulated_out_reg[31]/Q
                         net (fo=32, routed)          1.448     2.877    u_relu/accumulated_out[31]
    SLICE_X10Y90         LUT2 (Prop_lut2_I1_O)        0.124     3.001 r  u_relu/output_data[21]_INST_0/O
                         net (fo=0)                   0.973     3.974    output_data[21]
                                                                      r  output_data[21]
  -------------------------------------------------------------------    -------------------

Slack:                    inf
  Source:                 u_accumulator/accumulated_out_reg[31]/C
                            (rising edge-triggered cell FDRE clocked by clk  {rise@0.000ns fall@5.000ns period=10.000ns})
  Destination:            output_data[19]
                            (output port)
  Path Group:             (none)
  Path Type:              Max at Slow Process Corner
  Data Path Delay:        2.987ns  (logic 0.580ns (19.419%)  route 2.407ns (80.581%))
  Logic Levels:           1  (LUT2=1)
  Clock Uncertainty:      0.225ns  ((TSJ^2 + TIJ^2)^1/2 + DJ) / 2 + PE + UU
    Total System Jitter     (TSJ):    0.050ns
    Total Input Jitter      (TIJ):    0.000ns
    Discrete Jitter          (DJ):    0.000ns
    Phase Error              (PE):    0.000ns
    User Uncertainty         (UU):    0.200ns

    Location             Delay type                Incr(ns)  Path(ns)    Netlist Resource(s)
  -------------------------------------------------------------------    -------------------
                         (clock clk rise edge)        0.000     0.000 r  <hidden>
                                                      0.000     0.000 r  clk
                         net (fo=901, unset)          0.973     0.973    u_accumulator/clk
    SLICE_X19Y93         FDRE                                         r  u_accumulator/accumulated_out_reg[31]/C
  -------------------------------------------------------------------    -------------------
    SLICE_X19Y93         FDRE (Prop_fdre_C_Q)         0.456     1.429 f  u_accumulator/accumulated_out_reg[31]/Q
                         net (fo=32, routed)          1.434     2.863    u_relu/accumulated_out[31]
    SLICE_X16Y90         LUT2 (Prop_lut2_I1_O)        0.124     2.987 r  u_relu/output_data[19]_INST_0/O
                         net (fo=0)                   0.973     3.960    output_data[19]
                                                                      r  output_data[19]
  -------------------------------------------------------------------    -------------------

Slack:                    inf
  Source:                 u_accumulator/accumulated_out_reg[31]/C
                            (rising edge-triggered cell FDRE clocked by clk  {rise@0.000ns fall@5.000ns period=10.000ns})
  Destination:            output_data[12]
                            (output port)
  Path Group:             (none)
  Path Type:              Max at Slow Process Corner
  Data Path Delay:        2.967ns  (logic 0.606ns (20.423%)  route 2.361ns (79.577%))
  Logic Levels:           1  (LUT2=1)
  Clock Uncertainty:      0.225ns  ((TSJ^2 + TIJ^2)^1/2 + DJ) / 2 + PE + UU
    Total System Jitter     (TSJ):    0.050ns
    Total Input Jitter      (TIJ):    0.000ns
    Discrete Jitter          (DJ):    0.000ns
    Phase Error              (PE):    0.000ns
    User Uncertainty         (UU):    0.200ns

    Location             Delay type                Incr(ns)  Path(ns)    Netlist Resource(s)
  -------------------------------------------------------------------    -------------------
                         (clock clk rise edge)        0.000     0.000 r  <hidden>
                                                      0.000     0.000 r  clk
                         net (fo=901, unset)          0.973     0.973    u_accumulator/clk
    SLICE_X19Y93         FDRE                                         r  u_accumulator/accumulated_out_reg[31]/C
  -------------------------------------------------------------------    -------------------
    SLICE_X19Y93         FDRE (Prop_fdre_C_Q)         0.456     1.429 f  u_accumulator/accumulated_out_reg[31]/Q
                         net (fo=32, routed)          1.388     2.817    u_relu/accumulated_out[31]
    SLICE_X16Y88         LUT2 (Prop_lut2_I1_O)        0.150     2.967 r  u_relu/output_data[12]_INST_0/O
                         net (fo=0)                   0.973     3.940    output_data[12]
                                                                      r  output_data[12]
  -------------------------------------------------------------------    -------------------





Min Delay Paths
--------------------------------------------------------------------------------------
Slack:                    inf
  Source:                 u_analyzer/remainder_reg[11]/C
                            (rising edge-triggered cell FDRE clocked by clk  {rise@0.000ns fall@5.000ns period=10.000ns})
  Destination:            analyzer_remainder[11]
                            (output port)
  Path Group:             (none)
  Path Type:              Min at Fast Process Corner
  Data Path Delay:        0.538ns  (logic 0.128ns (23.786%)  route 0.410ns (76.214%))
  Logic Levels:           0  
  Clock Uncertainty:      0.225ns  ((TSJ^2 + TIJ^2)^1/2 + DJ) / 2 + PE + UU
    Total System Jitter     (TSJ):    0.050ns
    Total Input Jitter      (TIJ):    0.000ns
    Discrete Jitter          (DJ):    0.000ns
    Phase Error              (PE):    0.000ns
    User Uncertainty         (UU):    0.200ns

    Location             Delay type                Incr(ns)  Path(ns)    Netlist Resource(s)
  -------------------------------------------------------------------    -------------------
                         (clock clk rise edge)        0.000     0.000 r  <hidden>
                                                      0.000     0.000 r  clk
                         net (fo=901, unset)          0.410     0.410    u_analyzer/clk
    SLICE_X41Y96         FDRE                                         r  u_analyzer/remainder_reg[11]/C
  -------------------------------------------------------------------    -------------------
    SLICE_X41Y96         FDRE (Prop_fdre_C_Q)         0.128     0.538 r  u_analyzer/remainder_reg[11]/Q
                         net (fo=0)                   0.410     0.948    analyzer_remainder[11]
                                                                      r  analyzer_remainder[11]
  -------------------------------------------------------------------    -------------------

Slack:                    inf
  Source:                 u_analyzer/remainder_reg[13]/C
                            (rising edge-triggered cell FDRE clocked by clk  {rise@0.000ns fall@5.000ns period=10.000ns})
  Destination:            analyzer_remainder[13]
                            (output port)
  Path Group:             (none)
  Path Type:              Min at Fast Process Corner
  Data Path Delay:        0.538ns  (logic 0.128ns (23.786%)  route 0.410ns (76.214%))
  Logic Levels:           0  
  Clock Uncertainty:      0.225ns  ((TSJ^2 + TIJ^2)^1/2 + DJ) / 2 + PE + UU
    Total System Jitter     (TSJ):    0.050ns
    Total Input Jitter      (TIJ):    0.000ns
    Discrete Jitter          (DJ):    0.000ns
    Phase Error              (PE):    0.000ns
    User Uncertainty         (UU):    0.200ns

    Location             Delay type                Incr(ns)  Path(ns)    Netlist Resource(s)
  -------------------------------------------------------------------    -------------------
                         (clock clk rise edge)        0.000     0.000 r  <hidden>
                                                      0.000     0.000 r  clk
                         net (fo=901, unset)          0.410     0.410    u_analyzer/clk
    SLICE_X41Y97         FDRE                                         r  u_analyzer/remainder_reg[13]/C
  -------------------------------------------------------------------    -------------------
    SLICE_X41Y97         FDRE (Prop_fdre_C_Q)         0.128     0.538 r  u_analyzer/remainder_reg[13]/Q
                         net (fo=0)                   0.410     0.948    analyzer_remainder[13]
                                                                      r  analyzer_remainder[13]
  -------------------------------------------------------------------    -------------------

Slack:                    inf
  Source:                 u_analyzer/remainder_reg[15]/C
                            (rising edge-triggered cell FDRE clocked by clk  {rise@0.000ns fall@5.000ns period=10.000ns})
  Destination:            analyzer_remainder[15]
                            (output port)
  Path Group:             (none)
  Path Type:              Min at Fast Process Corner
  Data Path Delay:        0.538ns  (logic 0.128ns (23.786%)  route 0.410ns (76.214%))
  Logic Levels:           0  
  Clock Uncertainty:      0.225ns  ((TSJ^2 + TIJ^2)^1/2 + DJ) / 2 + PE + UU
    Total System Jitter     (TSJ):    0.050ns
    Total Input Jitter      (TIJ):    0.000ns
    Discrete Jitter          (DJ):    0.000ns
    Phase Error              (PE):    0.000ns
    User Uncertainty         (UU):    0.200ns

    Location             Delay type                Incr(ns)  Path(ns)    Netlist Resource(s)
  -------------------------------------------------------------------    -------------------
                         (clock clk rise edge)        0.000     0.000 r  <hidden>
                                                      0.000     0.000 r  clk
                         net (fo=901, unset)          0.410     0.410    u_analyzer/clk
    SLICE_X41Y97         FDRE                                         r  u_analyzer/remainder_reg[15]/C
  -------------------------------------------------------------------    -------------------
    SLICE_X41Y97         FDRE (Prop_fdre_C_Q)         0.128     0.538 r  u_analyzer/remainder_reg[15]/Q
                         net (fo=0)                   0.410     0.948    analyzer_remainder[15]
                                                                      r  analyzer_remainder[15]
  -------------------------------------------------------------------    -------------------

Slack:                    inf
  Source:                 u_analyzer/remainder_reg[5]/C
                            (rising edge-triggered cell FDRE clocked by clk  {rise@0.000ns fall@5.000ns period=10.000ns})
  Destination:            analyzer_remainder[5]
                            (output port)
  Path Group:             (none)
  Path Type:              Min at Fast Process Corner
  Data Path Delay:        0.538ns  (logic 0.128ns (23.786%)  route 0.410ns (76.214%))
  Logic Levels:           0  
  Clock Uncertainty:      0.225ns  ((TSJ^2 + TIJ^2)^1/2 + DJ) / 2 + PE + UU
    Total System Jitter     (TSJ):    0.050ns
    Total Input Jitter      (TIJ):    0.000ns
    Discrete Jitter          (DJ):    0.000ns
    Phase Error              (PE):    0.000ns
    User Uncertainty         (UU):    0.200ns

    Location             Delay type                Incr(ns)  Path(ns)    Netlist Resource(s)
  -------------------------------------------------------------------    -------------------
                         (clock clk rise edge)        0.000     0.000 r  <hidden>
                                                      0.000     0.000 r  clk
                         net (fo=901, unset)          0.410     0.410    u_analyzer/clk
    SLICE_X41Y95         FDRE                                         r  u_analyzer/remainder_reg[5]/C
  -------------------------------------------------------------------    -------------------
    SLICE_X41Y95         FDRE (Prop_fdre_C_Q)         0.128     0.538 r  u_analyzer/remainder_reg[5]/Q
                         net (fo=0)                   0.410     0.948    analyzer_remainder[5]
                                                                      r  analyzer_remainder[5]
  -------------------------------------------------------------------    -------------------

Slack:                    inf
  Source:                 u_analyzer/remainder_reg[7]/C
                            (rising edge-triggered cell FDRE clocked by clk  {rise@0.000ns fall@5.000ns period=10.000ns})
  Destination:            analyzer_remainder[7]
                            (output port)
  Path Group:             (none)
  Path Type:              Min at Fast Process Corner
  Data Path Delay:        0.538ns  (logic 0.128ns (23.786%)  route 0.410ns (76.214%))
  Logic Levels:           0  
  Clock Uncertainty:      0.225ns  ((TSJ^2 + TIJ^2)^1/2 + DJ) / 2 + PE + UU
    Total System Jitter     (TSJ):    0.050ns
    Total Input Jitter      (TIJ):    0.000ns
    Discrete Jitter          (DJ):    0.000ns
    Phase Error              (PE):    0.000ns
    User Uncertainty         (UU):    0.200ns

    Location             Delay type                Incr(ns)  Path(ns)    Netlist Resource(s)
  -------------------------------------------------------------------    -------------------
                         (clock clk rise edge)        0.000     0.000 r  <hidden>
                                                      0.000     0.000 r  clk
                         net (fo=901, unset)          0.410     0.410    u_analyzer/clk
    SLICE_X41Y95         FDRE                                         r  u_analyzer/remainder_reg[7]/C
  -------------------------------------------------------------------    -------------------
    SLICE_X41Y95         FDRE (Prop_fdre_C_Q)         0.128     0.538 r  u_analyzer/remainder_reg[7]/Q
                         net (fo=0)                   0.410     0.948    analyzer_remainder[7]
                                                                      r  analyzer_remainder[7]
  -------------------------------------------------------------------    -------------------

Slack:                    inf
  Source:                 u_analyzer/remainder_reg[9]/C
                            (rising edge-triggered cell FDRE clocked by clk  {rise@0.000ns fall@5.000ns period=10.000ns})
  Destination:            analyzer_remainder[9]
                            (output port)
  Path Group:             (none)
  Path Type:              Min at Fast Process Corner
  Data Path Delay:        0.538ns  (logic 0.128ns (23.786%)  route 0.410ns (76.214%))
  Logic Levels:           0  
  Clock Uncertainty:      0.225ns  ((TSJ^2 + TIJ^2)^1/2 + DJ) / 2 + PE + UU
    Total System Jitter     (TSJ):    0.050ns
    Total Input Jitter      (TIJ):    0.000ns
    Discrete Jitter          (DJ):    0.000ns
    Phase Error              (PE):    0.000ns
    User Uncertainty         (UU):    0.200ns

    Location             Delay type                Incr(ns)  Path(ns)    Netlist Resource(s)
  -------------------------------------------------------------------    -------------------
                         (clock clk rise edge)        0.000     0.000 r  <hidden>
                                                      0.000     0.000 r  clk
                         net (fo=901, unset)          0.410     0.410    u_analyzer/clk
    SLICE_X41Y96         FDRE                                         r  u_analyzer/remainder_reg[9]/C
  -------------------------------------------------------------------    -------------------
    SLICE_X41Y96         FDRE (Prop_fdre_C_Q)         0.128     0.538 r  u_analyzer/remainder_reg[9]/Q
                         net (fo=0)                   0.410     0.948    analyzer_remainder[9]
                                                                      r  analyzer_remainder[9]
  -------------------------------------------------------------------    -------------------

Slack:                    inf
  Source:                 u_accumulator/accumulated_out_reg[0]/C
                            (rising edge-triggered cell FDRE clocked by clk  {rise@0.000ns fall@5.000ns period=10.000ns})
  Destination:            accumulated_out[0]
                            (output port)
  Path Group:             (none)
  Path Type:              Min at Fast Process Corner
  Data Path Delay:        0.551ns  (logic 0.141ns (25.583%)  route 0.410ns (74.417%))
  Logic Levels:           0  
  Clock Uncertainty:      0.225ns  ((TSJ^2 + TIJ^2)^1/2 + DJ) / 2 + PE + UU
    Total System Jitter     (TSJ):    0.050ns
    Total Input Jitter      (TIJ):    0.000ns
    Discrete Jitter          (DJ):    0.000ns
    Phase Error              (PE):    0.000ns
    User Uncertainty         (UU):    0.200ns

    Location             Delay type                Incr(ns)  Path(ns)    Netlist Resource(s)
  -------------------------------------------------------------------    -------------------
                         (clock clk rise edge)        0.000     0.000 r  <hidden>
                                                      0.000     0.000 r  clk
                         net (fo=901, unset)          0.410     0.410    u_accumulator/clk
    SLICE_X19Y86         FDRE                                         r  u_accumulator/accumulated_out_reg[0]/C
  -------------------------------------------------------------------    -------------------
    SLICE_X19Y86         FDRE (Prop_fdre_C_Q)         0.141     0.551 r  u_accumulator/accumulated_out_reg[0]/Q
                         net (fo=3, unset)            0.410     0.961    accumulated_out[0]
                                                                      r  accumulated_out[0]
  -------------------------------------------------------------------    -------------------

Slack:                    inf
  Source:                 u_accumulator/accumulated_out_reg[10]/C
                            (rising edge-triggered cell FDRE clocked by clk  {rise@0.000ns fall@5.000ns period=10.000ns})
  Destination:            accumulated_out[10]
                            (output port)
  Path Group:             (none)
  Path Type:              Min at Fast Process Corner
  Data Path Delay:        0.551ns  (logic 0.141ns (25.583%)  route 0.410ns (74.417%))
  Logic Levels:           0  
  Clock Uncertainty:      0.225ns  ((TSJ^2 + TIJ^2)^1/2 + DJ) / 2 + PE + UU
    Total System Jitter     (TSJ):    0.050ns
    Total Input Jitter      (TIJ):    0.000ns
    Discrete Jitter          (DJ):    0.000ns
    Phase Error              (PE):    0.000ns
    User Uncertainty         (UU):    0.200ns

    Location             Delay type                Incr(ns)  Path(ns)    Netlist Resource(s)
  -------------------------------------------------------------------    -------------------
                         (clock clk rise edge)        0.000     0.000 r  <hidden>
                                                      0.000     0.000 r  clk
                         net (fo=901, unset)          0.410     0.410    u_accumulator/clk
    SLICE_X19Y88         FDRE                                         r  u_accumulator/accumulated_out_reg[10]/C
  -------------------------------------------------------------------    -------------------
    SLICE_X19Y88         FDRE (Prop_fdre_C_Q)         0.141     0.551 r  u_accumulator/accumulated_out_reg[10]/Q
                         net (fo=3, unset)            0.410     0.961    accumulated_out[10]
                                                                      r  accumulated_out[10]
  -------------------------------------------------------------------    -------------------

Slack:                    inf
  Source:                 u_accumulator/accumulated_out_reg[11]/C
                            (rising edge-triggered cell FDRE clocked by clk  {rise@0.000ns fall@5.000ns period=10.000ns})
  Destination:            accumulated_out[11]
                            (output port)
  Path Group:             (none)
  Path Type:              Min at Fast Process Corner
  Data Path Delay:        0.551ns  (logic 0.141ns (25.583%)  route 0.410ns (74.417%))
  Logic Levels:           0  
  Clock Uncertainty:      0.225ns  ((TSJ^2 + TIJ^2)^1/2 + DJ) / 2 + PE + UU
    Total System Jitter     (TSJ):    0.050ns
    Total Input Jitter      (TIJ):    0.000ns
    Discrete Jitter          (DJ):    0.000ns
    Phase Error              (PE):    0.000ns
    User Uncertainty         (UU):    0.200ns

    Location             Delay type                Incr(ns)  Path(ns)    Netlist Resource(s)
  -------------------------------------------------------------------    -------------------
                         (clock clk rise edge)        0.000     0.000 r  <hidden>
                                                      0.000     0.000 r  clk
                         net (fo=901, unset)          0.410     0.410    u_accumulator/clk
    SLICE_X19Y88         FDRE                                         r  u_accumulator/accumulated_out_reg[11]/C
  -------------------------------------------------------------------    -------------------
    SLICE_X19Y88         FDRE (Prop_fdre_C_Q)         0.141     0.551 r  u_accumulator/accumulated_out_reg[11]/Q
                         net (fo=3, unset)            0.410     0.961    accumulated_out[11]
                                                                      r  accumulated_out[11]
  -------------------------------------------------------------------    -------------------

Slack:                    inf
  Source:                 u_accumulator/accumulated_out_reg[12]/C
                            (rising edge-triggered cell FDRE clocked by clk  {rise@0.000ns fall@5.000ns period=10.000ns})
  Destination:            accumulated_out[12]
                            (output port)
  Path Group:             (none)
  Path Type:              Min at Fast Process Corner
  Data Path Delay:        0.551ns  (logic 0.141ns (25.583%)  route 0.410ns (74.417%))
  Logic Levels:           0  
  Clock Uncertainty:      0.225ns  ((TSJ^2 + TIJ^2)^1/2 + DJ) / 2 + PE + UU
    Total System Jitter     (TSJ):    0.050ns
    Total Input Jitter      (TIJ):    0.000ns
    Discrete Jitter          (DJ):    0.000ns
    Phase Error              (PE):    0.000ns
    User Uncertainty         (UU):    0.200ns

    Location             Delay type                Incr(ns)  Path(ns)    Netlist Resource(s)
  -------------------------------------------------------------------    -------------------
                         (clock clk rise edge)        0.000     0.000 r  <hidden>
                                                      0.000     0.000 r  clk
                         net (fo=901, unset)          0.410     0.410    u_accumulator/clk
    SLICE_X19Y89         FDRE                                         r  u_accumulator/accumulated_out_reg[12]/C
  -------------------------------------------------------------------    -------------------
    SLICE_X19Y89         FDRE (Prop_fdre_C_Q)         0.141     0.551 r  u_accumulator/accumulated_out_reg[12]/Q
                         net (fo=3, unset)            0.410     0.961    accumulated_out[12]
                                                                      r  accumulated_out[12]
  -------------------------------------------------------------------    -------------------

Slack:                    inf
  Source:                 u_accumulator/accumulated_out_reg[13]/C
                            (rising edge-triggered cell FDRE clocked by clk  {rise@0.000ns fall@5.000ns period=10.000ns})
  Destination:            accumulated_out[13]
                            (output port)
  Path Group:             (none)
  Path Type:              Min at Fast Process Corner
  Data Path Delay:        0.551ns  (logic 0.141ns (25.583%)  route 0.410ns (74.417%))
  Logic Levels:           0  
  Clock Uncertainty:      0.225ns  ((TSJ^2 + TIJ^2)^1/2 + DJ) / 2 + PE + UU
    Total System Jitter     (TSJ):    0.050ns
    Total Input Jitter      (TIJ):    0.000ns
    Discrete Jitter          (DJ):    0.000ns
    Phase Error              (PE):    0.000ns
    User Uncertainty         (UU):    0.200ns

    Location             Delay type                Incr(ns)  Path(ns)    Netlist Resource(s)
  -------------------------------------------------------------------    -------------------
                         (clock clk rise edge)        0.000     0.000 r  <hidden>
                                                      0.000     0.000 r  clk
                         net (fo=901, unset)          0.410     0.410    u_accumulator/clk
    SLICE_X19Y89         FDRE                                         r  u_accumulator/accumulated_out_reg[13]/C
  -------------------------------------------------------------------    -------------------
    SLICE_X19Y89         FDRE (Prop_fdre_C_Q)         0.141     0.551 r  u_accumulator/accumulated_out_reg[13]/Q
                         net (fo=3, unset)            0.410     0.961    accumulated_out[13]
                                                                      r  accumulated_out[13]
  -------------------------------------------------------------------    -------------------

Slack:                    inf
  Source:                 u_accumulator/accumulated_out_reg[14]/C
                            (rising edge-triggered cell FDRE clocked by clk  {rise@0.000ns fall@5.000ns period=10.000ns})
  Destination:            accumulated_out[14]
                            (output port)
  Path Group:             (none)
  Path Type:              Min at Fast Process Corner
  Data Path Delay:        0.551ns  (logic 0.141ns (25.583%)  route 0.410ns (74.417%))
  Logic Levels:           0  
  Clock Uncertainty:      0.225ns  ((TSJ^2 + TIJ^2)^1/2 + DJ) / 2 + PE + UU
    Total System Jitter     (TSJ):    0.050ns
    Total Input Jitter      (TIJ):    0.000ns
    Discrete Jitter          (DJ):    0.000ns
    Phase Error              (PE):    0.000ns
    User Uncertainty         (UU):    0.200ns

    Location             Delay type                Incr(ns)  Path(ns)    Netlist Resource(s)
  -------------------------------------------------------------------    -------------------
                         (clock clk rise edge)        0.000     0.000 r  <hidden>
                                                      0.000     0.000 r  clk
                         net (fo=901, unset)          0.410     0.410    u_accumulator/clk
    SLICE_X19Y89         FDRE                                         r  u_accumulator/accumulated_out_reg[14]/C
  -------------------------------------------------------------------    -------------------
    SLICE_X19Y89         FDRE (Prop_fdre_C_Q)         0.141     0.551 r  u_accumulator/accumulated_out_reg[14]/Q
                         net (fo=3, unset)            0.410     0.961    accumulated_out[14]
                                                                      r  accumulated_out[14]
  -------------------------------------------------------------------    -------------------

Slack:                    inf
  Source:                 u_accumulator/accumulated_out_reg[15]/C
                            (rising edge-triggered cell FDRE clocked by clk  {rise@0.000ns fall@5.000ns period=10.000ns})
  Destination:            accumulated_out[15]
                            (output port)
  Path Group:             (none)
  Path Type:              Min at Fast Process Corner
  Data Path Delay:        0.551ns  (logic 0.141ns (25.583%)  route 0.410ns (74.417%))
  Logic Levels:           0  
  Clock Uncertainty:      0.225ns  ((TSJ^2 + TIJ^2)^1/2 + DJ) / 2 + PE + UU
    Total System Jitter     (TSJ):    0.050ns
    Total Input Jitter      (TIJ):    0.000ns
    Discrete Jitter          (DJ):    0.000ns
    Phase Error              (PE):    0.000ns
    User Uncertainty         (UU):    0.200ns

    Location             Delay type                Incr(ns)  Path(ns)    Netlist Resource(s)
  -------------------------------------------------------------------    -------------------
                         (clock clk rise edge)        0.000     0.000 r  <hidden>
                                                      0.000     0.000 r  clk
                         net (fo=901, unset)          0.410     0.410    u_accumulator/clk
    SLICE_X19Y89         FDRE                                         r  u_accumulator/accumulated_out_reg[15]/C
  -------------------------------------------------------------------    -------------------
    SLICE_X19Y89         FDRE (Prop_fdre_C_Q)         0.141     0.551 r  u_accumulator/accumulated_out_reg[15]/Q
                         net (fo=3, unset)            0.410     0.961    accumulated_out[15]
                                                                      r  accumulated_out[15]
  -------------------------------------------------------------------    -------------------

Slack:                    inf
  Source:                 u_accumulator/accumulated_out_reg[16]/C
                            (rising edge-triggered cell FDRE clocked by clk  {rise@0.000ns fall@5.000ns period=10.000ns})
  Destination:            accumulated_out[16]
                            (output port)
  Path Group:             (none)
  Path Type:              Min at Fast Process Corner
  Data Path Delay:        0.551ns  (logic 0.141ns (25.583%)  route 0.410ns (74.417%))
  Logic Levels:           0  
  Clock Uncertainty:      0.225ns  ((TSJ^2 + TIJ^2)^1/2 + DJ) / 2 + PE + UU
    Total System Jitter     (TSJ):    0.050ns
    Total Input Jitter      (TIJ):    0.000ns
    Discrete Jitter          (DJ):    0.000ns
    Phase Error              (PE):    0.000ns
    User Uncertainty         (UU):    0.200ns

    Location             Delay type                Incr(ns)  Path(ns)    Netlist Resource(s)
  -------------------------------------------------------------------    -------------------
                         (clock clk rise edge)        0.000     0.000 r  <hidden>
                                                      0.000     0.000 r  clk
                         net (fo=901, unset)          0.410     0.410    u_accumulator/clk
    SLICE_X19Y90         FDRE                                         r  u_accumulator/accumulated_out_reg[16]/C
  -------------------------------------------------------------------    -------------------
    SLICE_X19Y90         FDRE (Prop_fdre_C_Q)         0.141     0.551 r  u_accumulator/accumulated_out_reg[16]/Q
                         net (fo=3, unset)            0.410     0.961    accumulated_out[16]
                                                                      r  accumulated_out[16]
  -------------------------------------------------------------------    -------------------

Slack:                    inf
  Source:                 u_accumulator/accumulated_out_reg[17]/C
                            (rising edge-triggered cell FDRE clocked by clk  {rise@0.000ns fall@5.000ns period=10.000ns})
  Destination:            accumulated_out[17]
                            (output port)
  Path Group:             (none)
  Path Type:              Min at Fast Process Corner
  Data Path Delay:        0.551ns  (logic 0.141ns (25.583%)  route 0.410ns (74.417%))
  Logic Levels:           0  
  Clock Uncertainty:      0.225ns  ((TSJ^2 + TIJ^2)^1/2 + DJ) / 2 + PE + UU
    Total System Jitter     (TSJ):    0.050ns
    Total Input Jitter      (TIJ):    0.000ns
    Discrete Jitter          (DJ):    0.000ns
    Phase Error              (PE):    0.000ns
    User Uncertainty         (UU):    0.200ns

    Location             Delay type                Incr(ns)  Path(ns)    Netlist Resource(s)
  -------------------------------------------------------------------    -------------------
                         (clock clk rise edge)        0.000     0.000 r  <hidden>
                                                      0.000     0.000 r  clk
                         net (fo=901, unset)          0.410     0.410    u_accumulator/clk
    SLICE_X19Y90         FDRE                                         r  u_accumulator/accumulated_out_reg[17]/C
  -------------------------------------------------------------------    -------------------
    SLICE_X19Y90         FDRE (Prop_fdre_C_Q)         0.141     0.551 r  u_accumulator/accumulated_out_reg[17]/Q
                         net (fo=3, unset)            0.410     0.961    accumulated_out[17]
                                                                      r  accumulated_out[17]
  -------------------------------------------------------------------    -------------------

Slack:                    inf
  Source:                 u_accumulator/accumulated_out_reg[18]/C
                            (rising edge-triggered cell FDRE clocked by clk  {rise@0.000ns fall@5.000ns period=10.000ns})
  Destination:            accumulated_out[18]
                            (output port)
  Path Group:             (none)
  Path Type:              Min at Fast Process Corner
  Data Path Delay:        0.551ns  (logic 0.141ns (25.583%)  route 0.410ns (74.417%))
  Logic Levels:           0  
  Clock Uncertainty:      0.225ns  ((TSJ^2 + TIJ^2)^1/2 + DJ) / 2 + PE + UU
    Total System Jitter     (TSJ):    0.050ns
    Total Input Jitter      (TIJ):    0.000ns
    Discrete Jitter          (DJ):    0.000ns
    Phase Error              (PE):    0.000ns
    User Uncertainty         (UU):    0.200ns

    Location             Delay type                Incr(ns)  Path(ns)    Netlist Resource(s)
  -------------------------------------------------------------------    -------------------
                         (clock clk rise edge)        0.000     0.000 r  <hidden>
                                                      0.000     0.000 r  clk
                         net (fo=901, unset)          0.410     0.410    u_accumulator/clk
    SLICE_X19Y90         FDRE                                         r  u_accumulator/accumulated_out_reg[18]/C
  -------------------------------------------------------------------    -------------------
    SLICE_X19Y90         FDRE (Prop_fdre_C_Q)         0.141     0.551 r  u_accumulator/accumulated_out_reg[18]/Q
                         net (fo=3, unset)            0.410     0.961    accumulated_out[18]
                                                                      r  accumulated_out[18]
  -------------------------------------------------------------------    -------------------

Slack:                    inf
  Source:                 u_accumulator/accumulated_out_reg[19]/C
                            (rising edge-triggered cell FDRE clocked by clk  {rise@0.000ns fall@5.000ns period=10.000ns})
  Destination:            accumulated_out[19]
                            (output port)
  Path Group:             (none)
  Path Type:              Min at Fast Process Corner
  Data Path Delay:        0.551ns  (logic 0.141ns (25.583%)  route 0.410ns (74.417%))
  Logic Levels:           0  
  Clock Uncertainty:      0.225ns  ((TSJ^2 + TIJ^2)^1/2 + DJ) / 2 + PE + UU
    Total System Jitter     (TSJ):    0.050ns
    Total Input Jitter      (TIJ):    0.000ns
    Discrete Jitter          (DJ):    0.000ns
    Phase Error              (PE):    0.000ns
    User Uncertainty         (UU):    0.200ns

    Location             Delay type                Incr(ns)  Path(ns)    Netlist Resource(s)
  -------------------------------------------------------------------    -------------------
                         (clock clk rise edge)        0.000     0.000 r  <hidden>
                                                      0.000     0.000 r  clk
                         net (fo=901, unset)          0.410     0.410    u_accumulator/clk
    SLICE_X19Y90         FDRE                                         r  u_accumulator/accumulated_out_reg[19]/C
  -------------------------------------------------------------------    -------------------
    SLICE_X19Y90         FDRE (Prop_fdre_C_Q)         0.141     0.551 r  u_accumulator/accumulated_out_reg[19]/Q
                         net (fo=3, unset)            0.410     0.961    accumulated_out[19]
                                                                      r  accumulated_out[19]
  -------------------------------------------------------------------    -------------------

Slack:                    inf
  Source:                 u_accumulator/accumulated_out_reg[1]/C
                            (rising edge-triggered cell FDRE clocked by clk  {rise@0.000ns fall@5.000ns period=10.000ns})
  Destination:            accumulated_out[1]
                            (output port)
  Path Group:             (none)
  Path Type:              Min at Fast Process Corner
  Data Path Delay:        0.551ns  (logic 0.141ns (25.583%)  route 0.410ns (74.417%))
  Logic Levels:           0  
  Clock Uncertainty:      0.225ns  ((TSJ^2 + TIJ^2)^1/2 + DJ) / 2 + PE + UU
    Total System Jitter     (TSJ):    0.050ns
    Total Input Jitter      (TIJ):    0.000ns
    Discrete Jitter          (DJ):    0.000ns
    Phase Error              (PE):    0.000ns
    User Uncertainty         (UU):    0.200ns

    Location             Delay type                Incr(ns)  Path(ns)    Netlist Resource(s)
  -------------------------------------------------------------------    -------------------
                         (clock clk rise edge)        0.000     0.000 r  <hidden>
                                                      0.000     0.000 r  clk
                         net (fo=901, unset)          0.410     0.410    u_accumulator/clk
    SLICE_X19Y86         FDRE                                         r  u_accumulator/accumulated_out_reg[1]/C
  -------------------------------------------------------------------    -------------------
    SLICE_X19Y86         FDRE (Prop_fdre_C_Q)         0.141     0.551 r  u_accumulator/accumulated_out_reg[1]/Q
                         net (fo=3, unset)            0.410     0.961    accumulated_out[1]
                                                                      r  accumulated_out[1]
  -------------------------------------------------------------------    -------------------

Slack:                    inf
  Source:                 u_accumulator/accumulated_out_reg[20]/C
                            (rising edge-triggered cell FDRE clocked by clk  {rise@0.000ns fall@5.000ns period=10.000ns})
  Destination:            accumulated_out[20]
                            (output port)
  Path Group:             (none)
  Path Type:              Min at Fast Process Corner
  Data Path Delay:        0.551ns  (logic 0.141ns (25.583%)  route 0.410ns (74.417%))
  Logic Levels:           0  
  Clock Uncertainty:      0.225ns  ((TSJ^2 + TIJ^2)^1/2 + DJ) / 2 + PE + UU
    Total System Jitter     (TSJ):    0.050ns
    Total Input Jitter      (TIJ):    0.000ns
    Discrete Jitter          (DJ):    0.000ns
    Phase Error              (PE):    0.000ns
    User Uncertainty         (UU):    0.200ns

    Location             Delay type                Incr(ns)  Path(ns)    Netlist Resource(s)
  -------------------------------------------------------------------    -------------------
                         (clock clk rise edge)        0.000     0.000 r  <hidden>
                                                      0.000     0.000 r  clk
                         net (fo=901, unset)          0.410     0.410    u_accumulator/clk
    SLICE_X19Y91         FDRE                                         r  u_accumulator/accumulated_out_reg[20]/C
  -------------------------------------------------------------------    -------------------
    SLICE_X19Y91         FDRE (Prop_fdre_C_Q)         0.141     0.551 r  u_accumulator/accumulated_out_reg[20]/Q
                         net (fo=3, unset)            0.410     0.961    accumulated_out[20]
                                                                      r  accumulated_out[20]
  -------------------------------------------------------------------    -------------------

Slack:                    inf
  Source:                 u_accumulator/accumulated_out_reg[21]/C
                            (rising edge-triggered cell FDRE clocked by clk  {rise@0.000ns fall@5.000ns period=10.000ns})
  Destination:            accumulated_out[21]
                            (output port)
  Path Group:             (none)
  Path Type:              Min at Fast Process Corner
  Data Path Delay:        0.551ns  (logic 0.141ns (25.583%)  route 0.410ns (74.417%))
  Logic Levels:           0  
  Clock Uncertainty:      0.225ns  ((TSJ^2 + TIJ^2)^1/2 + DJ) / 2 + PE + UU
    Total System Jitter     (TSJ):    0.050ns
    Total Input Jitter      (TIJ):    0.000ns
    Discrete Jitter          (DJ):    0.000ns
    Phase Error              (PE):    0.000ns
    User Uncertainty         (UU):    0.200ns

    Location             Delay type                Incr(ns)  Path(ns)    Netlist Resource(s)
  -------------------------------------------------------------------    -------------------
                         (clock clk rise edge)        0.000     0.000 r  <hidden>
                                                      0.000     0.000 r  clk
                         net (fo=901, unset)          0.410     0.410    u_accumulator/clk
    SLICE_X19Y91         FDRE                                         r  u_accumulator/accumulated_out_reg[21]/C
  -------------------------------------------------------------------    -------------------
    SLICE_X19Y91         FDRE (Prop_fdre_C_Q)         0.141     0.551 r  u_accumulator/accumulated_out_reg[21]/Q
                         net (fo=3, unset)            0.410     0.961    accumulated_out[21]
                                                                      r  accumulated_out[21]
  -------------------------------------------------------------------    -------------------





--------------------------------------------------------------------------------------
Path Group:  (none)
From Clock:  
  To Clock:  clk

Max Delay          1405 Endpoints
Min Delay          1405 Endpoints
--------------------------------------------------------------------------------------


Max Delay Paths
--------------------------------------------------------------------------------------
Slack:                    inf
  Source:                 rst_n
                            (input port)
  Destination:            pipe_data_in_reg[12][2]/R
                            (rising edge-triggered cell FDRE clocked by clk  {rise@0.000ns fall@5.000ns period=10.000ns})
  Path Group:             (none)
  Path Type:              Setup (Max at Slow Process Corner)
  Data Path Delay:        10.514ns  (logic 0.124ns (1.179%)  route 10.390ns (98.821%))
  Logic Levels:           1  (LUT1=1)
  Clock Path Skew:        0.924ns (DCD - SCD + CPR)
    Destination Clock Delay (DCD):    0.924ns
    Source Clock Delay      (SCD):    0.000ns
    Clock Pessimism Removal (CPR):    0.000ns
  Clock Uncertainty:      0.225ns  ((TSJ^2 + TIJ^2)^1/2 + DJ) / 2 + PE + UU
    Total System Jitter     (TSJ):    0.050ns
    Total Input Jitter      (TIJ):    0.000ns
    Discrete Jitter          (DJ):    0.000ns
    Phase Error              (PE):    0.000ns
    User Uncertainty         (UU):    0.200ns

    Location             Delay type                Incr(ns)  Path(ns)    Netlist Resource(s)
  -------------------------------------------------------------------    -------------------
                                                      0.000     0.000 f  rst_n
                         net (fo=11, unset)           0.973     0.973    u_ampc_16/rst_n
    SLICE_X8Y65          LUT1 (Prop_lut1_I0_O)        0.124     1.097 r  u_ampc_16/rd_data[7]_i_1/O
                         net (fo=821, routed)         9.417    10.514    p_0_in
    SLICE_X29Y97         FDRE                                         r  pipe_data_in_reg[12][2]/R
  -------------------------------------------------------------------    -------------------

                         (clock clk rise edge)        0.000     0.000 r  <hidden>
                                                      0.000     0.000 r  clk
                         net (fo=901, unset)          0.924     0.924    clk
    SLICE_X29Y97         FDRE                                         r  pipe_data_in_reg[12][2]/C

Slack:                    inf
  Source:                 rst_n
                            (input port)
  Destination:            pipe_data_in_reg[12][7]/R
                            (rising edge-triggered cell FDRE clocked by clk  {rise@0.000ns fall@5.000ns period=10.000ns})
  Path Group:             (none)
  Path Type:              Setup (Max at Slow Process Corner)
  Data Path Delay:        10.514ns  (logic 0.124ns (1.179%)  route 10.390ns (98.821%))
  Logic Levels:           1  (LUT1=1)
  Clock Path Skew:        0.924ns (DCD - SCD + CPR)
    Destination Clock Delay (DCD):    0.924ns
    Source Clock Delay      (SCD):    0.000ns
    Clock Pessimism Removal (CPR):    0.000ns
  Clock Uncertainty:      0.225ns  ((TSJ^2 + TIJ^2)^1/2 + DJ) / 2 + PE + UU
    Total System Jitter     (TSJ):    0.050ns
    Total Input Jitter      (TIJ):    0.000ns
    Discrete Jitter          (DJ):    0.000ns
    Phase Error              (PE):    0.000ns
    User Uncertainty         (UU):    0.200ns

    Location             Delay type                Incr(ns)  Path(ns)    Netlist Resource(s)
  -------------------------------------------------------------------    -------------------
                                                      0.000     0.000 f  rst_n
                         net (fo=11, unset)           0.973     0.973    u_ampc_16/rst_n
    SLICE_X8Y65          LUT1 (Prop_lut1_I0_O)        0.124     1.097 r  u_ampc_16/rd_data[7]_i_1/O
                         net (fo=821, routed)         9.417    10.514    p_0_in
    SLICE_X29Y97         FDRE                                         r  pipe_data_in_reg[12][7]/R
  -------------------------------------------------------------------    -------------------

                         (clock clk rise edge)        0.000     0.000 r  <hidden>
                                                      0.000     0.000 r  clk
                         net (fo=901, unset)          0.924     0.924    clk
    SLICE_X29Y97         FDRE                                         r  pipe_data_in_reg[12][7]/C

Slack:                    inf
  Source:                 rst_n
                            (input port)
  Destination:            pipe_data_in_reg[9][2]/R
                            (rising edge-triggered cell FDRE clocked by clk  {rise@0.000ns fall@5.000ns period=10.000ns})
  Path Group:             (none)
  Path Type:              Setup (Max at Slow Process Corner)
  Data Path Delay:        10.512ns  (logic 0.124ns (1.180%)  route 10.388ns (98.820%))
  Logic Levels:           1  (LUT1=1)
  Clock Path Skew:        0.924ns (DCD - SCD + CPR)
    Destination Clock Delay (DCD):    0.924ns
    Source Clock Delay      (SCD):    0.000ns
    Clock Pessimism Removal (CPR):    0.000ns
  Clock Uncertainty:      0.225ns  ((TSJ^2 + TIJ^2)^1/2 + DJ) / 2 + PE + UU
    Total System Jitter     (TSJ):    0.050ns
    Total Input Jitter      (TIJ):    0.000ns
    Discrete Jitter          (DJ):    0.000ns
    Phase Error              (PE):    0.000ns
    User Uncertainty         (UU):    0.200ns

    Location             Delay type                Incr(ns)  Path(ns)    Netlist Resource(s)
  -------------------------------------------------------------------    -------------------
                                                      0.000     0.000 f  rst_n
                         net (fo=11, unset)           0.973     0.973    u_ampc_16/rst_n
    SLICE_X8Y65          LUT1 (Prop_lut1_I0_O)        0.124     1.097 r  u_ampc_16/rd_data[7]_i_1/O
                         net (fo=821, routed)         9.415    10.512    p_0_in
    SLICE_X35Y97         FDRE                                         r  pipe_data_in_reg[9][2]/R
  -------------------------------------------------------------------    -------------------

                         (clock clk rise edge)        0.000     0.000 r  <hidden>
                                                      0.000     0.000 r  clk
                         net (fo=901, unset)          0.924     0.924    clk
    SLICE_X35Y97         FDRE                                         r  pipe_data_in_reg[9][2]/C

Slack:                    inf
  Source:                 rst_n
                            (input port)
  Destination:            pipe_data_in_reg[9][4]/R
                            (rising edge-triggered cell FDRE clocked by clk  {rise@0.000ns fall@5.000ns period=10.000ns})
  Path Group:             (none)
  Path Type:              Setup (Max at Slow Process Corner)
  Data Path Delay:        10.512ns  (logic 0.124ns (1.180%)  route 10.388ns (98.820%))
  Logic Levels:           1  (LUT1=1)
  Clock Path Skew:        0.924ns (DCD - SCD + CPR)
    Destination Clock Delay (DCD):    0.924ns
    Source Clock Delay      (SCD):    0.000ns
    Clock Pessimism Removal (CPR):    0.000ns
  Clock Uncertainty:      0.225ns  ((TSJ^2 + TIJ^2)^1/2 + DJ) / 2 + PE + UU
    Total System Jitter     (TSJ):    0.050ns
    Total Input Jitter      (TIJ):    0.000ns
    Discrete Jitter          (DJ):    0.000ns
    Phase Error              (PE):    0.000ns
    User Uncertainty         (UU):    0.200ns

    Location             Delay type                Incr(ns)  Path(ns)    Netlist Resource(s)
  -------------------------------------------------------------------    -------------------
                                                      0.000     0.000 f  rst_n
                         net (fo=11, unset)           0.973     0.973    u_ampc_16/rst_n
    SLICE_X8Y65          LUT1 (Prop_lut1_I0_O)        0.124     1.097 r  u_ampc_16/rd_data[7]_i_1/O
                         net (fo=821, routed)         9.415    10.512    p_0_in
    SLICE_X35Y97         FDRE                                         r  pipe_data_in_reg[9][4]/R
  -------------------------------------------------------------------    -------------------

                         (clock clk rise edge)        0.000     0.000 r  <hidden>
                                                      0.000     0.000 r  clk
                         net (fo=901, unset)          0.924     0.924    clk
    SLICE_X35Y97         FDRE                                         r  pipe_data_in_reg[9][4]/C

Slack:                    inf
  Source:                 rst_n
                            (input port)
  Destination:            pipe_weight_reg[9][6]/R
                            (rising edge-triggered cell FDRE clocked by clk  {rise@0.000ns fall@5.000ns period=10.000ns})
  Path Group:             (none)
  Path Type:              Setup (Max at Slow Process Corner)
  Data Path Delay:        10.512ns  (logic 0.124ns (1.180%)  route 10.388ns (98.820%))
  Logic Levels:           1  (LUT1=1)
  Clock Path Skew:        0.924ns (DCD - SCD + CPR)
    Destination Clock Delay (DCD):    0.924ns
    Source Clock Delay      (SCD):    0.000ns
    Clock Pessimism Removal (CPR):    0.000ns
  Clock Uncertainty:      0.225ns  ((TSJ^2 + TIJ^2)^1/2 + DJ) / 2 + PE + UU
    Total System Jitter     (TSJ):    0.050ns
    Total Input Jitter      (TIJ):    0.000ns
    Discrete Jitter          (DJ):    0.000ns
    Phase Error              (PE):    0.000ns
    User Uncertainty         (UU):    0.200ns

    Location             Delay type                Incr(ns)  Path(ns)    Netlist Resource(s)
  -------------------------------------------------------------------    -------------------
                                                      0.000     0.000 f  rst_n
                         net (fo=11, unset)           0.973     0.973    u_ampc_16/rst_n
    SLICE_X8Y65          LUT1 (Prop_lut1_I0_O)        0.124     1.097 r  u_ampc_16/rd_data[7]_i_1/O
                         net (fo=821, routed)         9.415    10.512    p_0_in
    SLICE_X34Y97         FDRE                                         r  pipe_weight_reg[9][6]/R
  -------------------------------------------------------------------    -------------------

                         (clock clk rise edge)        0.000     0.000 r  <hidden>
                                                      0.000     0.000 r  clk
                         net (fo=901, unset)          0.924     0.924    clk
    SLICE_X34Y97         FDRE                                         r  pipe_weight_reg[9][6]/C

Slack:                    inf
  Source:                 rst_n
                            (input port)
  Destination:            pipe_weight_reg[9][7]/R
                            (rising edge-triggered cell FDRE clocked by clk  {rise@0.000ns fall@5.000ns period=10.000ns})
  Path Group:             (none)
  Path Type:              Setup (Max at Slow Process Corner)
  Data Path Delay:        10.512ns  (logic 0.124ns (1.180%)  route 10.388ns (98.820%))
  Logic Levels:           1  (LUT1=1)
  Clock Path Skew:        0.924ns (DCD - SCD + CPR)
    Destination Clock Delay (DCD):    0.924ns
    Source Clock Delay      (SCD):    0.000ns
    Clock Pessimism Removal (CPR):    0.000ns
  Clock Uncertainty:      0.225ns  ((TSJ^2 + TIJ^2)^1/2 + DJ) / 2 + PE + UU
    Total System Jitter     (TSJ):    0.050ns
    Total Input Jitter      (TIJ):    0.000ns
    Discrete Jitter          (DJ):    0.000ns
    Phase Error              (PE):    0.000ns
    User Uncertainty         (UU):    0.200ns

    Location             Delay type                Incr(ns)  Path(ns)    Netlist Resource(s)
  -------------------------------------------------------------------    -------------------
                                                      0.000     0.000 f  rst_n
                         net (fo=11, unset)           0.973     0.973    u_ampc_16/rst_n
    SLICE_X8Y65          LUT1 (Prop_lut1_I0_O)        0.124     1.097 r  u_ampc_16/rd_data[7]_i_1/O
                         net (fo=821, routed)         9.415    10.512    p_0_in
    SLICE_X34Y97         FDRE                                         r  pipe_weight_reg[9][7]/R
  -------------------------------------------------------------------    -------------------

                         (clock clk rise edge)        0.000     0.000 r  <hidden>
                                                      0.000     0.000 r  clk
                         net (fo=901, unset)          0.924     0.924    clk
    SLICE_X34Y97         FDRE                                         r  pipe_weight_reg[9][7]/C

Slack:                    inf
  Source:                 rst_n
                            (input port)
  Destination:            pipe_data_in_reg[6][0]/R
                            (rising edge-triggered cell FDRE clocked by clk  {rise@0.000ns fall@5.000ns period=10.000ns})
  Path Group:             (none)
  Path Type:              Setup (Max at Slow Process Corner)
  Data Path Delay:        10.493ns  (logic 0.124ns (1.182%)  route 10.369ns (98.818%))
  Logic Levels:           1  (LUT1=1)
  Clock Path Skew:        0.924ns (DCD - SCD + CPR)
    Destination Clock Delay (DCD):    0.924ns
    Source Clock Delay      (SCD):    0.000ns
    Clock Pessimism Removal (CPR):    0.000ns
  Clock Uncertainty:      0.225ns  ((TSJ^2 + TIJ^2)^1/2 + DJ) / 2 + PE + UU
    Total System Jitter     (TSJ):    0.050ns
    Total Input Jitter      (TIJ):    0.000ns
    Discrete Jitter          (DJ):    0.000ns
    Phase Error              (PE):    0.000ns
    User Uncertainty         (UU):    0.200ns

    Location             Delay type                Incr(ns)  Path(ns)    Netlist Resource(s)
  -------------------------------------------------------------------    -------------------
                                                      0.000     0.000 f  rst_n
                         net (fo=11, unset)           0.973     0.973    u_ampc_16/rst_n
    SLICE_X8Y65          LUT1 (Prop_lut1_I0_O)        0.124     1.097 r  u_ampc_16/rd_data[7]_i_1/O
                         net (fo=821, routed)         9.396    10.493    p_0_in
    SLICE_X37Y83         FDRE                                         r  pipe_data_in_reg[6][0]/R
  -------------------------------------------------------------------    -------------------

                         (clock clk rise edge)        0.000     0.000 r  <hidden>
                                                      0.000     0.000 r  clk
                         net (fo=901, unset)          0.924     0.924    clk
    SLICE_X37Y83         FDRE                                         r  pipe_data_in_reg[6][0]/C

Slack:                    inf
  Source:                 rst_n
                            (input port)
  Destination:            pipe_data_in_reg[6][2]/R
                            (rising edge-triggered cell FDRE clocked by clk  {rise@0.000ns fall@5.000ns period=10.000ns})
  Path Group:             (none)
  Path Type:              Setup (Max at Slow Process Corner)
  Data Path Delay:        10.493ns  (logic 0.124ns (1.182%)  route 10.369ns (98.818%))
  Logic Levels:           1  (LUT1=1)
  Clock Path Skew:        0.924ns (DCD - SCD + CPR)
    Destination Clock Delay (DCD):    0.924ns
    Source Clock Delay      (SCD):    0.000ns
    Clock Pessimism Removal (CPR):    0.000ns
  Clock Uncertainty:      0.225ns  ((TSJ^2 + TIJ^2)^1/2 + DJ) / 2 + PE + UU
    Total System Jitter     (TSJ):    0.050ns
    Total Input Jitter      (TIJ):    0.000ns
    Discrete Jitter          (DJ):    0.000ns
    Phase Error              (PE):    0.000ns
    User Uncertainty         (UU):    0.200ns

    Location             Delay type                Incr(ns)  Path(ns)    Netlist Resource(s)
  -------------------------------------------------------------------    -------------------
                                                      0.000     0.000 f  rst_n
                         net (fo=11, unset)           0.973     0.973    u_ampc_16/rst_n
    SLICE_X8Y65          LUT1 (Prop_lut1_I0_O)        0.124     1.097 r  u_ampc_16/rd_data[7]_i_1/O
                         net (fo=821, routed)         9.396    10.493    p_0_in
    SLICE_X37Y83         FDRE                                         r  pipe_data_in_reg[6][2]/R
  -------------------------------------------------------------------    -------------------

                         (clock clk rise edge)        0.000     0.000 r  <hidden>
                                                      0.000     0.000 r  clk
                         net (fo=901, unset)          0.924     0.924    clk
    SLICE_X37Y83         FDRE                                         r  pipe_data_in_reg[6][2]/C

Slack:                    inf
  Source:                 rst_n
                            (input port)
  Destination:            pipe_weight_reg[6][2]/R
                            (rising edge-triggered cell FDRE clocked by clk  {rise@0.000ns fall@5.000ns period=10.000ns})
  Path Group:             (none)
  Path Type:              Setup (Max at Slow Process Corner)
  Data Path Delay:        10.493ns  (logic 0.124ns (1.182%)  route 10.369ns (98.818%))
  Logic Levels:           1  (LUT1=1)
  Clock Path Skew:        0.924ns (DCD - SCD + CPR)
    Destination Clock Delay (DCD):    0.924ns
    Source Clock Delay      (SCD):    0.000ns
    Clock Pessimism Removal (CPR):    0.000ns
  Clock Uncertainty:      0.225ns  ((TSJ^2 + TIJ^2)^1/2 + DJ) / 2 + PE + UU
    Total System Jitter     (TSJ):    0.050ns
    Total Input Jitter      (TIJ):    0.000ns
    Discrete Jitter          (DJ):    0.000ns
    Phase Error              (PE):    0.000ns
    User Uncertainty         (UU):    0.200ns

    Location             Delay type                Incr(ns)  Path(ns)    Netlist Resource(s)
  -------------------------------------------------------------------    -------------------
                                                      0.000     0.000 f  rst_n
                         net (fo=11, unset)           0.973     0.973    u_ampc_16/rst_n
    SLICE_X8Y65          LUT1 (Prop_lut1_I0_O)        0.124     1.097 r  u_ampc_16/rd_data[7]_i_1/O
                         net (fo=821, routed)         9.396    10.493    p_0_in
    SLICE_X37Y83         FDRE                                         r  pipe_weight_reg[6][2]/R
  -------------------------------------------------------------------    -------------------

                         (clock clk rise edge)        0.000     0.000 r  <hidden>
                                                      0.000     0.000 r  clk
                         net (fo=901, unset)          0.924     0.924    clk
    SLICE_X37Y83         FDRE                                         r  pipe_weight_reg[6][2]/C

Slack:                    inf
  Source:                 rst_n
                            (input port)
  Destination:            u_ampc_16/acc_out_reg[6][0]/R
                            (rising edge-triggered cell FDRE clocked by clk  {rise@0.000ns fall@5.000ns period=10.000ns})
  Path Group:             (none)
  Path Type:              Setup (Max at Slow Process Corner)
  Data Path Delay:        10.472ns  (logic 0.124ns (1.184%)  route 10.348ns (98.816%))
  Logic Levels:           1  (LUT1=1)
  Clock Path Skew:        0.924ns (DCD - SCD + CPR)
    Destination Clock Delay (DCD):    0.924ns
    Source Clock Delay      (SCD):    0.000ns
    Clock Pessimism Removal (CPR):    0.000ns
  Clock Uncertainty:      0.225ns  ((TSJ^2 + TIJ^2)^1/2 + DJ) / 2 + PE + UU
    Total System Jitter     (TSJ):    0.050ns
    Total Input Jitter      (TIJ):    0.000ns
    Discrete Jitter          (DJ):    0.000ns
    Phase Error              (PE):    0.000ns
    User Uncertainty         (UU):    0.200ns

    Location             Delay type                Incr(ns)  Path(ns)    Netlist Resource(s)
  -------------------------------------------------------------------    -------------------
                                                      0.000     0.000 f  rst_n
                         net (fo=11, unset)           0.973     0.973    u_ampc_16/rst_n
    SLICE_X8Y65          LUT1 (Prop_lut1_I0_O)        0.124     1.097 r  u_ampc_16/rd_data[7]_i_1/O
                         net (fo=821, routed)         9.375    10.472    u_ampc_16/p_0_in
    SLICE_X40Y82         FDRE                                         r  u_ampc_16/acc_out_reg[6][0]/R
  -------------------------------------------------------------------    -------------------

                         (clock clk rise edge)        0.000     0.000 r  <hidden>
                                                      0.000     0.000 r  clk
                         net (fo=901, unset)          0.924     0.924    u_ampc_16/clk
    SLICE_X40Y82         FDRE                                         r  u_ampc_16/acc_out_reg[6][0]/C

Slack:                    inf
  Source:                 rst_n
                            (input port)
  Destination:            u_ampc_16/acc_out_reg[6][1]/R
                            (rising edge-triggered cell FDRE clocked by clk  {rise@0.000ns fall@5.000ns period=10.000ns})
  Path Group:             (none)
  Path Type:              Setup (Max at Slow Process Corner)
  Data Path Delay:        10.472ns  (logic 0.124ns (1.184%)  route 10.348ns (98.816%))
  Logic Levels:           1  (LUT1=1)
  Clock Path Skew:        0.924ns (DCD - SCD + CPR)
    Destination Clock Delay (DCD):    0.924ns
    Source Clock Delay      (SCD):    0.000ns
    Clock Pessimism Removal (CPR):    0.000ns
  Clock Uncertainty:      0.225ns  ((TSJ^2 + TIJ^2)^1/2 + DJ) / 2 + PE + UU
    Total System Jitter     (TSJ):    0.050ns
    Total Input Jitter      (TIJ):    0.000ns
    Discrete Jitter          (DJ):    0.000ns
    Phase Error              (PE):    0.000ns
    User Uncertainty         (UU):    0.200ns

    Location             Delay type                Incr(ns)  Path(ns)    Netlist Resource(s)
  -------------------------------------------------------------------    -------------------
                                                      0.000     0.000 f  rst_n
                         net (fo=11, unset)           0.973     0.973    u_ampc_16/rst_n
    SLICE_X8Y65          LUT1 (Prop_lut1_I0_O)        0.124     1.097 r  u_ampc_16/rd_data[7]_i_1/O
                         net (fo=821, routed)         9.375    10.472    u_ampc_16/p_0_in
    SLICE_X40Y82         FDRE                                         r  u_ampc_16/acc_out_reg[6][1]/R
  -------------------------------------------------------------------    -------------------

                         (clock clk rise edge)        0.000     0.000 r  <hidden>
                                                      0.000     0.000 r  clk
                         net (fo=901, unset)          0.924     0.924    u_ampc_16/clk
    SLICE_X40Y82         FDRE                                         r  u_ampc_16/acc_out_reg[6][1]/C

Slack:                    inf
  Source:                 rst_n
                            (input port)
  Destination:            u_ampc_16/acc_out_reg[6][2]/R
                            (rising edge-triggered cell FDRE clocked by clk  {rise@0.000ns fall@5.000ns period=10.000ns})
  Path Group:             (none)
  Path Type:              Setup (Max at Slow Process Corner)
  Data Path Delay:        10.472ns  (logic 0.124ns (1.184%)  route 10.348ns (98.816%))
  Logic Levels:           1  (LUT1=1)
  Clock Path Skew:        0.924ns (DCD - SCD + CPR)
    Destination Clock Delay (DCD):    0.924ns
    Source Clock Delay      (SCD):    0.000ns
    Clock Pessimism Removal (CPR):    0.000ns
  Clock Uncertainty:      0.225ns  ((TSJ^2 + TIJ^2)^1/2 + DJ) / 2 + PE + UU
    Total System Jitter     (TSJ):    0.050ns
    Total Input Jitter      (TIJ):    0.000ns
    Discrete Jitter          (DJ):    0.000ns
    Phase Error              (PE):    0.000ns
    User Uncertainty         (UU):    0.200ns

    Location             Delay type                Incr(ns)  Path(ns)    Netlist Resource(s)
  -------------------------------------------------------------------    -------------------
                                                      0.000     0.000 f  rst_n
                         net (fo=11, unset)           0.973     0.973    u_ampc_16/rst_n
    SLICE_X8Y65          LUT1 (Prop_lut1_I0_O)        0.124     1.097 r  u_ampc_16/rd_data[7]_i_1/O
                         net (fo=821, routed)         9.375    10.472    u_ampc_16/p_0_in
    SLICE_X40Y82         FDRE                                         r  u_ampc_16/acc_out_reg[6][2]/R
  -------------------------------------------------------------------    -------------------

                         (clock clk rise edge)        0.000     0.000 r  <hidden>
                                                      0.000     0.000 r  clk
                         net (fo=901, unset)          0.924     0.924    u_ampc_16/clk
    SLICE_X40Y82         FDRE                                         r  u_ampc_16/acc_out_reg[6][2]/C

Slack:                    inf
  Source:                 rst_n
                            (input port)
  Destination:            pipe_data_in_reg[9][6]/R
                            (rising edge-triggered cell FDRE clocked by clk  {rise@0.000ns fall@5.000ns period=10.000ns})
  Path Group:             (none)
  Path Type:              Setup (Max at Slow Process Corner)
  Data Path Delay:        10.360ns  (logic 0.124ns (1.197%)  route 10.236ns (98.803%))
  Logic Levels:           1  (LUT1=1)
  Clock Path Skew:        0.924ns (DCD - SCD + CPR)
    Destination Clock Delay (DCD):    0.924ns
    Source Clock Delay      (SCD):    0.000ns
    Clock Pessimism Removal (CPR):    0.000ns
  Clock Uncertainty:      0.225ns  ((TSJ^2 + TIJ^2)^1/2 + DJ) / 2 + PE + UU
    Total System Jitter     (TSJ):    0.050ns
    Total Input Jitter      (TIJ):    0.000ns
    Discrete Jitter          (DJ):    0.000ns
    Phase Error              (PE):    0.000ns
    User Uncertainty         (UU):    0.200ns

    Location             Delay type                Incr(ns)  Path(ns)    Netlist Resource(s)
  -------------------------------------------------------------------    -------------------
                                                      0.000     0.000 f  rst_n
                         net (fo=11, unset)           0.973     0.973    u_ampc_16/rst_n
    SLICE_X8Y65          LUT1 (Prop_lut1_I0_O)        0.124     1.097 r  u_ampc_16/rd_data[7]_i_1/O
                         net (fo=821, routed)         9.263    10.360    p_0_in
    SLICE_X32Y98         FDRE                                         r  pipe_data_in_reg[9][6]/R
  -------------------------------------------------------------------    -------------------

                         (clock clk rise edge)        0.000     0.000 r  <hidden>
                                                      0.000     0.000 r  clk
                         net (fo=901, unset)          0.924     0.924    clk
    SLICE_X32Y98         FDRE                                         r  pipe_data_in_reg[9][6]/C

Slack:                    inf
  Source:                 rst_n
                            (input port)
  Destination:            pipe_data_in_reg[9][7]/R
                            (rising edge-triggered cell FDRE clocked by clk  {rise@0.000ns fall@5.000ns period=10.000ns})
  Path Group:             (none)
  Path Type:              Setup (Max at Slow Process Corner)
  Data Path Delay:        10.360ns  (logic 0.124ns (1.197%)  route 10.236ns (98.803%))
  Logic Levels:           1  (LUT1=1)
  Clock Path Skew:        0.924ns (DCD - SCD + CPR)
    Destination Clock Delay (DCD):    0.924ns
    Source Clock Delay      (SCD):    0.000ns
    Clock Pessimism Removal (CPR):    0.000ns
  Clock Uncertainty:      0.225ns  ((TSJ^2 + TIJ^2)^1/2 + DJ) / 2 + PE + UU
    Total System Jitter     (TSJ):    0.050ns
    Total Input Jitter      (TIJ):    0.000ns
    Discrete Jitter          (DJ):    0.000ns
    Phase Error              (PE):    0.000ns
    User Uncertainty         (UU):    0.200ns

    Location             Delay type                Incr(ns)  Path(ns)    Netlist Resource(s)
  -------------------------------------------------------------------    -------------------
                                                      0.000     0.000 f  rst_n
                         net (fo=11, unset)           0.973     0.973    u_ampc_16/rst_n
    SLICE_X8Y65          LUT1 (Prop_lut1_I0_O)        0.124     1.097 r  u_ampc_16/rd_data[7]_i_1/O
                         net (fo=821, routed)         9.263    10.360    p_0_in
    SLICE_X33Y98         FDRE                                         r  pipe_data_in_reg[9][7]/R
  -------------------------------------------------------------------    -------------------

                         (clock clk rise edge)        0.000     0.000 r  <hidden>
                                                      0.000     0.000 r  clk
                         net (fo=901, unset)          0.924     0.924    clk
    SLICE_X33Y98         FDRE                                         r  pipe_data_in_reg[9][7]/C

Slack:                    inf
  Source:                 rst_n
                            (input port)
  Destination:            u_ampc_8/acc_out_reg[6][0]/R
                            (rising edge-triggered cell FDRE clocked by clk  {rise@0.000ns fall@5.000ns period=10.000ns})
  Path Group:             (none)
  Path Type:              Setup (Max at Slow Process Corner)
  Data Path Delay:        10.327ns  (logic 0.124ns (1.201%)  route 10.203ns (98.799%))
  Logic Levels:           1  (LUT1=1)
  Clock Path Skew:        0.924ns (DCD - SCD + CPR)
    Destination Clock Delay (DCD):    0.924ns
    Source Clock Delay      (SCD):    0.000ns
    Clock Pessimism Removal (CPR):    0.000ns
  Clock Uncertainty:      0.225ns  ((TSJ^2 + TIJ^2)^1/2 + DJ) / 2 + PE + UU
    Total System Jitter     (TSJ):    0.050ns
    Total Input Jitter      (TIJ):    0.000ns
    Discrete Jitter          (DJ):    0.000ns
    Phase Error              (PE):    0.000ns
    User Uncertainty         (UU):    0.200ns

    Location             Delay type                Incr(ns)  Path(ns)    Netlist Resource(s)
  -------------------------------------------------------------------    -------------------
                                                      0.000     0.000 f  rst_n
                         net (fo=11, unset)           0.973     0.973    u_ampc_16/rst_n
    SLICE_X8Y65          LUT1 (Prop_lut1_I0_O)        0.124     1.097 r  u_ampc_16/rd_data[7]_i_1/O
                         net (fo=821, routed)         9.230    10.327    u_ampc_8/SR[0]
    SLICE_X36Y81         FDRE                                         r  u_ampc_8/acc_out_reg[6][0]/R
  -------------------------------------------------------------------    -------------------

                         (clock clk rise edge)        0.000     0.000 r  <hidden>
                                                      0.000     0.000 r  clk
                         net (fo=901, unset)          0.924     0.924    u_ampc_8/clk
    SLICE_X36Y81         FDRE                                         r  u_ampc_8/acc_out_reg[6][0]/C

Slack:                    inf
  Source:                 rst_n
                            (input port)
  Destination:            u_ampc_8/acc_out_reg[6][1]/R
                            (rising edge-triggered cell FDRE clocked by clk  {rise@0.000ns fall@5.000ns period=10.000ns})
  Path Group:             (none)
  Path Type:              Setup (Max at Slow Process Corner)
  Data Path Delay:        10.327ns  (logic 0.124ns (1.201%)  route 10.203ns (98.799%))
  Logic Levels:           1  (LUT1=1)
  Clock Path Skew:        0.924ns (DCD - SCD + CPR)
    Destination Clock Delay (DCD):    0.924ns
    Source Clock Delay      (SCD):    0.000ns
    Clock Pessimism Removal (CPR):    0.000ns
  Clock Uncertainty:      0.225ns  ((TSJ^2 + TIJ^2)^1/2 + DJ) / 2 + PE + UU
    Total System Jitter     (TSJ):    0.050ns
    Total Input Jitter      (TIJ):    0.000ns
    Discrete Jitter          (DJ):    0.000ns
    Phase Error              (PE):    0.000ns
    User Uncertainty         (UU):    0.200ns

    Location             Delay type                Incr(ns)  Path(ns)    Netlist Resource(s)
  -------------------------------------------------------------------    -------------------
                                                      0.000     0.000 f  rst_n
                         net (fo=11, unset)           0.973     0.973    u_ampc_16/rst_n
    SLICE_X8Y65          LUT1 (Prop_lut1_I0_O)        0.124     1.097 r  u_ampc_16/rd_data[7]_i_1/O
                         net (fo=821, routed)         9.230    10.327    u_ampc_8/SR[0]
    SLICE_X36Y81         FDRE                                         r  u_ampc_8/acc_out_reg[6][1]/R
  -------------------------------------------------------------------    -------------------

                         (clock clk rise edge)        0.000     0.000 r  <hidden>
                                                      0.000     0.000 r  clk
                         net (fo=901, unset)          0.924     0.924    u_ampc_8/clk
    SLICE_X36Y81         FDRE                                         r  u_ampc_8/acc_out_reg[6][1]/C

Slack:                    inf
  Source:                 rst_n
                            (input port)
  Destination:            u_ampc_8/acc_out_reg[6][2]/R
                            (rising edge-triggered cell FDRE clocked by clk  {rise@0.000ns fall@5.000ns period=10.000ns})
  Path Group:             (none)
  Path Type:              Setup (Max at Slow Process Corner)
  Data Path Delay:        10.327ns  (logic 0.124ns (1.201%)  route 10.203ns (98.799%))
  Logic Levels:           1  (LUT1=1)
  Clock Path Skew:        0.924ns (DCD - SCD + CPR)
    Destination Clock Delay (DCD):    0.924ns
    Source Clock Delay      (SCD):    0.000ns
    Clock Pessimism Removal (CPR):    0.000ns
  Clock Uncertainty:      0.225ns  ((TSJ^2 + TIJ^2)^1/2 + DJ) / 2 + PE + UU
    Total System Jitter     (TSJ):    0.050ns
    Total Input Jitter      (TIJ):    0.000ns
    Discrete Jitter          (DJ):    0.000ns
    Phase Error              (PE):    0.000ns
    User Uncertainty         (UU):    0.200ns

    Location             Delay type                Incr(ns)  Path(ns)    Netlist Resource(s)
  -------------------------------------------------------------------    -------------------
                                                      0.000     0.000 f  rst_n
                         net (fo=11, unset)           0.973     0.973    u_ampc_16/rst_n
    SLICE_X8Y65          LUT1 (Prop_lut1_I0_O)        0.124     1.097 r  u_ampc_16/rd_data[7]_i_1/O
                         net (fo=821, routed)         9.230    10.327    u_ampc_8/SR[0]
    SLICE_X36Y81         FDRE                                         r  u_ampc_8/acc_out_reg[6][2]/R
  -------------------------------------------------------------------    -------------------

                         (clock clk rise edge)        0.000     0.000 r  <hidden>
                                                      0.000     0.000 r  clk
                         net (fo=901, unset)          0.924     0.924    u_ampc_8/clk
    SLICE_X36Y81         FDRE                                         r  u_ampc_8/acc_out_reg[6][2]/C

Slack:                    inf
  Source:                 rst_n
                            (input port)
  Destination:            pipe_weight_reg[9][5]/R
                            (rising edge-triggered cell FDRE clocked by clk  {rise@0.000ns fall@5.000ns period=10.000ns})
  Path Group:             (none)
  Path Type:              Setup (Max at Slow Process Corner)
  Data Path Delay:        10.260ns  (logic 0.124ns (1.209%)  route 10.136ns (98.791%))
  Logic Levels:           1  (LUT1=1)
  Clock Path Skew:        0.924ns (DCD - SCD + CPR)
    Destination Clock Delay (DCD):    0.924ns
    Source Clock Delay      (SCD):    0.000ns
    Clock Pessimism Removal (CPR):    0.000ns
  Clock Uncertainty:      0.225ns  ((TSJ^2 + TIJ^2)^1/2 + DJ) / 2 + PE + UU
    Total System Jitter     (TSJ):    0.050ns
    Total Input Jitter      (TIJ):    0.000ns
    Discrete Jitter          (DJ):    0.000ns
    Phase Error              (PE):    0.000ns
    User Uncertainty         (UU):    0.200ns

    Location             Delay type                Incr(ns)  Path(ns)    Netlist Resource(s)
  -------------------------------------------------------------------    -------------------
                                                      0.000     0.000 f  rst_n
                         net (fo=11, unset)           0.973     0.973    u_ampc_16/rst_n
    SLICE_X8Y65          LUT1 (Prop_lut1_I0_O)        0.124     1.097 r  u_ampc_16/rd_data[7]_i_1/O
                         net (fo=821, routed)         9.163    10.260    p_0_in
    SLICE_X36Y97         FDRE                                         r  pipe_weight_reg[9][5]/R
  -------------------------------------------------------------------    -------------------

                         (clock clk rise edge)        0.000     0.000 r  <hidden>
                                                      0.000     0.000 r  clk
                         net (fo=901, unset)          0.924     0.924    clk
    SLICE_X36Y97         FDRE                                         r  pipe_weight_reg[9][5]/C

Slack:                    inf
  Source:                 rst_n
                            (input port)
  Destination:            u_ampc_16/acc_out_reg[9][12]/R
                            (rising edge-triggered cell FDRE clocked by clk  {rise@0.000ns fall@5.000ns period=10.000ns})
  Path Group:             (none)
  Path Type:              Setup (Max at Slow Process Corner)
  Data Path Delay:        10.214ns  (logic 0.124ns (1.214%)  route 10.090ns (98.786%))
  Logic Levels:           1  (LUT1=1)
  Clock Path Skew:        0.924ns (DCD - SCD + CPR)
    Destination Clock Delay (DCD):    0.924ns
    Source Clock Delay      (SCD):    0.000ns
    Clock Pessimism Removal (CPR):    0.000ns
  Clock Uncertainty:      0.225ns  ((TSJ^2 + TIJ^2)^1/2 + DJ) / 2 + PE + UU
    Total System Jitter     (TSJ):    0.050ns
    Total Input Jitter      (TIJ):    0.000ns
    Discrete Jitter          (DJ):    0.000ns
    Phase Error              (PE):    0.000ns
    User Uncertainty         (UU):    0.200ns

    Location             Delay type                Incr(ns)  Path(ns)    Netlist Resource(s)
  -------------------------------------------------------------------    -------------------
                                                      0.000     0.000 f  rst_n
                         net (fo=11, unset)           0.973     0.973    u_ampc_16/rst_n
    SLICE_X8Y65          LUT1 (Prop_lut1_I0_O)        0.124     1.097 r  u_ampc_16/rd_data[7]_i_1/O
                         net (fo=821, routed)         9.117    10.214    u_ampc_16/p_0_in
    SLICE_X32Y97         FDRE                                         r  u_ampc_16/acc_out_reg[9][12]/R
  -------------------------------------------------------------------    -------------------

                         (clock clk rise edge)        0.000     0.000 r  <hidden>
                                                      0.000     0.000 r  clk
                         net (fo=901, unset)          0.924     0.924    u_ampc_16/clk
    SLICE_X32Y97         FDRE                                         r  u_ampc_16/acc_out_reg[9][12]/C

Slack:                    inf
  Source:                 rst_n
                            (input port)
  Destination:            u_ampc_16/acc_out_reg[9][13]/R
                            (rising edge-triggered cell FDRE clocked by clk  {rise@0.000ns fall@5.000ns period=10.000ns})
  Path Group:             (none)
  Path Type:              Setup (Max at Slow Process Corner)
  Data Path Delay:        10.214ns  (logic 0.124ns (1.214%)  route 10.090ns (98.786%))
  Logic Levels:           1  (LUT1=1)
  Clock Path Skew:        0.924ns (DCD - SCD + CPR)
    Destination Clock Delay (DCD):    0.924ns
    Source Clock Delay      (SCD):    0.000ns
    Clock Pessimism Removal (CPR):    0.000ns
  Clock Uncertainty:      0.225ns  ((TSJ^2 + TIJ^2)^1/2 + DJ) / 2 + PE + UU
    Total System Jitter     (TSJ):    0.050ns
    Total Input Jitter      (TIJ):    0.000ns
    Discrete Jitter          (DJ):    0.000ns
    Phase Error              (PE):    0.000ns
    User Uncertainty         (UU):    0.200ns

    Location             Delay type                Incr(ns)  Path(ns)    Netlist Resource(s)
  -------------------------------------------------------------------    -------------------
                                                      0.000     0.000 f  rst_n
                         net (fo=11, unset)           0.973     0.973    u_ampc_16/rst_n
    SLICE_X8Y65          LUT1 (Prop_lut1_I0_O)        0.124     1.097 r  u_ampc_16/rd_data[7]_i_1/O
                         net (fo=821, routed)         9.117    10.214    u_ampc_16/p_0_in
    SLICE_X32Y97         FDRE                                         r  u_ampc_16/acc_out_reg[9][13]/R
  -------------------------------------------------------------------    -------------------

                         (clock clk rise edge)        0.000     0.000 r  <hidden>
                                                      0.000     0.000 r  clk
                         net (fo=901, unset)          0.924     0.924    u_ampc_16/clk
    SLICE_X32Y97         FDRE                                         r  u_ampc_16/acc_out_reg[9][13]/C





Min Delay Paths
--------------------------------------------------------------------------------------
Slack:                    inf
  Source:                 data_in[0][0]
                            (input port)
  Destination:            pipe_data_in_reg[0][0]/D
                            (rising edge-triggered cell FDRE clocked by clk  {rise@0.000ns fall@5.000ns period=10.000ns})
  Path Group:             (none)
  Path Type:              Hold (Min at Fast Process Corner)
  Data Path Delay:        0.410ns  (logic 0.000ns (0.000%)  route 0.410ns (100.000%))
  Logic Levels:           0  
  Clock Path Skew:        0.432ns (DCD - SCD - CPR)
    Destination Clock Delay (DCD):    0.432ns
    Source Clock Delay      (SCD):    0.000ns
    Clock Pessimism Removal (CPR):    -0.000ns

    Location             Delay type                Incr(ns)  Path(ns)    Netlist Resource(s)
  -------------------------------------------------------------------    -------------------
                                                      0.000     0.000 r  data_in[0][0]
                         net (fo=0)                   0.410     0.410    data_in[0][0]
    SLICE_X5Y95          FDRE                                         r  pipe_data_in_reg[0][0]/D
  -------------------------------------------------------------------    -------------------

                         (clock clk rise edge)        0.000     0.000 r  <hidden>
                                                      0.000     0.000 r  clk
                         net (fo=901, unset)          0.432     0.432    clk
    SLICE_X5Y95          FDRE                                         r  pipe_data_in_reg[0][0]/C

Slack:                    inf
  Source:                 data_in[0][1]
                            (input port)
  Destination:            pipe_data_in_reg[0][1]/D
                            (rising edge-triggered cell FDRE clocked by clk  {rise@0.000ns fall@5.000ns period=10.000ns})
  Path Group:             (none)
  Path Type:              Hold (Min at Fast Process Corner)
  Data Path Delay:        0.410ns  (logic 0.000ns (0.000%)  route 0.410ns (100.000%))
  Logic Levels:           0  
  Clock Path Skew:        0.432ns (DCD - SCD - CPR)
    Destination Clock Delay (DCD):    0.432ns
    Source Clock Delay      (SCD):    0.000ns
    Clock Pessimism Removal (CPR):    -0.000ns

    Location             Delay type                Incr(ns)  Path(ns)    Netlist Resource(s)
  -------------------------------------------------------------------    -------------------
                                                      0.000     0.000 r  data_in[0][1]
                         net (fo=0)                   0.410     0.410    data_in[0][1]
    SLICE_X7Y91          FDRE                                         r  pipe_data_in_reg[0][1]/D
  -------------------------------------------------------------------    -------------------

                         (clock clk rise edge)        0.000     0.000 r  <hidden>
                                                      0.000     0.000 r  clk
                         net (fo=901, unset)          0.432     0.432    clk
    SLICE_X7Y91          FDRE                                         r  pipe_data_in_reg[0][1]/C

Slack:                    inf
  Source:                 data_in[0][2]
                            (input port)
  Destination:            pipe_data_in_reg[0][2]/D
                            (rising edge-triggered cell FDRE clocked by clk  {rise@0.000ns fall@5.000ns period=10.000ns})
  Path Group:             (none)
  Path Type:              Hold (Min at Fast Process Corner)
  Data Path Delay:        0.410ns  (logic 0.000ns (0.000%)  route 0.410ns (100.000%))
  Logic Levels:           0  
  Clock Path Skew:        0.432ns (DCD - SCD - CPR)
    Destination Clock Delay (DCD):    0.432ns
    Source Clock Delay      (SCD):    0.000ns
    Clock Pessimism Removal (CPR):    -0.000ns

    Location             Delay type                Incr(ns)  Path(ns)    Netlist Resource(s)
  -------------------------------------------------------------------    -------------------
                                                      0.000     0.000 r  data_in[0][2]
                         net (fo=0)                   0.410     0.410    data_in[0][2]
    SLICE_X6Y97          FDRE                                         r  pipe_data_in_reg[0][2]/D
  -------------------------------------------------------------------    -------------------

                         (clock clk rise edge)        0.000     0.000 r  <hidden>
                                                      0.000     0.000 r  clk
                         net (fo=901, unset)          0.432     0.432    clk
    SLICE_X6Y97          FDRE                                         r  pipe_data_in_reg[0][2]/C

Slack:                    inf
  Source:                 data_in[0][3]
                            (input port)
  Destination:            pipe_data_in_reg[0][3]/D
                            (rising edge-triggered cell FDRE clocked by clk  {rise@0.000ns fall@5.000ns period=10.000ns})
  Path Group:             (none)
  Path Type:              Hold (Min at Fast Process Corner)
  Data Path Delay:        0.410ns  (logic 0.000ns (0.000%)  route 0.410ns (100.000%))
  Logic Levels:           0  
  Clock Path Skew:        0.432ns (DCD - SCD - CPR)
    Destination Clock Delay (DCD):    0.432ns
    Source Clock Delay      (SCD):    0.000ns
    Clock Pessimism Removal (CPR):    -0.000ns

    Location             Delay type                Incr(ns)  Path(ns)    Netlist Resource(s)
  -------------------------------------------------------------------    -------------------
                                                      0.000     0.000 r  data_in[0][3]
                         net (fo=0)                   0.410     0.410    data_in[0][3]
    SLICE_X6Y97          FDRE                                         r  pipe_data_in_reg[0][3]/D
  -------------------------------------------------------------------    -------------------

                         (clock clk rise edge)        0.000     0.000 r  <hidden>
                                                      0.000     0.000 r  clk
                         net (fo=901, unset)          0.432     0.432    clk
    SLICE_X6Y97          FDRE                                         r  pipe_data_in_reg[0][3]/C

Slack:                    inf
  Source:                 data_in[0][4]
                            (input port)
  Destination:            pipe_data_in_reg[0][4]/D
                            (rising edge-triggered cell FDRE clocked by clk  {rise@0.000ns fall@5.000ns period=10.000ns})
  Path Group:             (none)
  Path Type:              Hold (Min at Fast Process Corner)
  Data Path Delay:        0.410ns  (logic 0.000ns (0.000%)  route 0.410ns (100.000%))
  Logic Levels:           0  
  Clock Path Skew:        0.432ns (DCD - SCD - CPR)
    Destination Clock Delay (DCD):    0.432ns
    Source Clock Delay      (SCD):    0.000ns
    Clock Pessimism Removal (CPR):    -0.000ns

    Location             Delay type                Incr(ns)  Path(ns)    Netlist Resource(s)
  -------------------------------------------------------------------    -------------------
                                                      0.000     0.000 r  data_in[0][4]
                         net (fo=0)                   0.410     0.410    data_in[0][4]
    SLICE_X6Y97          FDRE                                         r  pipe_data_in_reg[0][4]/D
  -------------------------------------------------------------------    -------------------

                         (clock clk rise edge)        0.000     0.000 r  <hidden>
                                                      0.000     0.000 r  clk
                         net (fo=901, unset)          0.432     0.432    clk
    SLICE_X6Y97          FDRE                                         r  pipe_data_in_reg[0][4]/C

Slack:                    inf
  Source:                 data_in[0][5]
                            (input port)
  Destination:            pipe_data_in_reg[0][5]/D
                            (rising edge-triggered cell FDRE clocked by clk  {rise@0.000ns fall@5.000ns period=10.000ns})
  Path Group:             (none)
  Path Type:              Hold (Min at Fast Process Corner)
  Data Path Delay:        0.410ns  (logic 0.000ns (0.000%)  route 0.410ns (100.000%))
  Logic Levels:           0  
  Clock Path Skew:        0.432ns (DCD - SCD - CPR)
    Destination Clock Delay (DCD):    0.432ns
    Source Clock Delay      (SCD):    0.000ns
    Clock Pessimism Removal (CPR):    -0.000ns

    Location             Delay type                Incr(ns)  Path(ns)    Netlist Resource(s)
  -------------------------------------------------------------------    -------------------
                                                      0.000     0.000 r  data_in[0][5]
                         net (fo=0)                   0.410     0.410    data_in[0][5]
    SLICE_X7Y97          FDRE                                         r  pipe_data_in_reg[0][5]/D
  -------------------------------------------------------------------    -------------------

                         (clock clk rise edge)        0.000     0.000 r  <hidden>
                                                      0.000     0.000 r  clk
                         net (fo=901, unset)          0.432     0.432    clk
    SLICE_X7Y97          FDRE                                         r  pipe_data_in_reg[0][5]/C

Slack:                    inf
  Source:                 data_in[0][6]
                            (input port)
  Destination:            pipe_data_in_reg[0][6]/D
                            (rising edge-triggered cell FDRE clocked by clk  {rise@0.000ns fall@5.000ns period=10.000ns})
  Path Group:             (none)
  Path Type:              Hold (Min at Fast Process Corner)
  Data Path Delay:        0.410ns  (logic 0.000ns (0.000%)  route 0.410ns (100.000%))
  Logic Levels:           0  
  Clock Path Skew:        0.432ns (DCD - SCD - CPR)
    Destination Clock Delay (DCD):    0.432ns
    Source Clock Delay      (SCD):    0.000ns
    Clock Pessimism Removal (CPR):    -0.000ns

    Location             Delay type                Incr(ns)  Path(ns)    Netlist Resource(s)
  -------------------------------------------------------------------    -------------------
                                                      0.000     0.000 r  data_in[0][6]
                         net (fo=0)                   0.410     0.410    data_in[0][6]
    SLICE_X9Y96          FDRE                                         r  pipe_data_in_reg[0][6]/D
  -------------------------------------------------------------------    -------------------

                         (clock clk rise edge)        0.000     0.000 r  <hidden>
                                                      0.000     0.000 r  clk
                         net (fo=901, unset)          0.432     0.432    clk
    SLICE_X9Y96          FDRE                                         r  pipe_data_in_reg[0][6]/C

Slack:                    inf
  Source:                 data_in[0][7]
                            (input port)
  Destination:            pipe_data_in_reg[0][7]/D
                            (rising edge-triggered cell FDRE clocked by clk  {rise@0.000ns fall@5.000ns period=10.000ns})
  Path Group:             (none)
  Path Type:              Hold (Min at Fast Process Corner)
  Data Path Delay:        0.410ns  (logic 0.000ns (0.000%)  route 0.410ns (100.000%))
  Logic Levels:           0  
  Clock Path Skew:        0.432ns (DCD - SCD - CPR)
    Destination Clock Delay (DCD):    0.432ns
    Source Clock Delay      (SCD):    0.000ns
    Clock Pessimism Removal (CPR):    -0.000ns

    Location             Delay type                Incr(ns)  Path(ns)    Netlist Resource(s)
  -------------------------------------------------------------------    -------------------
                                                      0.000     0.000 r  data_in[0][7]
                         net (fo=0)                   0.410     0.410    data_in[0][7]
    SLICE_X6Y97          FDRE                                         r  pipe_data_in_reg[0][7]/D
  -------------------------------------------------------------------    -------------------

                         (clock clk rise edge)        0.000     0.000 r  <hidden>
                                                      0.000     0.000 r  clk
                         net (fo=901, unset)          0.432     0.432    clk
    SLICE_X6Y97          FDRE                                         r  pipe_data_in_reg[0][7]/C

Slack:                    inf
  Source:                 data_in[10][0]
                            (input port)
  Destination:            pipe_data_in_reg[10][0]/D
                            (rising edge-triggered cell FDRE clocked by clk  {rise@0.000ns fall@5.000ns period=10.000ns})
  Path Group:             (none)
  Path Type:              Hold (Min at Fast Process Corner)
  Data Path Delay:        0.410ns  (logic 0.000ns (0.000%)  route 0.410ns (100.000%))
  Logic Levels:           0  
  Clock Path Skew:        0.432ns (DCD - SCD - CPR)
    Destination Clock Delay (DCD):    0.432ns
    Source Clock Delay      (SCD):    0.000ns
    Clock Pessimism Removal (CPR):    -0.000ns

    Location             Delay type                Incr(ns)  Path(ns)    Netlist Resource(s)
  -------------------------------------------------------------------    -------------------
                                                      0.000     0.000 r  data_in[10][0]
                         net (fo=0)                   0.410     0.410    data_in[10][0]
    SLICE_X34Y90         FDRE                                         r  pipe_data_in_reg[10][0]/D
  -------------------------------------------------------------------    -------------------

                         (clock clk rise edge)        0.000     0.000 r  <hidden>
                                                      0.000     0.000 r  clk
                         net (fo=901, unset)          0.432     0.432    clk
    SLICE_X34Y90         FDRE                                         r  pipe_data_in_reg[10][0]/C

Slack:                    inf
  Source:                 data_in[10][1]
                            (input port)
  Destination:            pipe_data_in_reg[10][1]/D
                            (rising edge-triggered cell FDRE clocked by clk  {rise@0.000ns fall@5.000ns period=10.000ns})
  Path Group:             (none)
  Path Type:              Hold (Min at Fast Process Corner)
  Data Path Delay:        0.410ns  (logic 0.000ns (0.000%)  route 0.410ns (100.000%))
  Logic Levels:           0  
  Clock Path Skew:        0.432ns (DCD - SCD - CPR)
    Destination Clock Delay (DCD):    0.432ns
    Source Clock Delay      (SCD):    0.000ns
    Clock Pessimism Removal (CPR):    -0.000ns

    Location             Delay type                Incr(ns)  Path(ns)    Netlist Resource(s)
  -------------------------------------------------------------------    -------------------
                                                      0.000     0.000 r  data_in[10][1]
                         net (fo=0)                   0.410     0.410    data_in[10][1]
    SLICE_X33Y88         FDRE                                         r  pipe_data_in_reg[10][1]/D
  -------------------------------------------------------------------    -------------------

                         (clock clk rise edge)        0.000     0.000 r  <hidden>
                                                      0.000     0.000 r  clk
                         net (fo=901, unset)          0.432     0.432    clk
    SLICE_X33Y88         FDRE                                         r  pipe_data_in_reg[10][1]/C

Slack:                    inf
  Source:                 data_in[10][2]
                            (input port)
  Destination:            pipe_data_in_reg[10][2]/D
                            (rising edge-triggered cell FDRE clocked by clk  {rise@0.000ns fall@5.000ns period=10.000ns})
  Path Group:             (none)
  Path Type:              Hold (Min at Fast Process Corner)
  Data Path Delay:        0.410ns  (logic 0.000ns (0.000%)  route 0.410ns (100.000%))
  Logic Levels:           0  
  Clock Path Skew:        0.432ns (DCD - SCD - CPR)
    Destination Clock Delay (DCD):    0.432ns
    Source Clock Delay      (SCD):    0.000ns
    Clock Pessimism Removal (CPR):    -0.000ns

    Location             Delay type                Incr(ns)  Path(ns)    Netlist Resource(s)
  -------------------------------------------------------------------    -------------------
                                                      0.000     0.000 r  data_in[10][2]
                         net (fo=0)                   0.410     0.410    data_in[10][2]
    SLICE_X36Y93         FDRE                                         r  pipe_data_in_reg[10][2]/D
  -------------------------------------------------------------------    -------------------

                         (clock clk rise edge)        0.000     0.000 r  <hidden>
                                                      0.000     0.000 r  clk
                         net (fo=901, unset)          0.432     0.432    clk
    SLICE_X36Y93         FDRE                                         r  pipe_data_in_reg[10][2]/C

Slack:                    inf
  Source:                 data_in[10][3]
                            (input port)
  Destination:            pipe_data_in_reg[10][3]/D
                            (rising edge-triggered cell FDRE clocked by clk  {rise@0.000ns fall@5.000ns period=10.000ns})
  Path Group:             (none)
  Path Type:              Hold (Min at Fast Process Corner)
  Data Path Delay:        0.410ns  (logic 0.000ns (0.000%)  route 0.410ns (100.000%))
  Logic Levels:           0  
  Clock Path Skew:        0.432ns (DCD - SCD - CPR)
    Destination Clock Delay (DCD):    0.432ns
    Source Clock Delay      (SCD):    0.000ns
    Clock Pessimism Removal (CPR):    -0.000ns

    Location             Delay type                Incr(ns)  Path(ns)    Netlist Resource(s)
  -------------------------------------------------------------------    -------------------
                                                      0.000     0.000 r  data_in[10][3]
                         net (fo=0)                   0.410     0.410    data_in[10][3]
    SLICE_X37Y92         FDRE                                         r  pipe_data_in_reg[10][3]/D
  -------------------------------------------------------------------    -------------------

                         (clock clk rise edge)        0.000     0.000 r  <hidden>
                                                      0.000     0.000 r  clk
                         net (fo=901, unset)          0.432     0.432    clk
    SLICE_X37Y92         FDRE                                         r  pipe_data_in_reg[10][3]/C

Slack:                    inf
  Source:                 data_in[10][4]
                            (input port)
  Destination:            pipe_data_in_reg[10][4]/D
                            (rising edge-triggered cell FDRE clocked by clk  {rise@0.000ns fall@5.000ns period=10.000ns})
  Path Group:             (none)
  Path Type:              Hold (Min at Fast Process Corner)
  Data Path Delay:        0.410ns  (logic 0.000ns (0.000%)  route 0.410ns (100.000%))
  Logic Levels:           0  
  Clock Path Skew:        0.432ns (DCD - SCD - CPR)
    Destination Clock Delay (DCD):    0.432ns
    Source Clock Delay      (SCD):    0.000ns
    Clock Pessimism Removal (CPR):    -0.000ns

    Location             Delay type                Incr(ns)  Path(ns)    Netlist Resource(s)
  -------------------------------------------------------------------    -------------------
                                                      0.000     0.000 r  data_in[10][4]
                         net (fo=0)                   0.410     0.410    data_in[10][4]
    SLICE_X36Y92         FDRE                                         r  pipe_data_in_reg[10][4]/D
  -------------------------------------------------------------------    -------------------

                         (clock clk rise edge)        0.000     0.000 r  <hidden>
                                                      0.000     0.000 r  clk
                         net (fo=901, unset)          0.432     0.432    clk
    SLICE_X36Y92         FDRE                                         r  pipe_data_in_reg[10][4]/C

Slack:                    inf
  Source:                 data_in[10][5]
                            (input port)
  Destination:            pipe_data_in_reg[10][5]/D
                            (rising edge-triggered cell FDRE clocked by clk  {rise@0.000ns fall@5.000ns period=10.000ns})
  Path Group:             (none)
  Path Type:              Hold (Min at Fast Process Corner)
  Data Path Delay:        0.410ns  (logic 0.000ns (0.000%)  route 0.410ns (100.000%))
  Logic Levels:           0  
  Clock Path Skew:        0.432ns (DCD - SCD - CPR)
    Destination Clock Delay (DCD):    0.432ns
    Source Clock Delay      (SCD):    0.000ns
    Clock Pessimism Removal (CPR):    -0.000ns

    Location             Delay type                Incr(ns)  Path(ns)    Netlist Resource(s)
  -------------------------------------------------------------------    -------------------
                                                      0.000     0.000 r  data_in[10][5]
                         net (fo=0)                   0.410     0.410    data_in[10][5]
    SLICE_X34Y90         FDRE                                         r  pipe_data_in_reg[10][5]/D
  -------------------------------------------------------------------    -------------------

                         (clock clk rise edge)        0.000     0.000 r  <hidden>
                                                      0.000     0.000 r  clk
                         net (fo=901, unset)          0.432     0.432    clk
    SLICE_X34Y90         FDRE                                         r  pipe_data_in_reg[10][5]/C

Slack:                    inf
  Source:                 data_in[10][6]
                            (input port)
  Destination:            pipe_data_in_reg[10][6]/D
                            (rising edge-triggered cell FDRE clocked by clk  {rise@0.000ns fall@5.000ns period=10.000ns})
  Path Group:             (none)
  Path Type:              Hold (Min at Fast Process Corner)
  Data Path Delay:        0.410ns  (logic 0.000ns (0.000%)  route 0.410ns (100.000%))
  Logic Levels:           0  
  Clock Path Skew:        0.432ns (DCD - SCD - CPR)
    Destination Clock Delay (DCD):    0.432ns
    Source Clock Delay      (SCD):    0.000ns
    Clock Pessimism Removal (CPR):    -0.000ns

    Location             Delay type                Incr(ns)  Path(ns)    Netlist Resource(s)
  -------------------------------------------------------------------    -------------------
                                                      0.000     0.000 r  data_in[10][6]
                         net (fo=0)                   0.410     0.410    data_in[10][6]
    SLICE_X36Y92         FDRE                                         r  pipe_data_in_reg[10][6]/D
  -------------------------------------------------------------------    -------------------

                         (clock clk rise edge)        0.000     0.000 r  <hidden>
                                                      0.000     0.000 r  clk
                         net (fo=901, unset)          0.432     0.432    clk
    SLICE_X36Y92         FDRE                                         r  pipe_data_in_reg[10][6]/C

Slack:                    inf
  Source:                 data_in[10][7]
                            (input port)
  Destination:            pipe_data_in_reg[10][7]/D
                            (rising edge-triggered cell FDRE clocked by clk  {rise@0.000ns fall@5.000ns period=10.000ns})
  Path Group:             (none)
  Path Type:              Hold (Min at Fast Process Corner)
  Data Path Delay:        0.410ns  (logic 0.000ns (0.000%)  route 0.410ns (100.000%))
  Logic Levels:           0  
  Clock Path Skew:        0.432ns (DCD - SCD - CPR)
    Destination Clock Delay (DCD):    0.432ns
    Source Clock Delay      (SCD):    0.000ns
    Clock Pessimism Removal (CPR):    -0.000ns

    Location             Delay type                Incr(ns)  Path(ns)    Netlist Resource(s)
  -------------------------------------------------------------------    -------------------
                                                      0.000     0.000 r  data_in[10][7]
                         net (fo=0)                   0.410     0.410    data_in[10][7]
    SLICE_X34Y90         FDRE                                         r  pipe_data_in_reg[10][7]/D
  -------------------------------------------------------------------    -------------------

                         (clock clk rise edge)        0.000     0.000 r  <hidden>
                                                      0.000     0.000 r  clk
                         net (fo=901, unset)          0.432     0.432    clk
    SLICE_X34Y90         FDRE                                         r  pipe_data_in_reg[10][7]/C

Slack:                    inf
  Source:                 data_in[11][0]
                            (input port)
  Destination:            pipe_data_in_reg[11][0]/D
                            (rising edge-triggered cell FDRE clocked by clk  {rise@0.000ns fall@5.000ns period=10.000ns})
  Path Group:             (none)
  Path Type:              Hold (Min at Fast Process Corner)
  Data Path Delay:        0.410ns  (logic 0.000ns (0.000%)  route 0.410ns (100.000%))
  Logic Levels:           0  
  Clock Path Skew:        0.432ns (DCD - SCD - CPR)
    Destination Clock Delay (DCD):    0.432ns
    Source Clock Delay      (SCD):    0.000ns
    Clock Pessimism Removal (CPR):    -0.000ns

    Location             Delay type                Incr(ns)  Path(ns)    Netlist Resource(s)
  -------------------------------------------------------------------    -------------------
                                                      0.000     0.000 r  data_in[11][0]
                         net (fo=0)                   0.410     0.410    data_in[11][0]
    SLICE_X29Y90         FDRE                                         r  pipe_data_in_reg[11][0]/D
  -------------------------------------------------------------------    -------------------

                         (clock clk rise edge)        0.000     0.000 r  <hidden>
                                                      0.000     0.000 r  clk
                         net (fo=901, unset)          0.432     0.432    clk
    SLICE_X29Y90         FDRE                                         r  pipe_data_in_reg[11][0]/C

Slack:                    inf
  Source:                 data_in[11][1]
                            (input port)
  Destination:            pipe_data_in_reg[11][1]/D
                            (rising edge-triggered cell FDRE clocked by clk  {rise@0.000ns fall@5.000ns period=10.000ns})
  Path Group:             (none)
  Path Type:              Hold (Min at Fast Process Corner)
  Data Path Delay:        0.410ns  (logic 0.000ns (0.000%)  route 0.410ns (100.000%))
  Logic Levels:           0  
  Clock Path Skew:        0.432ns (DCD - SCD - CPR)
    Destination Clock Delay (DCD):    0.432ns
    Source Clock Delay      (SCD):    0.000ns
    Clock Pessimism Removal (CPR):    -0.000ns

    Location             Delay type                Incr(ns)  Path(ns)    Netlist Resource(s)
  -------------------------------------------------------------------    -------------------
                                                      0.000     0.000 r  data_in[11][1]
                         net (fo=0)                   0.410     0.410    data_in[11][1]
    SLICE_X29Y89         FDRE                                         r  pipe_data_in_reg[11][1]/D
  -------------------------------------------------------------------    -------------------

                         (clock clk rise edge)        0.000     0.000 r  <hidden>
                                                      0.000     0.000 r  clk
                         net (fo=901, unset)          0.432     0.432    clk
    SLICE_X29Y89         FDRE                                         r  pipe_data_in_reg[11][1]/C

Slack:                    inf
  Source:                 data_in[11][2]
                            (input port)
  Destination:            pipe_data_in_reg[11][2]/D
                            (rising edge-triggered cell FDRE clocked by clk  {rise@0.000ns fall@5.000ns period=10.000ns})
  Path Group:             (none)
  Path Type:              Hold (Min at Fast Process Corner)
  Data Path Delay:        0.410ns  (logic 0.000ns (0.000%)  route 0.410ns (100.000%))
  Logic Levels:           0  
  Clock Path Skew:        0.432ns (DCD - SCD - CPR)
    Destination Clock Delay (DCD):    0.432ns
    Source Clock Delay      (SCD):    0.000ns
    Clock Pessimism Removal (CPR):    -0.000ns

    Location             Delay type                Incr(ns)  Path(ns)    Netlist Resource(s)
  -------------------------------------------------------------------    -------------------
                                                      0.000     0.000 r  data_in[11][2]
                         net (fo=0)                   0.410     0.410    data_in[11][2]
    SLICE_X31Y92         FDRE                                         r  pipe_data_in_reg[11][2]/D
  -------------------------------------------------------------------    -------------------

                         (clock clk rise edge)        0.000     0.000 r  <hidden>
                                                      0.000     0.000 r  clk
                         net (fo=901, unset)          0.432     0.432    clk
    SLICE_X31Y92         FDRE                                         r  pipe_data_in_reg[11][2]/C

Slack:                    inf
  Source:                 data_in[11][3]
                            (input port)
  Destination:            pipe_data_in_reg[11][3]/D
                            (rising edge-triggered cell FDRE clocked by clk  {rise@0.000ns fall@5.000ns period=10.000ns})
  Path Group:             (none)
  Path Type:              Hold (Min at Fast Process Corner)
  Data Path Delay:        0.410ns  (logic 0.000ns (0.000%)  route 0.410ns (100.000%))
  Logic Levels:           0  
  Clock Path Skew:        0.432ns (DCD - SCD - CPR)
    Destination Clock Delay (DCD):    0.432ns
    Source Clock Delay      (SCD):    0.000ns
    Clock Pessimism Removal (CPR):    -0.000ns

    Location             Delay type                Incr(ns)  Path(ns)    Netlist Resource(s)
  -------------------------------------------------------------------    -------------------
                                                      0.000     0.000 r  data_in[11][3]
                         net (fo=0)                   0.410     0.410    data_in[11][3]
    SLICE_X28Y89         FDRE                                         r  pipe_data_in_reg[11][3]/D
  -------------------------------------------------------------------    -------------------

                         (clock clk rise edge)        0.000     0.000 r  <hidden>
                                                      0.000     0.000 r  clk
                         net (fo=901, unset)          0.432     0.432    clk
    SLICE_X28Y89         FDRE                                         r  pipe_data_in_reg[11][3]/C





